customerID,BeginDate,EndDate,Type,PaperlessBilling,PaymentMethod,MonthlyCharges,TotalCharges,gender,SeniorCitizen,Partner,Dependents,InternetService,OnlineSecurity,OnlineBackup,DeviceProtection,TechSupport,StreamingTV,StreamingMovies,MultipleLines,Churn,EndDate_Calc,Tenure_Days
7590-VHVEG,2020-01-01,No,Month-to-month,Yes,Electronic_check,29.85,29.85,Female,0,Yes,No,DSL,No,Yes,No,No,No,No,No,0,2020-02-01,31
5575-GNVDE,2017-04-01,No,One_year,No,Mailed_check,56.95,1889.5,Male,0,No,No,DSL,Yes,No,Yes,No,No,No,No,0,2020-02-01,1036
3668-QPYBK,2019-10-01,2019-12-01 00:00:00,Month-to-month,Yes,Mailed_check,53.85,108.15,Male,0,No,No,DSL,Yes,Yes,No,No,No,No,No,1,2019-12-01,61
7795-CFOCW,2016-05-01,No,One_year,No,Bank_transfer_(automatic),42.3,1840.75,Male,0,No,No,DSL,Yes,No,Yes,Yes,No,No,No,0,2020-02-01,1371
9237-HQITU,2019-09-01,2019-11-01 00:00:00,Month-to-month,Yes,Electronic_check,70.7,151.65,Female,0,No,No,Fiber_optic,No,No,No,No,No,No,No,1,2019-11-01,61
9305-CDSKC,2019-03-01,2019-11-01 00:00:00,Month-to-month,Yes,Electronic_check,99.65,820.5,Female,0,No,No,Fiber_optic,No,No,Yes,No,Yes,Yes,Yes,1,2019-11-01,245
1452-KIOVK,2018-04-01,No,Month-to-month,Yes,Credit_card_(automatic),89.1,1949.4,Male,0,No,Yes,Fiber_optic,No,Yes,No,No,Yes,No,Yes,0,2020-02-01,671
6713-OKOMC,2019-04-01,No,Month-to-month,No,Mailed_check,29.75,301.9,Female,0,No,No,DSL,Yes,No,No,No,No,No,No,0,2020-02-01,306
7892-POOKP,2017-07-01,2019-11-01 00:00:00,Month-to-month,Yes,Electronic_check,104.8,3046.05,Female,0,Yes,No,Fiber_optic,No,No,Yes,Yes,Yes,Yes,Yes,1,2019-11-01,853
6388-TABGU,2014-12-01,No,One_year,No,Bank_transfer_(automatic),56.15,3487.95,Male,0,No,Yes,DSL,Yes,Yes,No,No,No,No,No,0,2020-02-01,1888
9763-GRSKD,2019-01-01,No,Month-to-month,Yes,Mailed_check,49.95,587.45,Male,0,Yes,Yes,DSL,Yes,No,No,No,No,No,No,0,2020-02-01,396
7469-LKBCI,2018-10-01,No,Two_year,No,Credit_card_(automatic),18.95,326.8,Male,0,No,No,No,No,No,No,No,No,No,No,0,2020-02-01,488
8091-TTVAX,2015-04-01,No,One_year,No,Credit_card_(automatic),100.35,5681.1,Male,0,Yes,No,Fiber_optic,No,No,Yes,No,Yes,Yes,Yes,0,2020-02-01,1767
0280-XJGEX,2015-09-01,2019-10-01 00:00:00,Month-to-month,Yes,Bank_transfer_(automatic),103.7,5036.3,Male,0,No,No,Fiber_optic,No,Yes,Yes,No,Yes,Yes,Yes,1,2019-10-01,1491
5129-JLPIS,2018-01-01,No,Month-to-month,Yes,Electronic_check,105.5,2686.05,Male,0,No,No,Fiber_optic,Yes,No,Yes,Yes,Yes,Yes,No,0,2020-02-01,761
3655-SNQYZ,2014-05-01,No,Two_year,No,Credit_card_(automatic),113.25,7895.15,Female,0,Yes,Yes,Fiber_optic,Yes,Yes,Yes,Yes,Yes,Yes,Yes,0,2020-02-01,2102
8191-XWSZG,2015-10-01,No,One_year,No,Mailed_check,20.65,1022.95,Female,0,No,No,No,No,No,No,No,No,No,No,0,2020-02-01,1584
9959-WOFKT,2014-03-01,No,Two_year,No,Bank_transfer_(automatic),106.7,7382.25,Male,0,No,Yes,Fiber_optic,Yes,No,Yes,No,Yes,Yes,Yes,0,2020-02-01,2163
4190-MFLUW,2019-01-01,2019-11-01 00:00:00,Month-to-month,No,Credit_card_(automatic),55.2,528.35,Female,0,Yes,Yes,DSL,No,No,Yes,Yes,No,No,No,1,2019-11-01,304
4183-MYFRB,2018-05-01,No,Month-to-month,Yes,Electronic_check,90.05,1862.9,Female,0,No,No,Fiber_optic,No,Yes,Yes,No,No,Yes,No,0,2020-02-01,641
8779-QRDMV,2019-11-01,2019-12-01 00:00:00,Month-to-month,Yes,Electronic_check,39.65,39.65,Male,1,No,No,DSL,No,No,Yes,No,No,Yes,No,1,2019-12-01,30
1680-VDCWW,2019-02-01,No,One_year,No,Bank_transfer_(automatic),19.8,202.25,Male,0,Yes,No,No,No,No,No,No,No,No,No,0,2020-02-01,365
1066-JKSGK,2019-11-01,2019-12-01 00:00:00,Month-to-month,No,Mailed_check,20.15,20.15,Male,0,No,No,No,No,No,No,No,No,No,No,1,2019-12-01,30
3638-WEABW,2015-04-01,No,Two_year,Yes,Credit_card_(automatic),59.9,3505.1,Female,0,Yes,No,DSL,No,Yes,No,Yes,No,No,Yes,0,2020-02-01,1767
6322-HRPFA,2016-01-01,No,Month-to-month,No,Credit_card_(automatic),59.6,2970.3,Male,0,Yes,Yes,DSL,Yes,Yes,No,Yes,No,No,No,0,2020-02-01,1492
6865-JZNKO,2017-08-01,No,Month-to-month,Yes,Bank_transfer_(automatic),55.3,1530.6,Female,0,No,No,DSL,Yes,Yes,No,No,No,No,No,0,2020-02-01,914
6467-CHFZW,2015-12-01,2019-11-01 00:00:00,Month-to-month,Yes,Electronic_check,99.35,4749.15,Male,0,Yes,Yes,Fiber_optic,No,Yes,No,No,Yes,Yes,Yes,1,2019-11-01,1431
8665-UTDHZ,2019-11-01,2019-12-01 00:00:00,Month-to-month,No,Electronic_check,30.2,30.2,Male,0,Yes,Yes,DSL,No,Yes,No,No,No,No,No,1,2019-12-01,30
5248-YGIJN,2014-02-01,No,Two_year,Yes,Credit_card_(automatic),90.25,6369.45,Male,0,Yes,No,DSL,Yes,Yes,Yes,Yes,Yes,Yes,Yes,0,2020-02-01,2191
8773-HHUOZ,2018-06-01,2019-11-01 00:00:00,Month-to-month,Yes,Mailed_check,64.7,1093.1,Female,0,No,Yes,DSL,No,No,No,No,Yes,Yes,No,1,2019-11-01,518
3841-NFECX,2014-03-01,No,Two_year,Yes,Credit_card_(automatic),96.35,6766.95,Female,1,Yes,No,Fiber_optic,Yes,Yes,Yes,Yes,No,No,Yes,0,2020-02-01,2163
4929-XIHVW,2019-12-01,No,Month-to-month,Yes,Credit_card_(automatic),95.5,181.65,Male,1,Yes,No,Fiber_optic,No,No,Yes,No,Yes,Yes,No,0,2020-02-01,62
6827-IEAUQ,2017-11-01,No,One_year,No,Mailed_check,66.15,1874.45,Female,0,Yes,Yes,DSL,Yes,Yes,Yes,Yes,No,No,No,0,2020-02-01,822
7310-EGVHZ,2020-01-01,No,Month-to-month,No,Bank_transfer_(automatic),20.2,20.2,Male,0,No,No,No,No,No,No,No,No,No,No,0,2020-02-01,31
3413-BMNZE,2020-01-01,No,Month-to-month,No,Bank_transfer_(automatic),45.25,45.25,Male,1,No,No,DSL,No,No,No,No,No,No,No,0,2020-02-01,31
6234-RAAPL,2014-02-01,No,Two_year,No,Bank_transfer_(automatic),99.9,7251.7,Female,0,Yes,Yes,Fiber_optic,Yes,Yes,No,Yes,Yes,No,Yes,0,2020-02-01,2191
6047-YHPVI,2019-06-01,2019-11-01 00:00:00,Month-to-month,Yes,Electronic_check,69.7,316.9,Male,0,No,No,Fiber_optic,No,No,No,No,No,No,No,1,2019-11-01,153
6572-ADKRS,2016-04-01,No,Month-to-month,Yes,Credit_card_(automatic),74.8,3548.3,Female,0,No,No,Fiber_optic,No,No,Yes,No,No,No,No,0,2020-02-01,1401
5380-WJKOV,2017-02-01,2019-12-01 00:00:00,Month-to-month,Yes,Electronic_check,106.35,3549.25,Male,0,No,No,Fiber_optic,No,Yes,Yes,No,Yes,Yes,Yes,1,2019-12-01,1033
8168-UQWWF,2018-12-01,2019-11-01 00:00:00,Month-to-month,Yes,Bank_transfer_(automatic),97.85,1105.4,Female,0,No,No,Fiber_optic,No,No,Yes,No,Yes,Yes,Yes,1,2019-11-01,335
8865-TNMNX,2019-04-01,No,One_year,No,Mailed_check,49.55,475.7,Male,0,Yes,Yes,DSL,No,Yes,No,No,No,No,No,0,2020-02-01,306
9489-DEDVP,2014-04-01,No,Two_year,Yes,Credit_card_(automatic),69.2,4872.35,Female,0,Yes,Yes,DSL,Yes,Yes,No,No,Yes,No,Yes,0,2020-02-01,2132
9867-JCZSP,2018-09-01,No,One_year,No,Mailed_check,20.75,418.25,Female,0,Yes,Yes,No,No,No,No,No,No,No,No,0,2020-02-01,518
4671-VJLCL,2014-11-01,No,Two_year,Yes,Credit_card_(automatic),79.85,4861.45,Female,0,No,No,DSL,Yes,Yes,Yes,Yes,Yes,No,Yes,0,2020-02-01,1918
4080-IIARD,2019-01-01,No,Month-to-month,Yes,Electronic_check,76.2,981.45,Female,0,Yes,No,DSL,Yes,Yes,No,Yes,Yes,No,Yes,0,2020-02-01,396
3714-NTNFO,2016-01-01,No,Month-to-month,Yes,Electronic_check,84.5,3906.7,Female,0,No,No,Fiber_optic,No,No,No,No,No,Yes,Yes,0,2020-02-01,1492
5948-UJZLF,2019-12-01,No,Month-to-month,No,Mailed_check,49.25,97.0,Male,0,No,No,DSL,No,Yes,No,No,No,No,No,0,2020-02-01,62
7760-OYPDY,2019-11-01,2020-01-01 00:00:00,Month-to-month,Yes,Electronic_check,80.65,144.15,Female,0,No,No,Fiber_optic,No,No,No,No,Yes,No,No,1,2020-01-01,61
7639-LIAYI,2015-10-01,No,Two_year,Yes,Credit_card_(automatic),79.75,4217.8,Male,0,No,No,DSL,Yes,No,No,Yes,Yes,Yes,Yes,0,2020-02-01,1584
2954-PIBKO,2014-05-01,No,Two_year,Yes,Credit_card_(automatic),64.15,4254.1,Female,0,Yes,Yes,DSL,Yes,No,Yes,Yes,No,No,Yes,0,2020-02-01,2102
8012-SOUDQ,2016-07-01,No,Month-to-month,Yes,Electronic_check,90.25,3838.75,Female,1,No,No,Fiber_optic,No,Yes,No,No,Yes,No,Yes,0,2020-02-01,1310
9420-LOJKX,2018-09-01,2019-12-01 00:00:00,Month-to-month,Yes,Credit_card_(automatic),99.1,1426.4,Female,0,No,No,Fiber_optic,Yes,Yes,No,No,Yes,Yes,No,1,2019-12-01,456
6575-SUVOI,2018-01-01,No,Month-to-month,Yes,Credit_card_(automatic),69.5,1752.65,Female,1,Yes,No,DSL,Yes,No,No,Yes,Yes,No,Yes,0,2020-02-01,761
7495-OOKFY,2019-03-01,2019-11-01 00:00:00,Month-to-month,Yes,Credit_card_(automatic),80.65,633.3,Female,1,Yes,No,Fiber_optic,No,Yes,No,No,No,No,Yes,1,2019-11-01,245
4667-QONEA,2015-02-01,No,One_year,Yes,Credit_card_(automatic),74.85,4456.35,Female,1,Yes,Yes,DSL,Yes,Yes,Yes,Yes,No,Yes,No,0,2020-02-01,1826
1658-BYGOY,2018-07-01,2020-01-01 00:00:00,Month-to-month,Yes,Electronic_check,95.45,1752.55,Male,1,No,No,Fiber_optic,No,No,No,No,Yes,Yes,Yes,1,2020-01-01,549
8769-KKTPH,2014-11-01,No,One_year,Yes,Credit_card_(automatic),99.65,6311.2,Female,0,Yes,Yes,Fiber_optic,Yes,No,No,No,Yes,Yes,Yes,0,2020-02-01,1918
5067-XJQFU,2014-08-01,No,One_year,Yes,Electronic_check,108.45,7076.35,Male,1,Yes,Yes,Fiber_optic,No,Yes,Yes,Yes,Yes,Yes,Yes,0,2020-02-01,2010
3957-SQXML,2017-04-01,No,Two_year,No,Credit_card_(automatic),24.95,894.3,Female,0,Yes,Yes,No,No,No,No,No,No,No,Yes,0,2020-02-01,1036
5954-BDFSG,2014-02-01,No,Two_year,Yes,Credit_card_(automatic),107.5,7853.7,Female,0,No,No,Fiber_optic,No,No,Yes,Yes,Yes,Yes,Yes,0,2020-02-01,2191
0434-CSFON,2016-03-01,No,Month-to-month,Yes,Electronic_check,100.5,4707.1,Female,0,Yes,No,Fiber_optic,No,No,Yes,No,Yes,Yes,Yes,0,2020-02-01,1432
1215-FIGMP,2015-02-01,No,Month-to-month,Yes,Bank_transfer_(automatic),89.9,5450.7,Male,0,No,No,Fiber_optic,No,Yes,No,No,Yes,No,Yes,0,2020-02-01,1826
0526-SXDJP,2014-02-01,No,Two_year,No,Bank_transfer_(automatic),42.1,2962.0,Male,0,Yes,No,DSL,Yes,Yes,Yes,No,No,No,No,0,2020-02-01,2191
0557-ASKVU,2018-08-01,No,One_year,Yes,Credit_card_(automatic),54.4,957.1,Female,0,Yes,Yes,DSL,No,No,Yes,Yes,No,No,No,0,2020-02-01,549
5698-BQJOH,2019-04-01,2020-01-01 00:00:00,Month-to-month,No,Electronic_check,94.4,857.25,Female,0,No,No,Fiber_optic,No,No,No,No,Yes,Yes,Yes,1,2020-01-01,275
5122-CYFXA,2019-11-01,No,Month-to-month,Yes,Electronic_check,75.3,244.1,Female,0,No,No,DSL,No,Yes,No,Yes,Yes,Yes,No,0,2020-02-01,92
8627-ZYGSZ,2016-03-01,No,One_year,Yes,Electronic_check,78.9,3650.35,Male,0,Yes,No,Fiber_optic,No,Yes,No,No,No,No,Yes,0,2020-02-01,1432
3410-YOQBQ,2017-07-01,No,Two_year,No,Mailed_check,79.2,2497.2,Female,0,No,No,DSL,No,Yes,Yes,Yes,Yes,Yes,No,0,2020-02-01,945
3170-NMYVV,2015-12-01,No,Two_year,No,Bank_transfer_(automatic),20.15,930.9,Female,0,Yes,Yes,No,No,No,No,No,No,No,No,0,2020-02-01,1523
7410-OIEDU,2019-04-01,No,Month-to-month,Yes,Mailed_check,79.85,887.35,Male,0,No,No,Fiber_optic,Yes,No,Yes,No,No,No,No,0,2020-02-01,306
2273-QCKXA,2020-01-01,No,Month-to-month,No,Mailed_check,49.05,49.05,Male,0,No,No,DSL,No,No,No,Yes,No,No,No,0,2020-02-01,31
0731-EBJQB,2015-10-01,No,One_year,Yes,Electronic_check,20.4,1090.65,Female,0,Yes,Yes,No,No,No,No,No,No,No,No,0,2020-02-01,1584
1891-QRQSA,2014-10-01,No,Two_year,Yes,Bank_transfer_(automatic),111.6,7099.0,Male,1,Yes,Yes,Fiber_optic,Yes,No,Yes,Yes,Yes,Yes,Yes,0,2020-02-01,1949
8028-PNXHQ,2014-12-01,No,Two_year,Yes,Bank_transfer_(automatic),24.25,1424.6,Male,0,Yes,Yes,No,No,No,No,No,No,No,Yes,0,2020-02-01,1888
5630-AHZIL,2019-11-01,No,Month-to-month,Yes,Bank_transfer_(automatic),64.5,177.4,Female,0,No,Yes,DSL,Yes,No,No,Yes,No,Yes,No,0,2020-02-01,92
2673-CXQEU,2015-06-01,No,One_year,No,Electronic_check,110.5,6139.5,Female,1,No,No,Fiber_optic,Yes,Yes,Yes,No,Yes,Yes,Yes,0,2020-02-01,1706
6416-JNVRK,2016-04-01,No,One_year,No,Credit_card_(automatic),55.65,2688.85,Female,0,No,No,DSL,No,No,No,No,No,Yes,No,0,2020-02-01,1401
5590-ZSKRV,2019-06-01,No,Month-to-month,No,Mailed_check,54.65,482.25,Female,0,Yes,Yes,DSL,Yes,Yes,No,No,No,No,No,0,2020-02-01,245
0191-ZHSKZ,2017-08-01,No,Month-to-month,Yes,Electronic_check,74.75,2111.3,Male,1,No,No,DSL,Yes,Yes,No,No,Yes,Yes,No,0,2020-02-01,914
3887-PBQAO,2016-05-01,No,One_year,Yes,Credit_card_(automatic),25.9,1216.6,Female,0,Yes,Yes,No,No,No,No,No,No,No,Yes,0,2020-02-01,1371
5919-TMRGD,2019-11-01,2019-12-01 00:00:00,Month-to-month,Yes,Electronic_check,79.35,79.35,Female,0,No,Yes,Fiber_optic,No,No,No,No,Yes,No,No,1,2019-12-01,30
8108-UXRQN,2019-03-01,No,Month-to-month,No,Electronic_check,50.55,565.35,Female,0,Yes,Yes,DSL,Yes,No,No,No,Yes,Yes,No,0,2020-02-01,337
9191-MYQKX,2019-03-01,2019-10-01 00:00:00,Month-to-month,Yes,Bank_transfer_(automatic),75.15,496.9,Female,0,Yes,No,Fiber_optic,No,No,Yes,No,No,No,No,1,2019-10-01,214
9919-YLNNG,2016-08-01,No,Month-to-month,Yes,Bank_transfer_(automatic),103.8,4327.5,Female,0,No,No,Fiber_optic,No,Yes,Yes,Yes,Yes,Yes,No,0,2020-02-01,1279
0318-ZOPWS,2016-01-01,No,Two_year,Yes,Bank_transfer_(automatic),20.15,973.35,Female,0,Yes,No,No,No,No,No,No,No,No,No,0,2020-02-01,1492
4445-ZJNMU,2019-05-01,No,Month-to-month,Yes,Credit_card_(automatic),99.3,918.75,Male,0,No,No,Fiber_optic,No,Yes,No,No,Yes,Yes,Yes,0,2020-02-01,276
4808-YNLEU,2017-03-01,No,One_year,Yes,Bank_transfer_(automatic),62.15,2215.45,Female,0,Yes,No,DSL,Yes,No,No,No,Yes,No,No,0,2020-02-01,1067
1862-QRWPE,2016-02-01,No,Two_year,No,Bank_transfer_(automatic),20.65,1057.0,Female,0,Yes,Yes,No,No,No,No,No,No,No,No,0,2020-02-01,1461
2796-NNUFI,2016-04-01,No,Two_year,Yes,Mailed_check,19.95,927.1,Female,0,Yes,Yes,No,No,No,No,No,No,No,No,0,2020-02-01,1401
3016-KSVCP,2017-09-01,No,Month-to-month,No,Mailed_check,33.75,1009.25,Male,0,Yes,No,DSL,No,No,No,No,Yes,No,No,0,2020-02-01,883
4767-HZZHQ,2017-08-01,No,Month-to-month,No,Bank_transfer_(automatic),82.05,2570.2,Male,0,Yes,Yes,Fiber_optic,No,Yes,Yes,No,No,No,No,0,2020-02-01,914
2424-WVHPL,2020-01-01,No,Month-to-month,No,Electronic_check,74.7,74.7,Male,1,No,No,Fiber_optic,No,No,No,Yes,No,No,No,0,2020-02-01,31
7233-PAHHL,2014-08-01,No,Two_year,Yes,Mailed_check,84.0,5714.25,Male,0,Yes,Yes,DSL,Yes,No,Yes,Yes,Yes,Yes,Yes,0,2020-02-01,2010
6067-NGCEU,2014-09-01,No,Month-to-month,Yes,Credit_card_(automatic),111.05,7107.0,Female,0,No,No,Fiber_optic,Yes,Yes,Yes,No,Yes,Yes,Yes,0,2020-02-01,1979
9848-JQJTX,2014-02-01,No,Two_year,Yes,Bank_transfer_(automatic),100.9,7459.05,Male,0,No,No,Fiber_optic,No,Yes,Yes,No,Yes,Yes,Yes,0,2020-02-01,2191
8637-XJIVR,2018-12-01,2019-12-01 00:00:00,Month-to-month,Yes,Electronic_check,78.95,927.35,Female,0,No,No,Fiber_optic,Yes,No,No,No,No,No,Yes,1,2019-12-01,365
9803-FTJCG,2014-03-01,No,One_year,Yes,Credit_card_(automatic),66.85,4748.7,Male,0,Yes,Yes,DSL,Yes,Yes,No,Yes,No,No,Yes,0,2020-02-01,2163
0278-YXOOG,2019-06-01,2019-11-01 00:00:00,Month-to-month,No,Mailed_check,21.05,113.85,Male,0,No,No,No,No,No,No,No,No,No,No,1,2019-11-01,153
3212-KXOCR,2015-10-01,No,Two_year,No,Bank_transfer_(automatic),21.0,1107.2,Male,0,No,No,No,No,No,No,No,No,No,No,0,2020-02-01,1584
4598-XLKNJ,2017-12-01,2020-01-01 00:00:00,Month-to-month,Yes,Electronic_check,98.5,2514.5,Female,1,Yes,No,Fiber_optic,No,Yes,Yes,No,Yes,Yes,No,1,2020-01-01,761
6380-ARCEH,2020-01-01,No,Month-to-month,No,Mailed_check,20.2,20.2,Male,0,No,No,No,No,No,No,No,No,No,No,0,2020-02-01,31
3679-XASPY,2020-01-01,No,Month-to-month,No,Electronic_check,19.45,19.45,Female,0,Yes,Yes,No,No,No,No,No,No,No,No,0,2020-02-01,31
7123-WQUHX,2016-12-01,No,One_year,No,Bank_transfer_(automatic),95.0,3605.6,Male,0,No,No,Fiber_optic,No,No,Yes,Yes,Yes,No,Yes,0,2020-02-01,1157
5386-THSLQ,2014-08-01,No,One_year,No,Bank_transfer_(automatic),45.55,3027.25,Female,1,Yes,No,DSL,No,Yes,Yes,No,Yes,No,No,0,2020-02-01,2010
3192-NQECA,2014-03-01,2019-11-01 00:00:00,Two_year,Yes,Bank_transfer_(automatic),110.0,7611.85,Male,0,Yes,No,Fiber_optic,No,Yes,Yes,Yes,Yes,Yes,Yes,1,2019-11-01,2071
6180-YBIQI,2019-09-01,No,Month-to-month,No,Mailed_check,24.3,100.2,Male,0,No,No,DSL,No,No,No,No,No,No,No,0,2020-02-01,153
6728-DKUCO,2014-02-01,No,One_year,Yes,Electronic_check,104.15,7303.05,Female,0,Yes,Yes,Fiber_optic,Yes,Yes,No,No,Yes,Yes,Yes,0,2020-02-01,2191
9750-BOOHV,2017-06-01,No,One_year,No,Mailed_check,30.15,927.65,Female,0,No,No,DSL,Yes,No,No,No,No,No,No,0,2020-02-01,975
8597-CWYHH,2016-07-01,No,One_year,No,Mailed_check,94.35,3921.3,Male,0,No,No,Fiber_optic,No,No,No,No,Yes,Yes,Yes,0,2020-02-01,1310
2848-YXSMW,2014-02-01,No,Two_year,No,Credit_card_(automatic),19.4,1363.25,Male,0,Yes,Yes,No,No,No,No,No,No,No,No,0,2020-02-01,2191
0486-HECZI,2015-05-01,2019-12-01 00:00:00,Month-to-month,Yes,Electronic_check,96.75,5238.9,Male,0,Yes,No,Fiber_optic,Yes,Yes,No,No,Yes,No,Yes,1,2019-12-01,1675
4549-ZDQYY,2015-10-01,No,One_year,No,Credit_card_(automatic),57.95,3042.25,Female,0,No,No,DSL,Yes,No,Yes,Yes,No,No,No,0,2020-02-01,1584
5712-AHQNN,2016-07-01,No,Month-to-month,Yes,Electronic_check,91.65,3954.1,Female,0,No,No,Fiber_optic,No,Yes,Yes,No,Yes,No,No,0,2020-02-01,1310
4846-WHAFZ,2016-10-01,2019-11-01 00:00:00,Month-to-month,Yes,Electronic_check,76.5,2868.15,Female,1,Yes,No,Fiber_optic,No,No,No,No,No,No,Yes,1,2019-11-01,1126
5256-SKJGO,2014-10-01,No,Two_year,Yes,Electronic_check,54.6,3423.5,Female,0,Yes,Yes,DSL,No,Yes,No,Yes,Yes,Yes,No,0,2020-02-01,1949
3071-VBYPO,2019-11-01,No,Month-to-month,No,Electronic_check,89.85,248.4,Male,0,Yes,Yes,Fiber_optic,Yes,Yes,No,No,Yes,No,No,0,2020-02-01,92
9560-BBZXK,2017-02-01,No,Two_year,No,Bank_transfer_(automatic),31.05,1126.35,Female,0,No,No,DSL,Yes,No,No,No,No,No,No,0,2020-02-01,1095
5299-RULOA,2019-02-01,2019-12-01 00:00:00,Month-to-month,Yes,Electronic_check,100.25,1064.65,Female,0,Yes,Yes,Fiber_optic,Yes,No,No,No,Yes,Yes,Yes,1,2019-12-01,303
8402-OOOHJ,2016-09-01,No,Two_year,No,Mailed_check,20.65,835.15,Female,0,No,No,No,No,No,No,No,No,No,No,0,2020-02-01,1248
9445-ZUEQE,2017-11-01,No,Month-to-month,Yes,Credit_card_(automatic),85.2,2151.6,Male,0,Yes,Yes,Fiber_optic,No,Yes,No,Yes,No,No,Yes,0,2020-02-01,822
1091-SOZGA,2015-06-01,No,One_year,Yes,Credit_card_(automatic),99.8,5515.45,Female,0,Yes,Yes,Fiber_optic,No,No,Yes,No,Yes,Yes,Yes,0,2020-02-01,1706
2928-HLDBA,2019-08-01,No,Month-to-month,No,Mailed_check,20.7,112.75,Female,0,No,No,No,No,No,No,No,No,No,No,0,2020-02-01,184
0404-SWRVG,2019-09-01,2019-12-01 00:00:00,Month-to-month,Yes,Electronic_check,74.4,229.55,Male,0,No,No,Fiber_optic,No,No,No,No,No,No,Yes,1,2019-12-01,91
6497-TILVL,2019-07-01,No,Month-to-month,No,Mailed_check,50.7,350.35,Female,0,Yes,Yes,DSL,Yes,No,No,No,No,No,No,0,2020-02-01,215
7219-TLZHO,2019-10-01,No,Month-to-month,No,Mailed_check,20.85,62.9,Female,0,Yes,Yes,No,No,No,No,No,No,No,No,0,2020-02-01,123
4622-YNKIJ,2017-05-01,No,Two_year,Yes,Electronic_check,88.95,3027.65,Male,0,No,No,Fiber_optic,Yes,No,No,Yes,Yes,No,No,0,2020-02-01,1006
4412-YLTKF,2017-10-01,2020-01-01 00:00:00,Month-to-month,Yes,Electronic_check,78.05,2135.5,Female,1,No,No,Fiber_optic,No,No,Yes,No,No,No,Yes,1,2020-01-01,822
6734-PSBAW,2014-02-01,No,Two_year,Yes,Bank_transfer_(automatic),23.55,1723.95,Male,0,Yes,No,No,No,No,No,No,No,No,Yes,0,2020-02-01,2191
3930-ZGWVE,2020-01-01,No,Month-to-month,No,Mailed_check,19.75,19.75,Male,0,No,No,No,No,No,No,No,No,No,No,0,2020-02-01,31
2639-UGMAZ,2014-03-01,No,One_year,Yes,Electronic_check,56.45,3985.35,Male,1,No,No,DSL,Yes,Yes,No,No,Yes,Yes,No,0,2020-02-01,2163
2876-GZYZC,2019-01-01,No,Month-to-month,Yes,Electronic_check,85.95,1215.65,Female,0,No,No,Fiber_optic,No,No,No,No,No,Yes,Yes,0,2020-02-01,396
6207-WIOLX,2017-12-01,2020-01-01 00:00:00,Month-to-month,Yes,Credit_card_(automatic),58.6,1502.65,Female,0,Yes,Yes,DSL,Yes,Yes,Yes,No,Yes,Yes,No,1,2020-01-01,761
8587-XYZSF,2014-07-01,No,Two_year,No,Bank_transfer_(automatic),50.55,3260.1,Male,0,No,No,DSL,No,No,No,Yes,No,No,No,0,2020-02-01,2041
3091-FYHKI,2019-12-01,2020-01-01 00:00:00,Month-to-month,Yes,Electronic_check,35.45,35.45,Male,0,No,No,DSL,No,No,No,No,No,Yes,No,1,2020-01-01,31
2372-HWUHI,2019-11-01,2020-01-01 00:00:00,Month-to-month,No,Electronic_check,44.35,81.25,Male,0,No,No,DSL,No,No,No,No,No,No,No,1,2020-01-01,61
7799-LGRDP,2016-07-01,No,Two_year,Yes,Credit_card_(automatic),25.7,1188.2,Female,0,No,No,No,No,No,No,No,No,No,Yes,0,2020-02-01,1310
7850-VWJUU,2018-03-01,No,Month-to-month,Yes,Bank_transfer_(automatic),75.0,1778.5,Female,0,No,No,Fiber_optic,Yes,No,No,No,No,No,No,0,2020-02-01,702
3774-VBNXY,2014-10-01,No,Two_year,No,Mailed_check,20.2,1277.75,Female,0,Yes,Yes,No,No,No,No,No,No,No,No,0,2020-02-01,1949
6217-KDYWC,2015-05-01,No,Two_year,Yes,Mailed_check,19.6,1170.55,Male,0,No,Yes,No,No,No,No,No,No,No,No,0,2020-02-01,1737
0390-DCFDQ,2019-10-01,2019-11-01 00:00:00,Month-to-month,Yes,Mailed_check,70.45,70.45,Female,1,Yes,No,Fiber_optic,No,No,No,No,No,No,No,1,2019-11-01,31
3146-MSEGF,2014-02-01,No,Two_year,Yes,Credit_card_(automatic),88.05,6425.65,Female,1,Yes,Yes,DSL,Yes,Yes,Yes,Yes,Yes,Yes,Yes,0,2020-02-01,2191
4080-OGPJL,2019-02-01,2019-10-01 00:00:00,Month-to-month,No,Electronic_check,71.15,563.65,Female,0,No,No,DSL,Yes,No,No,Yes,No,Yes,Yes,1,2019-10-01,242
1095-WGNGG,2015-01-01,No,Two_year,Yes,Bank_transfer_(automatic),101.05,5971.25,Female,0,Yes,No,Fiber_optic,No,Yes,No,No,Yes,Yes,Yes,0,2020-02-01,1857
2636-SJDOU,2014-10-01,No,One_year,Yes,Credit_card_(automatic),84.3,5289.05,Male,0,No,No,Fiber_optic,Yes,Yes,No,No,No,No,Yes,0,2020-02-01,1949
1131-QQZEB,2014-03-01,No,Two_year,No,Bank_transfer_(automatic),23.95,1756.2,Male,1,Yes,No,No,No,No,No,No,No,No,Yes,0,2020-02-01,2163
5716-EZXZN,2014-09-01,No,Two_year,Yes,Credit_card_(automatic),99.05,6416.7,Female,0,Yes,Yes,Fiber_optic,Yes,Yes,No,Yes,Yes,No,Yes,0,2020-02-01,1979
6837-BJYDQ,2019-11-01,No,One_year,No,Mailed_check,19.6,61.35,Male,0,No,No,No,No,No,No,No,No,No,No,0,2020-02-01,92
2135-RXIHG,2019-12-01,2020-01-01 00:00:00,Month-to-month,Yes,Electronic_check,45.65,45.65,Male,0,No,No,DSL,No,No,No,No,No,No,No,1,2020-01-01,31
6440-DKQGE,2017-08-01,No,One_year,No,Credit_card_(automatic),64.5,1929.95,Male,0,No,Yes,DSL,No,Yes,Yes,No,Yes,No,No,0,2020-02-01,914
3466-BYAVD,2018-11-01,No,Month-to-month,Yes,Mailed_check,69.5,1071.4,Male,0,Yes,Yes,DSL,No,Yes,Yes,Yes,No,Yes,No,0,2020-02-01,457
3780-YVMFA,2019-06-01,No,Month-to-month,Yes,Electronic_check,68.55,564.35,Female,0,Yes,Yes,DSL,No,No,No,Yes,Yes,Yes,No,0,2020-02-01,245
3874-EQOEP,2019-06-01,2020-01-01 00:00:00,Month-to-month,No,Mailed_check,95.0,655.5,Male,0,No,No,Fiber_optic,No,No,No,No,Yes,Yes,Yes,1,2020-01-01,214
1679-JRFBR,2014-04-01,No,One_year,Yes,Credit_card_(automatic),108.15,7930.55,Female,0,Yes,Yes,Fiber_optic,Yes,Yes,Yes,No,Yes,Yes,Yes,0,2020-02-01,2132
9073-ZZIAY,2014-12-01,No,Two_year,No,Electronic_check,86.1,5215.25,Male,0,Yes,Yes,DSL,Yes,Yes,Yes,Yes,Yes,Yes,No,0,2020-02-01,1888
3077-RSNTJ,2019-08-01,No,Month-to-month,No,Mailed_check,19.7,113.5,Female,0,Yes,Yes,No,No,No,No,No,No,No,No,0,2020-02-01,184
6551-GNYDG,2018-12-01,No,Month-to-month,Yes,Bank_transfer_(automatic),80.9,1152.8,Female,0,Yes,Yes,Fiber_optic,No,No,No,No,No,Yes,No,0,2020-02-01,427
9167-APMXZ,2018-04-01,No,Month-to-month,Yes,Bank_transfer_(automatic),84.15,1821.95,Female,0,No,No,Fiber_optic,No,No,No,No,Yes,No,Yes,0,2020-02-01,671
2749-CTKAJ,2018-04-01,No,One_year,No,Mailed_check,20.15,419.9,Male,0,Yes,Yes,No,No,No,No,No,No,No,No,0,2020-02-01,671
6371-NZYEG,2018-10-01,No,Two_year,No,Mailed_check,64.25,1024.0,Male,0,Yes,Yes,DSL,Yes,No,Yes,No,Yes,No,No,0,2020-02-01,488
7554-NEWDD,2019-04-01,No,Two_year,No,Bank_transfer_(automatic),25.7,251.6,Male,0,No,No,No,No,No,No,No,No,No,Yes,0,2020-02-01,306
8992-VONJD,2019-01-01,No,Month-to-month,Yes,Electronic_check,56.0,764.55,Female,0,No,Yes,DSL,Yes,Yes,No,No,No,No,No,0,2020-02-01,396
0867-MKZVY,2018-03-01,2019-11-01 00:00:00,Month-to-month,No,Electronic_check,82.4,1592.35,Female,0,Yes,No,Fiber_optic,Yes,No,No,No,No,No,Yes,1,2019-11-01,610
4482-EWFMI,2019-12-01,No,Month-to-month,Yes,Electronic_check,69.7,135.2,Female,0,No,No,Fiber_optic,No,No,No,No,No,No,No,0,2020-02-01,62
4648-YPBTM,2015-09-01,No,Two_year,Yes,Bank_transfer_(automatic),73.9,3958.25,Male,0,No,No,DSL,No,Yes,Yes,Yes,No,Yes,Yes,0,2020-02-01,1614
2907-ILJBN,2019-03-01,No,One_year,No,Mailed_check,20.6,233.9,Female,0,Yes,Yes,No,No,No,No,No,No,No,No,0,2020-02-01,337
6345-FZOQH,2014-05-01,No,Two_year,No,Mailed_check,19.9,1363.45,Male,0,Yes,No,No,No,No,No,No,No,No,No,0,2020-02-01,2102
3376-BMGFE,2019-07-01,2019-11-01 00:00:00,Month-to-month,Yes,Bank_transfer_(automatic),70.9,273.0,Female,0,No,No,Fiber_optic,No,No,No,No,No,No,No,1,2019-11-01,123
5997-OPVFA,2014-02-01,No,Two_year,Yes,Bank_transfer_(automatic),89.05,6254.45,Male,0,Yes,No,DSL,Yes,Yes,Yes,Yes,Yes,Yes,Yes,0,2020-02-01,2191
3445-HXXGF,2015-03-01,2020-01-01 00:00:00,Month-to-month,Yes,Electronic_check,45.3,2651.2,Male,1,Yes,No,DSL,No,Yes,Yes,No,No,Yes,No,1,2020-01-01,1767
1159-WFSGR,2018-10-01,No,Month-to-month,No,Electronic_check,20.4,321.4,Female,0,Yes,Yes,No,No,No,No,No,No,No,No,0,2020-02-01,488
7654-YWJUF,2016-07-01,No,One_year,Yes,Bank_transfer_(automatic),84.25,3539.25,Male,0,Yes,No,Fiber_optic,Yes,No,Yes,Yes,No,No,No,0,2020-02-01,1310
1875-QIVME,2019-11-01,2020-01-01 00:00:00,Month-to-month,Yes,Electronic_check,104.4,242.8,Female,0,Yes,No,Fiber_optic,No,No,Yes,Yes,Yes,Yes,Yes,1,2020-01-01,61
6727-IOTLZ,2018-12-01,No,Two_year,No,Mailed_check,81.95,1181.75,Male,0,Yes,No,DSL,No,Yes,Yes,Yes,Yes,Yes,No,0,2020-02-01,427
0691-JVSYA,2015-05-01,2019-10-01 00:00:00,One_year,Yes,Bank_transfer_(automatic),94.85,5000.2,Female,0,Yes,No,Fiber_optic,No,No,Yes,No,Yes,Yes,No,1,2019-10-01,1614
5918-VUKWP,2017-06-01,No,One_year,No,Bank_transfer_(automatic),20.55,654.55,Female,0,No,No,No,No,No,No,No,No,No,No,0,2020-02-01,975
1744-JHKYS,2017-04-01,No,Month-to-month,No,Electronic_check,24.7,780.2,Female,0,Yes,No,No,No,No,No,No,No,No,Yes,0,2020-02-01,1036
2656-FMOKZ,2018-07-01,2019-10-01 00:00:00,Month-to-month,Yes,Mailed_check,74.45,1145.7,Female,1,No,No,Fiber_optic,No,No,No,No,No,No,Yes,1,2019-10-01,457
2070-FNEXE,2019-06-01,2020-01-01 00:00:00,Month-to-month,No,Bank_transfer_(automatic),76.45,503.6,Female,1,No,No,Fiber_optic,Yes,No,No,No,No,No,No,1,2020-01-01,214
5947-SGKCL,2018-11-01,No,Month-to-month,Yes,Bank_transfer_(automatic),105.35,1559.25,Female,0,Yes,Yes,Fiber_optic,No,Yes,Yes,No,Yes,Yes,Yes,0,2020-02-01,457
3712-PKXZA,2015-01-01,No,One_year,Yes,Credit_card_(automatic),20.55,1252.0,Male,0,Yes,No,No,No,No,No,No,No,No,No,0,2020-02-01,1857
6317-YPKDH,2019-12-01,2020-01-01 00:00:00,Month-to-month,No,Bank_transfer_(automatic),29.95,29.95,Female,0,No,No,DSL,No,Yes,No,No,No,No,No,1,2020-01-01,31
6582-OIVSP,2020-01-01,No,Month-to-month,No,Mailed_check,45.3,45.3,Female,0,No,No,DSL,No,No,No,No,No,No,No,0,2020-02-01,31
9367-WXLCH,2019-02-01,2019-10-01 00:00:00,Month-to-month,No,Bank_transfer_(automatic),84.5,662.65,Male,0,No,No,Fiber_optic,No,No,No,No,No,Yes,Yes,1,2019-10-01,242
5524-KHNJP,2017-05-01,No,One_year,No,Credit_card_(automatic),74.75,2453.3,Male,0,Yes,Yes,DSL,Yes,No,Yes,No,Yes,Yes,No,0,2020-02-01,1006
1918-ZBFQJ,2018-09-01,2019-10-01 00:00:00,Month-to-month,Yes,Electronic_check,79.25,1111.65,Female,0,No,No,Fiber_optic,No,Yes,Yes,No,No,No,No,1,2019-10-01,395
1024-GUALD,2019-10-01,2019-11-01 00:00:00,Month-to-month,Yes,Electronic_check,24.8,24.8,Female,0,Yes,No,DSL,No,No,No,No,No,No,No,1,2019-11-01,31
4827-USJHP,2018-06-01,No,Month-to-month,Yes,Mailed_check,51.8,1023.85,Male,0,No,No,DSL,No,Yes,No,No,No,No,No,0,2020-02-01,610
8167-GJLRN,2019-11-01,No,Month-to-month,No,Electronic_check,30.4,82.15,Male,0,No,No,DSL,No,No,No,Yes,No,No,No,0,2020-02-01,92
0956-SYCWG,2019-01-01,No,One_year,No,Electronic_check,19.65,244.8,Female,0,No,No,No,No,No,No,No,No,No,No,0,2020-02-01,396
8017-UVSZU,2016-10-01,No,Month-to-month,No,Credit_card_(automatic),56.6,2379.1,Female,0,Yes,No,DSL,No,Yes,No,No,No,No,Yes,0,2020-02-01,1218
7100-FQPRV,2016-07-01,No,One_year,Yes,Credit_card_(automatic),71.9,3173.35,Male,0,Yes,Yes,DSL,Yes,No,No,Yes,No,Yes,Yes,0,2020-02-01,1310
2472-OVKUP,2019-07-01,2020-01-01 00:00:00,Month-to-month,Yes,Electronic_check,91.0,531.0,Male,0,Yes,No,Fiber_optic,No,Yes,Yes,No,No,Yes,No,1,2020-01-01,184
2984-RGEYA,2014-05-01,No,Two_year,No,Bank_transfer_(automatic),19.75,1375.4,Female,0,Yes,Yes,No,No,No,No,No,No,No,No,0,2020-02-01,2102
9680-NIAUV,2014-02-01,No,Two_year,No,Credit_card_(automatic),109.7,8129.3,Female,0,Yes,Yes,Fiber_optic,Yes,Yes,Yes,No,Yes,Yes,Yes,0,2020-02-01,2191
2146-EGVDT,2015-03-01,No,Two_year,No,Credit_card_(automatic),19.3,1192.7,Male,0,Yes,Yes,No,No,No,No,No,No,No,No,0,2020-02-01,1798
2604-IJPDU,2018-06-01,No,Month-to-month,Yes,Electronic_check,96.55,1901.65,Female,0,Yes,No,Fiber_optic,Yes,Yes,No,Yes,Yes,No,No,0,2020-02-01,610
9178-JHUVJ,2018-02-01,No,Two_year,Yes,Bank_transfer_(automatic),24.1,587.4,Male,0,Yes,Yes,No,No,No,No,No,No,No,Yes,0,2020-02-01,730
6168-YBYNP,2015-03-01,No,Month-to-month,Yes,Electronic_check,111.35,6519.75,Male,0,No,No,Fiber_optic,No,Yes,Yes,Yes,Yes,Yes,Yes,0,2020-02-01,1798
7255-SSFBC,2014-02-01,No,Two_year,Yes,Bank_transfer_(automatic),112.25,8041.65,Male,0,Yes,Yes,Fiber_optic,No,Yes,Yes,Yes,Yes,Yes,Yes,0,2020-02-01,2191
3645-DEYGF,2020-01-01,No,Month-to-month,No,Mailed_check,20.75,20.75,Male,0,No,Yes,No,No,No,No,No,No,No,No,0,2020-02-01,31
9323-HGFWY,2017-11-01,No,One_year,Yes,Credit_card_(automatic),101.9,2681.15,Female,0,Yes,No,Fiber_optic,Yes,No,No,Yes,Yes,Yes,No,0,2020-02-01,822
8544-GOQSH,2018-12-01,No,Month-to-month,Yes,Credit_card_(automatic),80.05,1112.3,Female,0,No,No,Fiber_optic,No,Yes,No,Yes,No,No,No,0,2020-02-01,427
3363-DTIVD,2014-03-01,No,Two_year,No,Electronic_check,105.55,7405.5,Male,0,Yes,Yes,Fiber_optic,Yes,No,Yes,No,Yes,Yes,Yes,0,2020-02-01,2163
7018-WBJNK,2019-01-01,No,Month-to-month,Yes,Credit_card_(automatic),78.3,1033.95,Male,0,No,Yes,Fiber_optic,No,No,No,No,Yes,No,No,0,2020-02-01,396
9142-KZXOP,2016-06-01,No,Month-to-month,No,Credit_card_(automatic),68.85,2958.95,Male,0,No,No,Fiber_optic,No,No,No,No,No,No,No,0,2020-02-01,1340
7674-YTAFD,2017-05-01,No,One_year,Yes,Bank_transfer_(automatic),79.95,2684.85,Female,0,No,No,Fiber_optic,No,Yes,No,Yes,No,No,No,0,2020-02-01,1006
6348-SNFUS,2014-02-01,No,Two_year,Yes,Credit_card_(automatic),55.45,4179.2,Male,0,Yes,Yes,DSL,Yes,Yes,Yes,Yes,No,Yes,No,0,2020-02-01,2191
1285-OKIPP,2019-12-01,2020-01-01 00:00:00,Month-to-month,No,Electronic_check,79.9,79.9,Male,0,No,No,Fiber_optic,No,No,No,No,No,Yes,No,1,2020-01-01,31
7825-ECJRF,2018-06-01,2020-01-01 00:00:00,Month-to-month,Yes,Electronic_check,106.6,1934.45,Female,0,No,No,Fiber_optic,Yes,No,Yes,Yes,Yes,Yes,No,1,2020-01-01,579
1347-KTTTA,2014-10-01,No,One_year,Yes,Credit_card_(automatic),102.45,6654.1,Male,0,Yes,No,Fiber_optic,No,Yes,Yes,Yes,Yes,Yes,No,0,2020-02-01,1949
7841-TZDMQ,2019-10-01,2019-12-01 00:00:00,Month-to-month,Yes,Credit_card_(automatic),46.0,84.5,Male,0,No,No,DSL,No,No,No,No,No,No,No,1,2019-12-01,61
4195-NZGTA,2020-01-01,No,Month-to-month,No,Electronic_check,25.25,25.25,Female,0,No,No,DSL,No,No,No,No,No,No,No,0,2020-02-01,31
7157-SMCFK,2015-01-01,No,Two_year,No,Mailed_check,19.75,1124.2,Male,0,No,Yes,No,No,No,No,No,No,No,No,0,2020-02-01,1857
4709-LKHYG,2017-09-01,No,One_year,No,Electronic_check,20.0,540.05,Female,0,Yes,Yes,No,No,No,No,No,No,No,No,0,2020-02-01,883
2504-DSHIH,2018-03-01,No,Month-to-month,No,Electronic_check,86.8,1975.85,Male,1,Yes,No,Fiber_optic,No,No,No,No,No,Yes,Yes,0,2020-02-01,702
0699-NDKJM,2015-05-01,No,Month-to-month,Yes,Bank_transfer_(automatic),58.75,3437.45,Female,0,Yes,No,DSL,Yes,Yes,Yes,No,Yes,Yes,No,0,2020-02-01,1737
9286-BHDQG,2014-02-01,No,Two_year,No,Credit_card_(automatic),45.25,3139.8,Male,0,Yes,Yes,DSL,Yes,Yes,Yes,Yes,No,No,No,0,2020-02-01,2191
0230-WEQUW,2014-08-01,No,Two_year,Yes,Bank_transfer_(automatic),56.6,3789.2,Male,0,Yes,No,DSL,Yes,Yes,Yes,Yes,Yes,No,No,0,2020-02-01,2010
2040-LDIWQ,2014-09-01,No,Two_year,Yes,Bank_transfer_(automatic),84.2,5324.5,Male,0,Yes,Yes,DSL,No,Yes,Yes,Yes,Yes,Yes,Yes,0,2020-02-01,1979
6496-JDSSB,2019-06-01,No,Month-to-month,Yes,Bank_transfer_(automatic),80.0,624.6,Female,0,No,No,Fiber_optic,No,No,No,No,Yes,No,No,0,2020-02-01,245
9408-SSNVZ,2019-09-01,2020-01-01 00:00:00,Month-to-month,Yes,Electronic_check,70.15,268.35,Female,0,No,No,Fiber_optic,No,No,No,No,No,No,No,1,2020-01-01,122
4443-EMBNA,2014-03-01,No,Two_year,No,Bank_transfer_(automatic),24.75,1836.9,Female,0,Yes,No,No,No,No,No,No,No,No,Yes,0,2020-02-01,2163
6469-MRVET,2020-01-01,No,One_year,Yes,Electronic_check,20.2,20.2,Male,0,Yes,Yes,No,No,No,No,No,No,No,No,0,2020-02-01,31
0742-MOABM,2019-07-01,2019-11-01 00:00:00,Month-to-month,No,Mailed_check,50.05,179.35,Male,0,Yes,No,DSL,No,No,No,Yes,No,No,No,1,2019-11-01,123
5961-VUSRV,2019-02-01,No,One_year,Yes,Bank_transfer_(automatic),19.35,219.35,Female,0,No,No,No,No,No,No,No,No,No,No,0,2020-02-01,365
6778-JFCMK,2018-02-01,No,One_year,Yes,Mailed_check,50.6,1288.75,Male,0,No,No,DSL,Yes,No,No,No,Yes,Yes,No,0,2020-02-01,730
6341-JVQGF,2017-07-01,No,One_year,Yes,Mailed_check,81.15,2545.75,Female,0,Yes,Yes,DSL,Yes,No,Yes,Yes,Yes,Yes,No,0,2020-02-01,945
2232-DMLXU,2019-12-01,2020-01-01 00:00:00,Month-to-month,No,Mailed_check,55.2,55.2,Female,0,Yes,No,DSL,No,No,No,No,Yes,No,No,1,2020-01-01,31
4811-JBUVU,2017-08-01,No,Month-to-month,Yes,Credit_card_(automatic),89.9,2723.15,Male,0,No,No,Fiber_optic,No,No,No,Yes,No,Yes,Yes,0,2020-02-01,914
0945-TSONX,2016-03-01,No,Two_year,Yes,Credit_card_(automatic),85.3,4107.25,Female,0,Yes,Yes,DSL,Yes,Yes,No,Yes,Yes,Yes,Yes,0,2020-02-01,1432
2651-ZCBXV,2015-08-01,No,Two_year,Yes,Credit_card_(automatic),108.0,5760.65,Male,0,No,No,Fiber_optic,Yes,Yes,No,Yes,Yes,Yes,Yes,0,2020-02-01,1645
3316-UWXUY,2015-12-01,No,Month-to-month,Yes,Credit_card_(automatic),93.5,4747.5,Male,0,No,No,Fiber_optic,Yes,Yes,No,Yes,No,Yes,No,0,2020-02-01,1523
8937-RDTHP,2019-10-01,2019-11-01 00:00:00,Month-to-month,Yes,Mailed_check,84.6,84.6,Male,0,No,No,Fiber_optic,Yes,No,No,No,No,Yes,No,1,2019-11-01,31
7083-MIOPC,2014-02-01,No,Two_year,No,Credit_card_(automatic),20.25,1566.9,Female,0,No,No,No,No,No,No,No,No,No,No,0,2020-02-01,2191
1984-GPTEH,2017-09-01,No,Month-to-month,No,Electronic_check,25.15,702.0,Female,0,No,No,No,No,No,No,No,No,No,Yes,0,2020-02-01,883
1251-KRREG,2019-10-01,2019-12-01 00:00:00,Month-to-month,Yes,Mailed_check,54.4,114.1,Male,0,No,No,DSL,No,Yes,No,No,No,No,Yes,1,2019-12-01,61
0621-JFHOL,2019-04-01,No,Two_year,Yes,Mailed_check,29.6,299.05,Female,0,No,No,DSL,No,No,No,Yes,No,No,No,0,2020-02-01,306
9903-LYSAB,2018-08-01,No,Month-to-month,Yes,Electronic_check,73.15,1305.95,Male,0,Yes,No,Fiber_optic,No,No,No,No,No,No,Yes,0,2020-02-01,549
0094-OIFMO,2018-12-01,2019-11-01 00:00:00,Month-to-month,Yes,Electronic_check,95.0,1120.3,Female,1,No,No,Fiber_optic,No,Yes,No,No,Yes,Yes,No,1,2019-11-01,335
9227-UAQFT,2018-10-01,No,Two_year,No,Mailed_check,19.75,284.35,Male,0,No,No,No,No,No,No,No,No,No,No,0,2020-02-01,488
7301-ABVAD,2014-02-01,No,Two_year,No,Bank_transfer_(automatic),86.6,6350.5,Female,0,No,No,DSL,No,Yes,Yes,Yes,Yes,Yes,Yes,0,2020-02-01,2191
6614-FHDBO,2014-02-01,No,Two_year,No,Bank_transfer_(automatic),109.2,7878.3,Male,0,No,No,Fiber_optic,No,Yes,Yes,Yes,Yes,Yes,Yes,0,2020-02-01,2191
7576-ASEJU,2016-09-01,No,One_year,Yes,Credit_card_(automatic),74.7,3187.65,Female,0,Yes,Yes,DSL,Yes,No,No,Yes,Yes,Yes,No,0,2020-02-01,1248
9058-HRZSV,2014-09-01,No,Month-to-month,No,Electronic_check,94.4,6126.15,Female,1,Yes,No,Fiber_optic,Yes,Yes,Yes,No,No,Yes,No,0,2020-02-01,1979
4522-AKYLR,2019-01-01,No,Month-to-month,Yes,Electronic_check,54.8,731.3,Female,1,No,No,DSL,No,Yes,Yes,No,No,No,No,0,2020-02-01,396
0221-WMXNQ,2019-10-01,No,Month-to-month,No,Electronic_check,75.35,273.4,Male,1,No,No,Fiber_optic,Yes,No,No,No,No,No,No,0,2020-02-01,123
0303-UNCIP,2016-09-01,No,One_year,No,Mailed_check,65.0,2531.8,Male,0,No,No,DSL,No,No,Yes,No,No,Yes,Yes,0,2020-02-01,1248
9947-OTFQU,2018-10-01,2020-01-01 00:00:00,Month-to-month,Yes,Electronic_check,74.4,1074.3,Male,1,No,No,Fiber_optic,No,Yes,No,No,No,No,No,1,2020-01-01,457
0322-YINQP,2019-09-01,2019-10-01 00:00:00,Month-to-month,Yes,Mailed_check,48.55,48.55,Male,0,No,No,DSL,Yes,No,No,No,No,No,No,1,2019-10-01,30
0959-WHOKV,2016-08-01,No,One_year,Yes,Electronic_check,99.0,4298.45,Male,0,No,No,Fiber_optic,Yes,Yes,Yes,No,No,Yes,Yes,0,2020-02-01,1279
4075-JFPGR,2015-11-01,No,One_year,Yes,Electronic_check,93.5,4619.55,Female,0,Yes,No,Fiber_optic,Yes,Yes,Yes,No,Yes,No,No,0,2020-02-01,1553
4629-NRXKX,2019-09-01,2019-11-01 00:00:00,Month-to-month,No,Electronic_check,70.4,147.15,Female,0,Yes,Yes,Fiber_optic,No,No,No,No,No,No,No,1,2019-11-01,61
9514-JDSKI,2019-11-01,2019-12-01 00:00:00,Month-to-month,No,Electronic_check,40.2,40.2,Male,1,Yes,No,DSL,No,Yes,No,No,Yes,No,No,1,2019-12-01,30
3282-ZISZV,2017-06-01,No,One_year,No,Credit_card_(automatic),83.7,2633.3,Male,0,No,Yes,DSL,No,Yes,Yes,Yes,Yes,Yes,Yes,0,2020-02-01,975
3675-YDUPJ,2019-04-01,No,Month-to-month,Yes,Mailed_check,19.85,193.05,Male,0,No,No,No,No,No,No,No,No,No,No,0,2020-02-01,306
4111-BNXIF,2014-07-01,No,Two_year,Yes,Electronic_check,59.55,4103.9,Female,0,Yes,Yes,DSL,No,Yes,Yes,Yes,Yes,Yes,No,0,2020-02-01,2041
7017-VFHAY,2015-01-01,No,Two_year,No,Credit_card_(automatic),115.1,7008.15,Female,0,Yes,Yes,Fiber_optic,Yes,Yes,Yes,Yes,Yes,Yes,Yes,0,2020-02-01,1857
6655-LHBYW,2015-12-01,No,One_year,No,Credit_card_(automatic),114.35,5791.1,Male,0,No,No,Fiber_optic,Yes,Yes,Yes,Yes,Yes,Yes,Yes,0,2020-02-01,1523
4959-JOSRX,2019-08-01,2019-10-01 00:00:00,Month-to-month,Yes,Credit_card_(automatic),44.6,80.55,Female,0,Yes,No,DSL,No,No,No,No,No,No,No,1,2019-10-01,61
5046-NUHWD,2017-09-01,No,Month-to-month,Yes,Electronic_check,45.0,1228.65,Female,1,Yes,No,DSL,Yes,No,Yes,No,No,Yes,No,0,2020-02-01,883
7273-TEFQD,2019-08-01,2019-11-01 00:00:00,Month-to-month,Yes,Electronic_check,41.15,132.2,Male,1,No,No,DSL,No,No,Yes,No,No,Yes,No,1,2019-11-01,92
3606-TWKGI,2018-12-01,2020-01-01 00:00:00,Month-to-month,Yes,Electronic_check,106.9,1364.3,Male,1,No,No,Fiber_optic,No,Yes,Yes,No,Yes,Yes,Yes,1,2020-01-01,396
7529-ZDFXI,2015-05-01,No,Month-to-month,Yes,Electronic_check,89.85,4925.35,Male,1,Yes,No,Fiber_optic,No,Yes,No,No,No,Yes,Yes,0,2020-02-01,1737
7605-BDWDC,2017-07-01,No,Two_year,Yes,Bank_transfer_(automatic),49.85,1520.1,Female,0,No,No,DSL,Yes,Yes,No,Yes,No,Yes,No,0,2020-02-01,945
1950-KSVVJ,2016-05-01,No,One_year,No,Mailed_check,113.3,5032.25,Female,0,Yes,No,Fiber_optic,Yes,Yes,Yes,Yes,Yes,Yes,Yes,0,2020-02-01,1371
0123-CRBRT,2015-01-01,No,Two_year,No,Mailed_check,88.1,5526.75,Female,0,Yes,Yes,DSL,Yes,Yes,Yes,Yes,Yes,Yes,Yes,0,2020-02-01,1857
6292-TOSSS,2015-12-01,No,Two_year,No,Bank_transfer_(automatic),24.9,1195.25,Male,0,No,No,No,No,No,No,No,No,No,Yes,0,2020-02-01,1523
3197-ARFOY,2018-07-01,No,Month-to-month,Yes,Mailed_check,105.0,2007.25,Female,1,No,No,Fiber_optic,Yes,Yes,No,Yes,Yes,Yes,No,0,2020-02-01,580
6323-AYBRX,2015-02-01,2020-01-01 00:00:00,Two_year,No,Mailed_check,19.35,1099.6,Male,0,No,No,No,No,No,No,No,No,No,No,1,2020-01-01,1795
7014-ZZXAW,2014-03-01,No,Two_year,Yes,Credit_card_(automatic),24.25,1732.95,Female,0,Yes,No,No,No,No,No,No,No,No,Yes,0,2020-02-01,2163
4385-GZQXV,2018-06-01,2019-10-01 00:00:00,Month-to-month,Yes,Electronic_check,94.45,1511.2,Female,1,No,No,Fiber_optic,No,No,No,Yes,Yes,Yes,No,1,2019-10-01,487
7633-MVPUY,2015-05-01,No,Two_year,Yes,Electronic_check,59.75,3450.15,Male,0,Yes,No,DSL,Yes,Yes,No,Yes,No,No,No,0,2020-02-01,1737
6366-ZGQGL,2019-11-01,2019-12-01 00:00:00,Month-to-month,No,Bank_transfer_(automatic),24.8,24.8,Male,0,No,No,DSL,No,No,No,No,No,No,No,1,2019-12-01,30
4716-HHKQH,2018-06-01,No,Month-to-month,No,Electronic_check,107.05,2172.05,Male,1,Yes,No,Fiber_optic,No,Yes,No,Yes,Yes,Yes,Yes,0,2020-02-01,610
5940-AHUHD,2019-12-01,2020-01-01 00:00:00,Month-to-month,No,Mailed_check,70.6,70.6,Male,0,No,No,Fiber_optic,No,No,No,No,No,No,No,1,2020-01-01,31
6432-TWQLB,2019-05-01,2019-10-01 00:00:00,Month-to-month,Yes,Electronic_check,85.4,401.1,Male,0,Yes,No,Fiber_optic,No,Yes,No,Yes,No,No,Yes,1,2019-10-01,153
4484-GLZOU,2015-09-01,2020-01-01 00:00:00,Month-to-month,Yes,Electronic_check,105.05,5624.85,Female,0,Yes,No,Fiber_optic,No,Yes,Yes,No,Yes,Yes,Yes,1,2020-01-01,1583
3179-GBRWV,2018-05-01,No,Month-to-month,Yes,Bank_transfer_(automatic),64.95,1339.8,Male,1,Yes,No,DSL,Yes,Yes,No,No,No,Yes,No,0,2020-02-01,641
8645-KWHJO,2018-12-01,No,Month-to-month,Yes,Electronic_check,55.0,771.95,Male,0,No,No,DSL,No,No,Yes,Yes,Yes,Yes,No,0,2020-02-01,427
4130-MZLCC,2019-09-01,No,Month-to-month,No,Bank_transfer_(automatic),50.55,244.75,Female,0,No,No,DSL,No,Yes,No,No,No,No,No,0,2020-02-01,153
0314-TKOSI,2019-08-01,No,Month-to-month,No,Mailed_check,55.15,322.9,Female,0,No,No,DSL,Yes,Yes,No,No,No,No,No,0,2020-02-01,184
8229-MYEJZ,2019-04-01,No,Month-to-month,No,Electronic_check,51.2,498.25,Female,0,No,No,DSL,No,Yes,No,No,No,No,No,0,2020-02-01,306
2080-SRCDE,2020-01-01,No,Month-to-month,No,Mailed_check,25.4,25.4,Female,0,No,Yes,No,No,No,No,No,No,No,Yes,0,2020-02-01,31
9577-WJVCQ,2014-06-01,No,Month-to-month,No,Mailed_check,54.45,3687.75,Female,0,No,No,DSL,Yes,No,No,No,No,No,Yes,0,2020-02-01,2071
9512-UIBFX,2018-06-01,2019-12-01 00:00:00,Month-to-month,No,Mailed_check,95.15,1779.95,Male,0,Yes,Yes,Fiber_optic,No,No,Yes,No,Yes,Yes,No,1,2019-12-01,548
6202-DYYFX,2018-04-01,No,One_year,Yes,Credit_card_(automatic),76.0,1783.6,Female,0,No,No,Fiber_optic,No,No,No,No,No,No,Yes,0,2020-02-01,671
3808-HFKDE,2018-06-01,No,Month-to-month,Yes,Electronic_check,44.35,927.15,Female,0,No,No,DSL,No,No,No,No,No,No,No,0,2020-02-01,610
5583-SXDAG,2019-09-01,2019-10-01 00:00:00,Month-to-month,No,Electronic_check,70.0,70.0,Male,0,Yes,No,Fiber_optic,No,No,No,No,No,No,No,1,2019-10-01,30
3488-PGMQJ,2019-02-01,2019-10-01 00:00:00,Month-to-month,Yes,Electronic_check,74.5,606.55,Male,1,No,No,Fiber_optic,No,Yes,No,No,No,No,No,1,2019-10-01,242
3580-REOAC,2019-03-01,2020-01-01 00:00:00,Month-to-month,Yes,Credit_card_(automatic),44.85,435.4,Male,0,No,No,DSL,No,No,No,No,No,No,No,1,2020-01-01,306
7534-BFESC,2017-11-01,2019-11-01 00:00:00,Month-to-month,Yes,Electronic_check,76.1,1712.7,Male,1,No,No,Fiber_optic,No,No,No,No,No,No,Yes,1,2019-11-01,730
3727-OWVYD,2017-03-01,No,One_year,No,Mailed_check,61.2,2021.2,Male,0,No,No,DSL,Yes,Yes,Yes,No,No,No,No,0,2020-02-01,1067
2294-SALNE,2018-03-01,No,One_year,No,Mailed_check,86.8,1940.8,Male,0,Yes,Yes,Fiber_optic,No,Yes,Yes,Yes,No,No,No,0,2020-02-01,702
4847-TAJYI,2019-08-01,No,Month-to-month,Yes,Electronic_check,89.35,567.8,Female,1,No,No,Fiber_optic,No,No,No,No,Yes,Yes,No,0,2020-02-01,184
1563-IWQEX,2019-02-01,No,Month-to-month,No,Mailed_check,19.7,220.35,Female,0,No,No,No,No,No,No,No,No,No,No,0,2020-02-01,365
8203-XJZRC,2020-01-01,No,Month-to-month,No,Mailed_check,20.25,20.25,Male,0,No,No,No,No,No,No,No,No,No,No,0,2020-02-01,31
6556-DBKZF,2014-03-01,No,Two_year,No,Electronic_check,76.05,5436.45,Female,0,Yes,Yes,Fiber_optic,No,No,Yes,No,No,No,No,0,2020-02-01,2163
6851-WEFYX,2017-03-01,No,Month-to-month,Yes,Electronic_check,100.8,3437.5,Male,1,Yes,No,Fiber_optic,No,No,Yes,No,Yes,Yes,Yes,0,2020-02-01,1067
2985-JUUBZ,2016-10-01,No,Month-to-month,Yes,Electronic_check,74.55,3015.75,Male,0,Yes,Yes,DSL,No,No,Yes,No,Yes,Yes,Yes,0,2020-02-01,1218
6390-DSAZX,2019-11-01,2019-12-01 00:00:00,Month-to-month,Yes,Mailed_check,73.6,73.6,Female,0,No,Yes,Fiber_optic,Yes,No,No,No,No,No,No,1,2019-12-01,30
0895-LMRSF,2018-03-01,No,One_year,Yes,Bank_transfer_(automatic),64.9,1509.8,Male,0,No,No,DSL,No,No,No,No,Yes,Yes,No,0,2020-02-01,702
8098-LLAZX,2019-06-01,2019-10-01 00:00:00,Month-to-month,Yes,Electronic_check,95.45,396.1,Female,1,No,No,Fiber_optic,No,No,No,No,Yes,Yes,Yes,1,2019-10-01,122
8266-VBFQL,2019-10-01,No,Month-to-month,Yes,Electronic_check,90.4,356.65,Male,0,No,No,Fiber_optic,No,No,Yes,Yes,No,Yes,No,0,2020-02-01,123
8181-YHCMF,2014-06-01,No,Two_year,No,Credit_card_(automatic),60.3,4109.0,Female,0,Yes,Yes,DSL,No,Yes,Yes,Yes,Yes,Yes,No,0,2020-02-01,2071
2240-HSJQD,2016-12-01,No,Month-to-month,Yes,Mailed_check,81.85,3141.7,Male,0,No,Yes,Fiber_optic,No,Yes,No,No,No,No,Yes,0,2020-02-01,1157
1248-DYXUB,2015-10-01,No,Two_year,No,Mailed_check,24.8,1229.1,Male,0,Yes,Yes,No,No,No,No,No,No,No,Yes,0,2020-02-01,1584
0265-EDXBD,2017-04-01,2019-12-01 00:00:00,Month-to-month,Yes,Electronic_check,74.9,2303.35,Male,1,Yes,No,Fiber_optic,No,No,No,No,No,No,Yes,1,2019-12-01,974
4115-BNPJY,2017-09-01,No,Two_year,No,Mailed_check,75.55,2054.4,Male,0,Yes,Yes,DSL,No,No,Yes,Yes,Yes,Yes,No,0,2020-02-01,883
3167-SNQPL,2016-12-01,No,Month-to-month,No,Electronic_check,101.15,3741.85,Male,1,Yes,Yes,Fiber_optic,No,Yes,No,No,Yes,Yes,Yes,0,2020-02-01,1157
4091-TVOCN,2016-02-01,No,One_year,Yes,Credit_card_(automatic),78.75,3682.45,Male,0,No,Yes,DSL,Yes,No,Yes,No,Yes,Yes,Yes,0,2020-02-01,1461
1098-TDVUQ,2020-01-01,No,Month-to-month,Yes,Bank_transfer_(automatic),19.25,19.25,Female,0,No,No,No,No,No,No,No,No,No,No,0,2020-02-01,31
7277-OZCGZ,2018-04-01,No,Month-to-month,Yes,Electronic_check,89.05,1886.25,Female,0,No,No,Fiber_optic,Yes,No,No,Yes,No,Yes,No,0,2020-02-01,671
1557-EMYVT,2016-07-01,No,Two_year,No,Credit_card_(automatic),115.05,4895.1,Female,0,No,No,Fiber_optic,Yes,Yes,Yes,Yes,Yes,Yes,Yes,0,2020-02-01,1310
2799-ARNLO,2019-09-01,No,Month-to-month,Yes,Electronic_check,69.35,341.6,Female,1,Yes,No,Fiber_optic,No,No,No,No,No,No,No,0,2020-02-01,153
7563-BIUPC,2019-05-01,2019-10-01 00:00:00,Month-to-month,Yes,Electronic_check,80.6,415.55,Male,0,No,No,Fiber_optic,No,No,No,No,Yes,No,No,1,2019-10-01,153
5027-YOCXN,2015-11-01,No,One_year,No,Credit_card_(automatic),110.05,5686.4,Male,0,Yes,Yes,Fiber_optic,Yes,Yes,No,Yes,Yes,Yes,Yes,0,2020-02-01,1553
3973-SKMLN,2014-03-01,No,Two_year,Yes,Credit_card_(automatic),19.9,1355.1,Male,0,No,No,No,No,No,No,No,No,No,No,0,2020-02-01,2163
2321-OMBXY,2016-08-01,2019-10-01 00:00:00,One_year,No,Credit_card_(automatic),80.3,3058.65,Female,0,Yes,Yes,DSL,Yes,Yes,No,Yes,Yes,Yes,No,1,2019-10-01,1156
2840-XANRC,2017-12-01,2019-12-01 00:00:00,Month-to-month,Yes,Electronic_check,93.15,2231.05,Male,1,Yes,No,Fiber_optic,No,No,Yes,No,Yes,Yes,No,1,2019-12-01,730
6745-JEFZB,2017-03-01,No,Month-to-month,Yes,Credit_card_(automatic),91.5,3236.35,Male,0,Yes,No,Fiber_optic,No,No,No,Yes,Yes,No,Yes,0,2020-02-01,1067
5020-ZSTTY,2015-05-01,2019-11-01 00:00:00,One_year,No,Bank_transfer_(automatic),82.45,4350.1,Female,1,No,No,DSL,Yes,Yes,No,Yes,Yes,Yes,Yes,1,2019-11-01,1645
9880-TDQAC,2014-02-01,No,Two_year,Yes,Electronic_check,60.0,4264.0,Female,0,Yes,Yes,DSL,No,Yes,Yes,Yes,Yes,Yes,No,0,2020-02-01,2191
8705-WZCYL,2020-01-01,No,Month-to-month,Yes,Electronic_check,44.8,44.8,Male,0,No,No,DSL,No,No,No,No,No,No,No,0,2020-02-01,31
7102-JJVTX,2019-05-01,No,One_year,No,Mailed_check,48.6,422.3,Female,0,Yes,Yes,DSL,Yes,No,No,No,No,No,No,0,2020-02-01,276
8626-PTQGE,2014-05-01,No,Two_year,Yes,Bank_transfer_(automatic),60.05,4176.7,Male,0,No,No,DSL,Yes,Yes,No,Yes,Yes,Yes,No,0,2020-02-01,2102
4983-CLMLV,2015-10-01,No,Month-to-month,Yes,Credit_card_(automatic),102.7,5138.1,Female,0,Yes,No,Fiber_optic,No,Yes,No,Yes,Yes,Yes,Yes,0,2020-02-01,1584
5701-YVSVF,2019-03-01,No,Month-to-month,Yes,Electronic_check,82.9,880.05,Female,1,Yes,No,Fiber_optic,No,No,No,Yes,Yes,No,No,0,2020-02-01,337
5804-LEPIM,2019-10-01,2019-12-01 00:00:00,Month-to-month,Yes,Electronic_check,70.35,139.05,Female,1,No,No,Fiber_optic,No,No,No,No,No,No,No,1,2019-12-01,61
5697-GOMBF,2017-10-01,No,Month-to-month,Yes,Electronic_check,35.9,973.65,Female,1,Yes,Yes,DSL,No,No,No,No,Yes,No,No,0,2020-02-01,853
2739-CACDQ,2018-09-01,No,Month-to-month,Yes,Credit_card_(automatic),82.65,1470.05,Female,1,No,No,Fiber_optic,No,No,Yes,No,No,No,Yes,0,2020-02-01,518
9385-EHGDO,2017-03-01,No,Two_year,Yes,Mailed_check,19.85,739.35,Female,0,Yes,Yes,No,No,No,No,No,No,No,No,0,2020-02-01,1067
9498-FIMXL,2019-06-01,No,One_year,Yes,Mailed_check,19.2,161.95,Female,0,No,No,No,No,No,No,No,No,No,No,0,2020-02-01,245
2379-GYFLQ,2016-04-01,No,One_year,Yes,Credit_card_(automatic),94.9,4422.95,Male,0,No,No,Fiber_optic,No,Yes,Yes,No,Yes,No,Yes,0,2020-02-01,1401
0122-OAHPZ,2019-05-01,2019-12-01 00:00:00,Month-to-month,Yes,Electronic_check,73.85,511.25,Female,0,No,No,Fiber_optic,No,No,No,No,No,No,Yes,1,2019-12-01,214
2868-SNELZ,2019-10-01,2019-12-01 00:00:00,Month-to-month,No,Mailed_check,80.6,155.8,Female,0,No,No,Fiber_optic,No,No,Yes,No,No,No,Yes,1,2019-12-01,61
4322-RCYMT,2014-03-01,2019-11-01 00:00:00,One_year,Yes,Bank_transfer_(automatic),75.8,5293.95,Male,0,Yes,Yes,DSL,No,Yes,Yes,Yes,No,Yes,Yes,1,2019-11-01,2071
6680-NENYN,2016-05-01,2019-12-01 00:00:00,Two_year,Yes,Electronic_check,104.6,4759.85,Female,0,No,No,Fiber_optic,No,Yes,Yes,No,Yes,Yes,Yes,1,2019-12-01,1309
2088-IEBAU,2014-06-01,No,Two_year,Yes,Electronic_check,88.15,6148.45,Female,0,No,No,DSL,Yes,Yes,Yes,Yes,Yes,Yes,Yes,0,2020-02-01,2071
7982-VCELR,2017-02-01,No,Month-to-month,Yes,Credit_card_(automatic),94.8,3565.65,Female,0,No,No,Fiber_optic,No,Yes,No,No,Yes,Yes,No,0,2020-02-01,1095
1343-EHPYB,2014-09-01,2019-12-01 00:00:00,Month-to-month,Yes,Electronic_check,103.4,6603.0,Male,0,Yes,No,Fiber_optic,No,Yes,Yes,No,Yes,Yes,Yes,1,2019-12-01,1917
6035-BXTTY,2017-06-01,No,Month-to-month,No,Bank_transfer_(automatic),54.65,1830.1,Female,1,No,No,DSL,No,Yes,No,Yes,No,No,No,0,2020-02-01,975
6885-PKOAM,2014-03-01,No,Two_year,No,Credit_card_(automatic),85.75,6223.8,Female,0,Yes,No,DSL,Yes,Yes,Yes,Yes,Yes,Yes,Yes,0,2020-02-01,2163
7520-HQWJU,2014-08-01,No,Month-to-month,Yes,Bank_transfer_(automatic),67.45,4508.65,Female,0,Yes,Yes,DSL,Yes,Yes,Yes,No,No,No,Yes,0,2020-02-01,2010
9639-BUJXT,2014-11-01,No,One_year,No,Mailed_check,20.5,1328.15,Male,0,No,No,No,No,No,No,No,No,No,No,0,2020-02-01,1918
5924-SNGKP,2016-09-01,No,One_year,Yes,Credit_card_(automatic),20.25,865.0,Female,0,No,Yes,No,No,No,No,No,No,No,No,0,2020-02-01,1248
0021-IKXGC,2020-01-01,No,Month-to-month,Yes,Electronic_check,72.1,72.1,Female,1,No,No,Fiber_optic,No,No,No,No,No,No,Yes,0,2020-02-01,31
2034-GDRCN,2019-11-01,2020-01-01 00:00:00,Month-to-month,Yes,Electronic_check,90.4,168.2,Female,0,No,No,Fiber_optic,No,No,No,No,Yes,Yes,No,1,2020-01-01,61
8966-SNIZF,2014-04-01,No,Two_year,No,Bank_transfer_(automatic),19.45,1303.5,Female,0,Yes,No,No,No,No,No,No,No,No,No,0,2020-02-01,2132
6243-OZGFH,2018-03-01,No,Month-to-month,Yes,Electronic_check,44.95,996.85,Female,0,No,No,DSL,No,No,No,No,Yes,Yes,No,0,2020-02-01,702
4654-DLAMQ,2014-10-01,No,One_year,No,Bank_transfer_(automatic),97.0,6430.9,Female,1,Yes,No,Fiber_optic,Yes,Yes,Yes,No,No,Yes,No,0,2020-02-01,1949
0513-RBGPE,2017-01-01,No,Two_year,Yes,Credit_card_(automatic),62.8,2278.75,Male,0,Yes,Yes,DSL,Yes,No,Yes,Yes,No,No,Yes,0,2020-02-01,1126
5160-UXJED,2018-09-01,No,One_year,No,Mailed_check,44.6,681.4,Male,0,No,Yes,DSL,No,No,No,No,No,No,No,0,2020-02-01,518
4115-NZRKS,2019-07-01,No,Month-to-month,Yes,Electronic_check,89.15,574.35,Female,1,No,No,Fiber_optic,No,No,No,No,Yes,Yes,No,0,2020-02-01,215
0219-YTZUE,2019-07-01,2019-11-01 00:00:00,Month-to-month,Yes,Bank_transfer_(automatic),84.8,371.9,Male,0,Yes,Yes,Fiber_optic,No,Yes,Yes,No,No,No,Yes,1,2019-11-01,123
0623-IIHUG,2018-04-01,2020-01-01 00:00:00,Month-to-month,Yes,Electronic_check,41.9,840.1,Female,1,No,No,DSL,Yes,No,No,No,Yes,No,No,1,2020-01-01,640
4572-DVCGN,2019-01-01,2019-11-01 00:00:00,Month-to-month,Yes,Bank_transfer_(automatic),80.25,846.0,Female,0,No,No,Fiber_optic,No,No,No,No,No,Yes,No,1,2019-11-01,304
3351-NGXYI,2018-10-01,No,Month-to-month,Yes,Electronic_check,54.1,889.0,Female,1,No,No,DSL,Yes,No,No,No,No,No,Yes,0,2020-02-01,488
8984-EYLLL,2014-10-01,No,Two_year,Yes,Electronic_check,105.25,6823.4,Male,0,Yes,No,Fiber_optic,No,Yes,No,Yes,Yes,Yes,Yes,0,2020-02-01,1949
9057-MSWCO,2017-10-01,2020-01-01 00:00:00,Month-to-month,No,Credit_card_(automatic),30.75,805.1,Male,1,Yes,No,DSL,Yes,No,No,No,No,No,No,1,2020-01-01,822
9833-TGFHX,2016-08-01,No,One_year,No,Electronic_check,97.1,4016.75,Male,0,Yes,Yes,Fiber_optic,Yes,No,No,No,Yes,Yes,Yes,0,2020-02-01,1279
9294-TDIPC,2019-09-01,No,Month-to-month,No,Mailed_check,20.2,83.75,Male,0,No,Yes,No,No,No,No,No,No,No,No,0,2020-02-01,153
5229-DTFYB,2016-09-01,No,Two_year,Yes,Bank_transfer_(automatic),98.8,3959.15,Female,0,No,No,Fiber_optic,No,Yes,No,Yes,Yes,Yes,No,0,2020-02-01,1248
0104-PPXDV,2015-04-01,No,One_year,No,Credit_card_(automatic),50.3,2878.55,Male,0,Yes,No,DSL,No,No,Yes,No,No,No,No,0,2020-02-01,1767
5176-LMJXE,2016-03-01,No,Two_year,Yes,Mailed_check,20.55,945.7,Female,0,No,No,No,No,No,No,No,No,No,No,0,2020-02-01,1432
3583-KRKMD,2018-08-01,No,Month-to-month,Yes,Bank_transfer_(automatic),75.9,1373.05,Male,0,No,No,Fiber_optic,No,No,No,Yes,No,No,No,0,2020-02-01,549
1010-DIAUQ,2019-08-01,2020-01-01 00:00:00,Month-to-month,No,Bank_transfer_(automatic),96.5,492.55,Male,0,No,No,Fiber_optic,No,No,Yes,No,Yes,Yes,No,1,2020-01-01,153
9069-LGEUL,2018-03-01,No,Month-to-month,Yes,Bank_transfer_(automatic),59.95,1406.0,Male,0,Yes,No,DSL,Yes,No,No,No,No,Yes,No,0,2020-02-01,702
7302-ZHMHP,2020-01-01,No,Month-to-month,No,Mailed_check,19.15,19.15,Female,0,No,No,No,No,No,No,No,No,No,No,0,2020-02-01,31
9571-EDEBV,2014-03-01,No,One_year,Yes,Credit_card_(automatic),98.65,6962.85,Male,0,Yes,No,Fiber_optic,No,No,Yes,No,Yes,Yes,Yes,0,2020-02-01,2163
3520-FJGCV,2014-02-01,No,Two_year,Yes,Credit_card_(automatic),112.6,8126.65,Male,0,Yes,Yes,Fiber_optic,Yes,Yes,Yes,Yes,Yes,Yes,Yes,0,2020-02-01,2191
6563-VRERX,2017-05-01,No,One_year,No,Mailed_check,20.6,690.25,Male,0,Yes,Yes,No,No,No,No,No,No,No,No,0,2020-02-01,1006
0259-GBZSH,2019-08-01,2019-10-01 00:00:00,Month-to-month,Yes,Electronic_check,85.65,181.5,Male,0,No,No,Fiber_optic,No,No,No,No,Yes,No,Yes,1,2019-10-01,61
6122-EFVKN,2018-02-01,No,Two_year,No,Mailed_check,35.75,830.8,Male,0,No,Yes,DSL,Yes,No,No,Yes,No,No,No,0,2020-02-01,730
2805-EDJPQ,2015-06-01,No,One_year,Yes,Credit_card_(automatic),99.75,5608.4,Female,0,Yes,Yes,Fiber_optic,No,Yes,Yes,Yes,No,Yes,Yes,0,2020-02-01,1706
6862-CQUMB,2017-01-01,No,Month-to-month,Yes,Credit_card_(automatic),96.1,3646.8,Male,0,No,No,Fiber_optic,No,Yes,No,No,Yes,Yes,No,0,2020-02-01,1126
7156-MXBJE,2016-07-01,No,One_year,No,Credit_card_(automatic),85.1,3662.25,Female,0,No,No,DSL,No,Yes,Yes,Yes,Yes,Yes,Yes,0,2020-02-01,1310
6158-HDPXZ,2020-01-01,No,Month-to-month,No,Mailed_check,25.35,25.35,Male,0,No,No,DSL,No,No,No,No,No,No,No,0,2020-02-01,31
9601-BRXPO,2017-11-01,2019-12-01 00:00:00,Month-to-month,Yes,Bank_transfer_(automatic),104.95,2566.5,Female,0,Yes,No,Fiber_optic,No,No,Yes,Yes,Yes,Yes,Yes,1,2019-12-01,760
2863-IMQDR,2015-01-01,No,Two_year,No,Electronic_check,89.65,5308.7,Female,0,No,No,DSL,Yes,Yes,Yes,Yes,Yes,Yes,Yes,0,2020-02-01,1857
5686-CMAWK,2018-09-01,No,One_year,No,Electronic_check,86.75,1410.25,Male,0,No,No,Fiber_optic,No,No,Yes,Yes,No,No,Yes,0,2020-02-01,518
5651-CRHKQ,2016-09-01,No,One_year,Yes,Bank_transfer_(automatic),86.2,3339.05,Female,0,Yes,No,Fiber_optic,No,Yes,Yes,Yes,No,No,No,0,2020-02-01,1248
6905-NIQIN,2019-09-01,2019-10-01 00:00:00,Month-to-month,No,Mailed_check,50.65,50.65,Male,0,No,No,DSL,No,Yes,No,No,No,No,No,1,2019-10-01,30
8204-YJCLA,2014-02-01,No,Two_year,Yes,Bank_transfer_(automatic),64.8,4732.35,Male,1,Yes,Yes,DSL,Yes,Yes,Yes,Yes,Yes,Yes,No,0,2020-02-01,2191
5167-ZFFMM,2019-10-01,2019-11-01 00:00:00,Month-to-month,Yes,Credit_card_(automatic),90.85,90.85,Male,0,No,No,Fiber_optic,No,Yes,No,No,No,Yes,Yes,1,2019-11-01,31
6583-SZVGP,2016-02-01,No,Two_year,Yes,Bank_transfer_(automatic),108.1,5067.45,Male,0,No,No,Fiber_optic,No,Yes,Yes,No,Yes,Yes,Yes,0,2020-02-01,1461
4895-TMWIR,2019-01-01,2019-12-01 00:00:00,Month-to-month,No,Mailed_check,19.95,214.75,Male,1,Yes,No,No,No,No,No,No,No,No,No,1,2019-12-01,334
0533-BNWKF,2015-05-01,2019-12-01 00:00:00,Month-to-month,Yes,Electronic_check,85.45,4874.7,Female,1,Yes,No,Fiber_optic,No,Yes,Yes,No,No,No,Yes,1,2019-12-01,1675
1708-PBBOA,2016-08-01,No,One_year,Yes,Electronic_check,54.75,2348.45,Female,0,No,No,DSL,Yes,Yes,Yes,Yes,No,Yes,No,0,2020-02-01,1279
8782-LKFPK,2016-06-01,No,Month-to-month,Yes,Mailed_check,90.4,4063.0,Male,0,No,No,Fiber_optic,No,No,Yes,No,No,Yes,Yes,0,2020-02-01,1340
5522-JBWMO,2020-01-01,No,Month-to-month,No,Electronic_check,44.0,44.0,Male,0,No,Yes,DSL,No,No,No,No,No,No,No,0,2020-02-01,31
3597-MVHJT,2017-11-01,No,Month-to-month,Yes,Bank_transfer_(automatic),95.6,2595.25,Female,0,No,No,Fiber_optic,No,No,No,No,Yes,Yes,Yes,0,2020-02-01,822
9774-NRNAU,2017-11-01,No,Month-to-month,Yes,Bank_transfer_(automatic),84.8,2309.55,Male,1,Yes,No,DSL,No,Yes,Yes,Yes,Yes,Yes,Yes,0,2020-02-01,822
0224-RLWWD,2019-12-01,No,Month-to-month,Yes,Electronic_check,44.3,89.3,Female,1,No,No,DSL,No,No,No,No,No,No,No,0,2020-02-01,62
9967-ATRFS,2018-07-01,No,Month-to-month,No,Mailed_check,19.9,367.55,Female,0,No,No,No,No,No,No,No,No,No,No,0,2020-02-01,580
3951-NJCVI,2016-08-01,No,Month-to-month,Yes,Electronic_check,95.05,3944.5,Female,1,Yes,No,Fiber_optic,No,No,No,No,Yes,Yes,Yes,0,2020-02-01,1279
2977-CEBSX,2014-08-01,No,Two_year,Yes,Credit_card_(automatic),90.05,5965.95,Female,0,No,No,DSL,Yes,Yes,Yes,Yes,Yes,Yes,Yes,0,2020-02-01,2010
0177-PXBAT,2017-05-01,No,Month-to-month,Yes,Bank_transfer_(automatic),109.9,3694.7,Male,1,Yes,No,Fiber_optic,Yes,No,Yes,Yes,Yes,Yes,Yes,0,2020-02-01,1006
6599-CEBNN,2017-03-01,2020-01-01 00:00:00,Month-to-month,Yes,Credit_card_(automatic),73.95,2524.45,Female,0,No,No,Fiber_optic,No,Yes,No,No,No,No,No,1,2020-01-01,1036
2519-ERQOJ,2017-05-01,No,Month-to-month,Yes,Electronic_check,54.6,1803.7,Male,1,No,No,DSL,No,No,Yes,Yes,Yes,Yes,No,0,2020-02-01,1006
5876-QMYLD,2018-03-01,No,One_year,No,Mailed_check,20.05,415.1,Female,0,Yes,Yes,No,No,No,No,No,No,No,No,0,2020-02-01,702
2277-AXSDC,2017-06-01,No,One_year,No,Bank_transfer_(automatic),19.75,624.15,Female,0,No,No,No,No,No,No,No,No,No,No,0,2020-02-01,975
9442-JTWDL,2019-03-01,No,One_year,No,Credit_card_(automatic),20.05,237.7,Female,0,No,No,No,No,No,No,No,No,No,No,0,2020-02-01,337
0979-PHULV,2014-03-01,2019-12-01 00:00:00,Month-to-month,Yes,Credit_card_(automatic),99.45,7007.6,Male,0,Yes,Yes,Fiber_optic,No,No,Yes,No,Yes,Yes,Yes,1,2019-12-01,2101
3067-SVMTC,2014-06-01,No,One_year,No,Bank_transfer_(automatic),55.9,3848.8,Female,0,Yes,No,DSL,Yes,No,No,Yes,No,No,No,0,2020-02-01,2071
5495-GPSRW,2018-06-01,No,Two_year,Yes,Mailed_check,19.7,419.4,Male,0,No,No,No,No,No,No,No,No,No,No,0,2020-02-01,610
7606-BPHHN,2014-02-01,No,Two_year,Yes,Credit_card_(automatic),19.8,1468.75,Male,0,No,No,No,No,No,No,No,No,No,No,0,2020-02-01,2191
4742-DRORA,2015-02-01,No,One_year,Yes,Bank_transfer_(automatic),95.4,5812.0,Male,0,Yes,Yes,Fiber_optic,Yes,No,Yes,No,Yes,No,Yes,0,2020-02-01,1826
0111-KLBQG,2017-06-01,No,Month-to-month,Yes,Mailed_check,93.95,2861.45,Male,1,Yes,Yes,Fiber_optic,No,Yes,No,No,Yes,Yes,No,0,2020-02-01,975
4800-VHZKI,2019-12-01,2020-01-01 00:00:00,Month-to-month,Yes,Mailed_check,19.9,19.9,Female,0,No,No,No,No,No,No,No,No,No,No,1,2020-01-01,31
7989-CHGTL,2019-09-01,2019-10-01 00:00:00,Month-to-month,Yes,Mailed_check,19.6,19.6,Male,0,No,No,No,No,No,No,No,No,No,No,1,2019-10-01,30
0334-GDDSO,2019-10-01,2020-01-01 00:00:00,Month-to-month,Yes,Electronic_check,81.35,233.7,Male,1,No,No,Fiber_optic,No,Yes,No,No,No,No,Yes,1,2020-01-01,92
4163-NCJAK,2016-04-01,No,One_year,Yes,Bank_transfer_(automatic),24.45,1066.15,Female,0,Yes,No,No,No,No,No,No,No,No,Yes,0,2020-02-01,1401
5233-AOZUF,2017-09-01,No,Month-to-month,Yes,Electronic_check,74.95,2149.05,Female,0,Yes,No,Fiber_optic,No,No,No,No,No,No,Yes,0,2020-02-01,883
5973-EJGDP,2015-11-01,No,Month-to-month,Yes,Electronic_check,87.35,4473.0,Male,0,No,No,Fiber_optic,No,Yes,Yes,Yes,No,No,Yes,0,2020-02-01,1553
1996-DBMUS,2016-02-01,No,Month-to-month,Yes,Bank_transfer_(automatic),70.65,3545.05,Female,1,Yes,No,Fiber_optic,No,No,No,No,No,No,No,0,2020-02-01,1461
7916-VCCPB,2018-10-01,No,Month-to-month,No,Bank_transfer_(automatic),73.25,1195.75,Female,0,Yes,Yes,Fiber_optic,No,Yes,No,No,No,No,No,0,2020-02-01,488
4686-GEFRM,2014-04-01,No,Two_year,Yes,Bank_transfer_(automatic),98.7,6858.9,Male,0,Yes,No,Fiber_optic,No,Yes,Yes,Yes,No,Yes,Yes,0,2020-02-01,2132
5249-QYHEX,2016-10-01,No,Two_year,Yes,Mailed_check,24.8,1024.7,Female,0,Yes,Yes,No,No,No,No,No,No,No,Yes,0,2020-02-01,1218
0578-SKVMF,2017-12-01,2019-10-01 00:00:00,Month-to-month,No,Electronic_check,83.3,1845.9,Female,0,Yes,Yes,Fiber_optic,No,Yes,No,No,No,Yes,No,1,2019-10-01,669
5564-NEMQO,2019-11-01,2019-12-01 00:00:00,Month-to-month,Yes,Bank_transfer_(automatic),75.3,75.3,Female,1,No,No,Fiber_optic,No,No,Yes,No,No,No,No,1,2019-12-01,30
2233-FAGXV,2019-09-01,No,Month-to-month,Yes,Mailed_check,24.3,132.25,Female,0,Yes,Yes,No,No,No,No,No,No,No,Yes,0,2020-02-01,153
5605-IYGFG,2019-07-01,No,Month-to-month,Yes,Bank_transfer_(automatic),69.85,515.45,Female,0,No,No,Fiber_optic,No,No,No,No,No,No,No,0,2020-02-01,215
7663-ZTEGJ,2017-09-01,No,One_year,No,Credit_card_(automatic),100.55,2830.45,Male,0,No,Yes,Fiber_optic,No,Yes,Yes,Yes,No,Yes,Yes,0,2020-02-01,883
3935-TBRZZ,2016-06-01,No,One_year,No,Mailed_check,25.7,1110.5,Male,0,Yes,Yes,No,No,No,No,No,No,No,Yes,0,2020-02-01,1340
8111-BKVDS,2019-04-01,No,Month-to-month,No,Bank_transfer_(automatic),40.7,449.3,Female,0,No,No,DSL,Yes,Yes,Yes,No,No,No,No,0,2020-02-01,306
2055-SIFSS,2015-07-01,No,Month-to-month,No,Bank_transfer_(automatic),51.65,2838.55,Female,1,Yes,No,DSL,No,No,No,No,No,No,Yes,0,2020-02-01,1676
2806-MLNTI,2015-10-01,No,One_year,Yes,Bank_transfer_(automatic),105.1,5376.4,Male,1,Yes,No,Fiber_optic,No,Yes,Yes,No,Yes,Yes,Yes,0,2020-02-01,1584
8734-DKSTZ,2019-04-01,No,Month-to-month,No,Electronic_check,85.95,858.6,Female,0,Yes,Yes,Fiber_optic,No,No,No,No,No,Yes,Yes,0,2020-02-01,306
4360-PNRQB,2018-08-01,No,Month-to-month,Yes,Bank_transfer_(automatic),75.6,1395.05,Male,0,No,No,Fiber_optic,No,No,No,No,No,No,Yes,0,2020-02-01,549
6152-ONASV,2014-06-01,No,One_year,No,Bank_transfer_(automatic),58.25,3975.7,Female,0,Yes,No,DSL,Yes,No,No,Yes,No,No,Yes,0,2020-02-01,2071
9063-ZGTUY,2014-11-01,2019-12-01 00:00:00,Month-to-month,Yes,Mailed_check,19.4,1182.55,Female,0,Yes,Yes,No,No,No,No,No,No,No,No,1,2019-12-01,1856
7781-HVGMK,2014-02-01,No,Two_year,Yes,Credit_card_(automatic),65.2,4784.45,Female,0,Yes,Yes,DSL,Yes,Yes,Yes,Yes,Yes,Yes,No,0,2020-02-01,2191
2181-UAESM,2019-12-01,No,Month-to-month,No,Electronic_check,53.45,119.5,Male,0,No,No,DSL,Yes,No,Yes,No,No,No,No,0,2020-02-01,62
2957-LOLHO,2018-11-01,2019-11-01 00:00:00,Month-to-month,Yes,Bank_transfer_(automatic),45.4,518.9,Male,0,No,No,DSL,No,No,No,No,No,No,No,1,2019-11-01,365
6048-NJXHX,2016-09-01,No,Two_year,Yes,Electronic_check,19.75,899.45,Male,0,Yes,No,No,No,No,No,No,No,No,No,0,2020-02-01,1248
2320-SLKMB,2017-12-01,No,Month-to-month,Yes,Credit_card_(automatic),44.45,1183.8,Female,0,No,No,DSL,No,No,Yes,Yes,Yes,No,No,0,2020-02-01,792
4980-URKXC,2017-02-01,No,One_year,No,Bank_transfer_(automatic),20.85,720.05,Male,0,Yes,No,No,No,No,No,No,No,No,No,0,2020-02-01,1095
4376-KFVRS,2014-02-01,No,Two_year,Yes,Credit_card_(automatic),114.05,8468.2,Male,0,Yes,Yes,Fiber_optic,Yes,Yes,Yes,Yes,Yes,Yes,Yes,0,2020-02-01,2191
5886-VLQVU,2017-03-01,No,Month-to-month,Yes,Bank_transfer_(automatic),89.85,3161.2,Male,0,Yes,No,Fiber_optic,No,No,No,Yes,No,Yes,Yes,0,2020-02-01,1067
3577-AMVUX,2020-01-01,No,Month-to-month,No,Mailed_check,55.05,55.05,Male,0,No,No,DSL,No,No,Yes,Yes,No,No,No,0,2020-02-01,31
0771-WLCLA,2018-10-01,No,Month-to-month,Yes,Electronic_check,112.95,1882.55,Female,0,Yes,Yes,Fiber_optic,Yes,No,Yes,Yes,Yes,Yes,Yes,0,2020-02-01,488
5628-RKIFK,2016-01-01,No,Month-to-month,No,Credit_card_(automatic),101.55,5070.4,Female,1,No,No,Fiber_optic,Yes,No,No,No,Yes,Yes,Yes,0,2020-02-01,1492
0206-TBWLC,2015-08-01,No,One_year,Yes,Mailed_check,114.65,6049.5,Female,0,Yes,No,Fiber_optic,Yes,Yes,Yes,Yes,Yes,Yes,Yes,0,2020-02-01,1645
2937-FTHUR,2018-08-01,No,Month-to-month,No,Electronic_check,64.8,1166.7,Female,0,No,Yes,DSL,Yes,No,No,No,No,Yes,Yes,0,2020-02-01,549
1910-FMXJM,2017-02-01,No,Month-to-month,No,Electronic_check,80.4,2937.65,Female,0,Yes,No,Fiber_optic,No,No,No,No,No,Yes,No,0,2020-02-01,1095
7752-XUSCI,2015-01-01,2020-01-01 00:00:00,Month-to-month,Yes,Electronic_check,105.9,6396.45,Female,0,No,No,Fiber_optic,No,Yes,Yes,No,Yes,Yes,Yes,1,2020-01-01,1826
4110-PFEUZ,2019-09-01,2019-10-01 00:00:00,Month-to-month,No,Mailed_check,69.55,69.55,Female,0,No,No,Fiber_optic,No,No,No,No,No,No,No,1,2019-10-01,30
0732-OCQOC,2015-10-01,No,Two_year,Yes,Bank_transfer_(automatic),25.05,1270.25,Female,0,Yes,Yes,No,No,No,No,No,No,No,Yes,0,2020-02-01,1584
5168-MSWXT,2019-06-01,No,Month-to-month,Yes,Electronic_check,94.75,759.55,Male,0,Yes,Yes,Fiber_optic,No,No,Yes,No,Yes,Yes,No,0,2020-02-01,245
1090-ESELR,2014-02-01,No,Two_year,No,Bank_transfer_(automatic),105.5,7611.55,Male,0,Yes,Yes,Fiber_optic,Yes,Yes,No,Yes,Yes,Yes,No,0,2020-02-01,2191
8592-PLTMQ,2014-10-01,No,One_year,No,Mailed_check,24.7,1642.75,Female,0,No,No,No,No,No,No,No,No,No,Yes,0,2020-02-01,1949
5760-WRAHC,2018-04-01,No,Month-to-month,Yes,Mailed_check,69.75,1545.4,Female,1,No,No,DSL,Yes,No,Yes,Yes,No,Yes,No,0,2020-02-01,671
8847-GEOOQ,2015-02-01,No,Month-to-month,Yes,Bank_transfer_(automatic),60.2,3582.4,Male,0,Yes,No,DSL,No,Yes,Yes,Yes,Yes,Yes,No,0,2020-02-01,1826
0256-LTHVJ,2017-06-01,2019-10-01 00:00:00,Month-to-month,Yes,Electronic_check,81.05,2227.1,Female,0,Yes,Yes,Fiber_optic,No,No,No,No,No,Yes,No,1,2019-10-01,852
4785-FCIFB,2015-01-01,No,Two_year,No,Mailed_check,24.4,1417.9,Female,0,Yes,No,No,No,No,No,No,No,No,Yes,0,2020-02-01,1857
8313-NDOIA,2018-02-01,No,Month-to-month,Yes,Electronic_check,104.15,2494.65,Female,0,No,No,Fiber_optic,No,Yes,Yes,No,Yes,Yes,Yes,0,2020-02-01,730
5149-CUZUJ,2017-10-01,No,One_year,No,Bank_transfer_(automatic),92.9,2768.35,Male,0,Yes,Yes,Fiber_optic,No,Yes,Yes,Yes,Yes,No,No,0,2020-02-01,853
0942-KOWSM,2017-08-01,No,Two_year,No,Bank_transfer_(automatic),80.8,2369.3,Female,0,Yes,Yes,DSL,No,Yes,Yes,Yes,Yes,Yes,No,0,2020-02-01,914
4237-CLSMM,2019-12-01,No,Month-to-month,No,Mailed_check,20.0,38.0,Male,0,Yes,No,No,No,No,No,No,No,No,No,0,2020-02-01,62
1452-VOQCH,2020-01-01,No,Month-to-month,Yes,Electronic_check,75.1,75.1,Male,0,No,No,Fiber_optic,No,No,No,No,No,No,Yes,0,2020-02-01,31
4719-UMSIY,2019-08-01,No,Month-to-month,No,Mailed_check,19.65,100.9,Male,0,No,Yes,No,No,No,No,No,No,No,No,0,2020-02-01,184
6614-VBEGU,2018-02-01,No,Month-to-month,Yes,Bank_transfer_(automatic),69.45,1614.05,Female,0,Yes,No,DSL,No,Yes,No,No,Yes,Yes,No,0,2020-02-01,730
0880-TKATG,2019-07-01,2019-11-01 00:00:00,Month-to-month,No,Electronic_check,101.15,385.9,Male,0,Yes,Yes,Fiber_optic,No,No,Yes,No,Yes,Yes,Yes,1,2019-11-01,123
3811-VBYBZ,2019-03-01,2019-10-01 00:00:00,Month-to-month,Yes,Electronic_check,99.8,673.25,Male,0,No,No,Fiber_optic,No,Yes,No,No,Yes,Yes,Yes,1,2019-10-01,214
1480-BKXGA,2014-02-01,No,Two_year,Yes,Bank_transfer_(automatic),116.05,8404.9,Male,1,Yes,No,Fiber_optic,Yes,Yes,Yes,Yes,Yes,Yes,Yes,0,2020-02-01,2191
2996-XAUVF,2014-04-01,No,Two_year,Yes,Mailed_check,40.05,2799.75,Male,0,No,No,DSL,No,No,No,Yes,No,Yes,No,0,2020-02-01,2132
9076-AXYIK,2014-10-01,No,Two_year,No,Electronic_check,102.1,6538.45,Male,1,Yes,No,Fiber_optic,No,No,Yes,Yes,Yes,Yes,Yes,0,2020-02-01,1949
5968-XQIVE,2014-02-01,No,One_year,Yes,Electronic_check,89.7,6588.95,Male,0,Yes,Yes,Fiber_optic,No,Yes,No,No,Yes,No,Yes,0,2020-02-01,2191
8896-RAZCR,2016-06-01,No,Two_year,No,Mailed_check,19.9,868.1,Female,0,No,Yes,No,No,No,No,No,No,No,No,0,2020-02-01,1340
4640-UHDOS,2018-12-01,2020-01-01 00:00:00,Month-to-month,No,Electronic_check,55.95,734.35,Female,0,Yes,Yes,DSL,No,No,No,No,No,Yes,No,1,2020-01-01,396
4933-IKULF,2018-09-01,No,One_year,No,Mailed_check,20.65,330.6,Female,1,No,No,No,No,No,No,No,No,No,No,0,2020-02-01,518
3583-EKAPL,2019-11-01,2019-12-01 00:00:00,Month-to-month,Yes,Electronic_check,55.0,55.0,Male,0,No,No,DSL,No,No,No,No,No,Yes,No,1,2019-12-01,30
1304-BCCFO,2019-05-01,No,Month-to-month,Yes,Mailed_check,70.05,564.4,Male,0,Yes,No,DSL,No,No,Yes,No,Yes,Yes,No,0,2020-02-01,276
4104-PVRPS,2018-02-01,No,Month-to-month,No,Mailed_check,53.6,1315.35,Male,0,Yes,No,DSL,Yes,No,No,Yes,No,No,No,0,2020-02-01,730
9399-APLBT,2019-11-01,2019-12-01 00:00:00,Month-to-month,Yes,Electronic_check,74.7,74.7,Female,0,Yes,Yes,Fiber_optic,No,Yes,No,No,No,No,No,1,2019-12-01,30
2359-KMGLI,2017-11-01,2019-11-01 00:00:00,Month-to-month,Yes,Electronic_check,80.25,1861.5,Male,0,No,No,Fiber_optic,No,Yes,No,No,No,No,Yes,1,2019-11-01,730
3780-DDGSE,2017-03-01,No,Month-to-month,Yes,Electronic_check,76.05,2747.2,Male,1,Yes,Yes,DSL,No,Yes,No,Yes,Yes,Yes,No,0,2020-02-01,1067
4431-EDMIQ,2019-07-01,No,Month-to-month,Yes,Electronic_check,75.7,554.05,Female,0,Yes,Yes,DSL,Yes,Yes,Yes,Yes,Yes,No,No,0,2020-02-01,215
0306-JAELE,2019-06-01,2019-11-01 00:00:00,Month-to-month,Yes,Electronic_check,96.1,453.4,Male,0,No,No,Fiber_optic,No,No,No,Yes,Yes,Yes,No,1,2019-11-01,153
6227-HWPWX,2018-07-01,2019-10-01 00:00:00,Month-to-month,No,Bank_transfer_(automatic),69.0,994.8,Female,0,No,Yes,Fiber_optic,No,No,No,No,No,No,No,1,2019-10-01,457
0486-LGCCH,2019-03-01,No,Two_year,No,Mailed_check,19.65,225.75,Male,0,Yes,Yes,No,No,No,No,No,No,No,No,0,2020-02-01,337
0447-BEMNG,2015-11-01,2019-11-01 00:00:00,Month-to-month,Yes,Bank_transfer_(automatic),45.3,2145.0,Female,0,Yes,No,DSL,Yes,No,Yes,No,No,Yes,No,1,2019-11-01,1461
4612-SSVHJ,2018-06-01,No,Month-to-month,Yes,Electronic_check,81.45,1671.6,Female,1,No,No,Fiber_optic,No,No,No,No,No,Yes,No,0,2020-02-01,610
5168-MQQCA,2014-02-01,No,One_year,Yes,Bank_transfer_(automatic),108.5,8003.8,Female,0,Yes,No,Fiber_optic,No,Yes,Yes,Yes,Yes,Yes,Yes,0,2020-02-01,2191
5949-XIKAE,2019-05-01,2020-01-01 00:00:00,Month-to-month,Yes,Electronic_check,83.55,680.05,Female,0,Yes,Yes,Fiber_optic,No,Yes,No,No,Yes,No,No,1,2020-01-01,245
7971-HLVXI,2014-02-01,No,Two_year,Yes,Credit_card_(automatic),84.5,6130.85,Male,0,Yes,Yes,Fiber_optic,No,No,No,No,No,Yes,Yes,0,2020-02-01,2191
9094-AZPHK,2018-11-01,No,Month-to-month,Yes,Electronic_check,100.15,1415.0,Female,0,No,No,Fiber_optic,No,Yes,No,No,Yes,Yes,Yes,0,2020-02-01,457
3649-JPUGY,2014-02-01,No,Two_year,Yes,Bank_transfer_(automatic),88.6,6201.95,Male,0,No,No,DSL,No,Yes,Yes,Yes,Yes,Yes,Yes,0,2020-02-01,2191
4472-LVYGI,2020-02-01,No,Two_year,Yes,Bank_transfer_(automatic),52.55,0.0,Female,0,Yes,Yes,DSL,Yes,No,Yes,Yes,Yes,No,No,0,2020-02-01,0
8372-JUXUI,2019-09-01,2019-10-01 00:00:00,Month-to-month,Yes,Electronic_check,74.35,74.35,Male,0,No,Yes,Fiber_optic,No,No,No,No,No,No,Yes,1,2019-10-01,30
3552-CTCYF,2014-11-01,No,Two_year,Yes,Bank_transfer_(automatic),104.8,6597.25,Male,0,Yes,Yes,Fiber_optic,No,Yes,Yes,No,Yes,Yes,Yes,0,2020-02-01,1918
6778-YSNIH,2019-12-01,No,Month-to-month,Yes,Electronic_check,59.0,114.15,Female,0,No,No,DSL,No,Yes,No,No,Yes,No,No,0,2020-02-01,62
0388-EOPEX,2019-10-01,2019-12-01 00:00:00,Month-to-month,Yes,Electronic_check,74.4,139.4,Female,0,Yes,No,Fiber_optic,Yes,No,No,No,No,No,No,1,2019-12-01,61
5756-OZRIO,2015-01-01,No,One_year,No,Bank_transfer_(automatic),64.05,3902.6,Male,1,Yes,No,DSL,No,Yes,No,No,No,Yes,Yes,0,2020-02-01,1857
6579-JPICP,2020-01-01,No,Month-to-month,No,Mailed_check,20.4,20.4,Male,0,No,No,No,No,No,No,No,No,No,No,0,2020-02-01,31
8205-OTCHB,2018-01-01,2019-11-01 00:00:00,One_year,Yes,Bank_transfer_(automatic),43.75,903.6,Male,0,No,No,DSL,No,Yes,Yes,No,No,Yes,No,1,2019-11-01,669
4134-BSXLX,2017-10-01,No,Month-to-month,No,Mailed_check,60.9,1785.65,Male,0,Yes,No,DSL,Yes,Yes,No,Yes,No,No,No,0,2020-02-01,853
0505-SPOOW,2014-04-01,No,Two_year,No,Bank_transfer_(automatic),19.8,1397.65,Female,0,Yes,No,No,No,No,No,No,No,No,No,0,2020-02-01,2132
6235-VDHOM,2019-07-01,2019-12-01 00:00:00,Month-to-month,No,Electronic_check,28.45,131.05,Female,1,No,No,DSL,No,Yes,No,No,No,No,No,1,2019-12-01,153
7783-YKGDV,2018-10-01,2019-10-01 00:00:00,Month-to-month,Yes,Bank_transfer_(automatic),99.7,1238.45,Female,0,No,No,Fiber_optic,Yes,Yes,Yes,No,No,Yes,Yes,1,2019-10-01,365
4374-YMUSQ,2017-04-01,No,One_year,No,Credit_card_(automatic),116.25,3899.05,Male,0,No,No,Fiber_optic,Yes,Yes,Yes,Yes,Yes,Yes,Yes,0,2020-02-01,1036
4513-CXYIX,2014-03-01,No,Two_year,Yes,Credit_card_(automatic),80.7,5676.0,Female,1,Yes,No,Fiber_optic,Yes,No,No,No,No,No,Yes,0,2020-02-01,2163
3957-HHLMR,2014-04-01,No,One_year,No,Bank_transfer_(automatic),65.2,4543.15,Female,0,Yes,Yes,DSL,Yes,No,No,No,No,Yes,Yes,0,2020-02-01,2132
7803-XOCCZ,2015-10-01,No,Month-to-month,Yes,Bank_transfer_(automatic),84.05,4326.8,Female,0,Yes,Yes,Fiber_optic,Yes,No,Yes,Yes,No,No,No,0,2020-02-01,1584
5736-YEJAX,2014-05-01,No,Two_year,Yes,Credit_card_(automatic),79.45,5502.55,Male,0,No,Yes,DSL,Yes,Yes,Yes,Yes,Yes,No,Yes,0,2020-02-01,2102
5609-CEBID,2018-05-01,2020-01-01 00:00:00,Month-to-month,Yes,Electronic_check,94.1,1782.4,Female,1,No,No,Fiber_optic,No,Yes,Yes,No,No,Yes,Yes,1,2020-01-01,610
8981-FJGLA,2019-03-01,No,Month-to-month,Yes,Mailed_check,78.0,851.8,Male,0,No,Yes,Fiber_optic,No,No,Yes,No,No,No,Yes,0,2020-02-01,337
7218-HKQFK,2019-09-01,2019-11-01 00:00:00,Month-to-month,Yes,Electronic_check,94.2,167.5,Male,0,Yes,No,Fiber_optic,No,No,No,Yes,Yes,Yes,No,1,2019-11-01,61
4636-QRJKY,2019-05-01,2019-11-01 00:00:00,Month-to-month,Yes,Electronic_check,80.5,502.85,Female,0,Yes,Yes,Fiber_optic,No,No,No,Yes,No,No,Yes,1,2019-11-01,184
1135-LMECX,2020-01-01,No,Month-to-month,No,Mailed_check,19.85,19.85,Female,0,No,No,No,No,No,No,No,No,No,No,0,2020-02-01,31
4332-MUOEZ,2018-06-01,No,One_year,No,Credit_card_(automatic),94.3,1818.3,Male,1,Yes,Yes,Fiber_optic,Yes,No,Yes,Yes,No,Yes,No,0,2020-02-01,610
8535-SFUTN,2015-01-01,No,Month-to-month,Yes,Electronic_check,106.45,6300.15,Male,0,No,No,Fiber_optic,Yes,No,Yes,No,Yes,Yes,Yes,0,2020-02-01,1857
5956-VKDTT,2019-06-01,2019-11-01 00:00:00,Month-to-month,Yes,Electronic_check,74.35,334.8,Female,1,Yes,No,Fiber_optic,No,No,No,No,No,No,Yes,1,2019-11-01,153
8677-HDZEE,2015-06-01,No,Month-to-month,Yes,Bank_transfer_(automatic),105.45,5916.95,Female,0,No,No,Fiber_optic,No,Yes,No,Yes,Yes,Yes,Yes,0,2020-02-01,1706
2475-MROZF,2017-08-01,No,Month-to-month,Yes,Credit_card_(automatic),95.0,2852.4,Male,0,No,No,Fiber_optic,Yes,Yes,Yes,Yes,No,No,Yes,0,2020-02-01,914
9412-GHEEC,2016-08-01,2019-12-01 00:00:00,Month-to-month,No,Bank_transfer_(automatic),104.8,4131.95,Male,0,No,No,Fiber_optic,No,No,Yes,Yes,Yes,Yes,Yes,1,2019-12-01,1217
3482-ABPKK,2017-10-01,No,One_year,No,Mailed_check,54.3,1546.3,Female,0,No,No,DSL,Yes,No,No,Yes,No,No,No,0,2020-02-01,853
6705-LXORM,2019-09-01,No,Month-to-month,No,Electronic_check,70.05,302.6,Female,1,Yes,No,Fiber_optic,No,No,No,No,No,No,No,0,2020-02-01,153
0257-ZESQC,2017-07-01,2019-10-01 00:00:00,Month-to-month,Yes,Bank_transfer_(automatic),75.2,1929.35,Female,1,Yes,No,Fiber_optic,Yes,No,No,No,No,No,No,1,2019-10-01,822
7531-GQHME,2019-02-01,No,Month-to-month,No,Credit_card_(automatic),20.05,265.45,Male,0,No,No,No,No,No,No,No,No,No,No,0,2020-02-01,365
5174-ITUMV,2014-07-01,No,One_year,Yes,Electronic_check,105.4,6989.45,Male,0,Yes,Yes,Fiber_optic,No,Yes,Yes,No,Yes,Yes,Yes,0,2020-02-01,2041
4109-CYRBD,2017-09-01,No,Month-to-month,Yes,Electronic_check,51.6,1442.0,Male,1,Yes,No,DSL,No,No,No,No,No,No,Yes,0,2020-02-01,883
0913-XWSCN,2015-07-01,No,Month-to-month,No,Bank_transfer_(automatic),85.5,4713.4,Male,0,Yes,Yes,Fiber_optic,No,No,No,No,No,Yes,Yes,0,2020-02-01,1676
6825-UYPFK,2017-11-01,2019-10-01 00:00:00,Month-to-month,No,Bank_transfer_(automatic),75.6,1758.6,Female,0,No,No,Fiber_optic,No,No,No,No,No,No,Yes,1,2019-10-01,699
8397-MVTAZ,2017-03-01,2020-01-01 00:00:00,Month-to-month,Yes,Electronic_check,100.05,3480.0,Male,0,Yes,No,Fiber_optic,No,No,Yes,No,Yes,Yes,Yes,1,2020-01-01,1036
0750-EBAIU,2015-10-01,No,One_year,No,Electronic_check,91.25,4738.3,Male,0,No,No,Fiber_optic,Yes,No,Yes,No,Yes,No,No,0,2020-02-01,1584
8606-CIQUL,2014-02-01,No,Two_year,Yes,Credit_card_(automatic),115.75,8399.15,Male,1,Yes,Yes,Fiber_optic,Yes,Yes,Yes,Yes,Yes,Yes,Yes,0,2020-02-01,2191
3571-DPYUH,2015-04-01,No,One_year,Yes,Credit_card_(automatic),94.7,5430.35,Male,0,Yes,Yes,Fiber_optic,No,Yes,No,Yes,Yes,No,Yes,0,2020-02-01,1767
7601-GNDYK,2017-03-01,No,Two_year,No,Mailed_check,19.6,686.95,Male,0,Yes,Yes,No,No,No,No,No,No,No,No,0,2020-02-01,1067
0356-OBMAC,2015-06-01,No,Two_year,Yes,Bank_transfer_(automatic),99.9,5706.3,Female,1,No,No,Fiber_optic,No,Yes,Yes,Yes,Yes,No,Yes,0,2020-02-01,1706
8067-NIOYM,2018-02-01,No,Two_year,Yes,Credit_card_(automatic),21.1,490.65,Female,0,Yes,Yes,No,No,No,No,No,No,No,No,0,2020-02-01,730
1403-GYAFU,2014-04-01,No,Two_year,No,Credit_card_(automatic),20.05,1360.25,Male,0,Yes,Yes,No,No,No,No,No,No,No,No,0,2020-02-01,2132
4234-XTNEA,2019-12-01,No,Month-to-month,Yes,Electronic_check,79.95,174.45,Male,0,No,No,Fiber_optic,No,No,No,No,Yes,No,No,0,2020-02-01,62
1297-VQDRP,2014-06-01,No,One_year,Yes,Credit_card_(automatic),107.15,7379.8,Male,1,Yes,Yes,Fiber_optic,No,No,Yes,Yes,Yes,Yes,Yes,0,2020-02-01,2071
9282-IZGQK,2019-11-01,2019-12-01 00:00:00,Month-to-month,Yes,Electronic_check,85.0,85.0,Female,0,No,No,Fiber_optic,No,No,No,No,No,Yes,Yes,1,2019-12-01,30
5348-CAGXB,2019-02-01,No,Month-to-month,Yes,Electronic_check,89.55,1021.75,Male,0,No,No,Fiber_optic,No,No,Yes,No,Yes,No,Yes,0,2020-02-01,365
0621-HJWXJ,2014-11-01,No,Month-to-month,Yes,Bank_transfer_(automatic),81.55,5029.05,Female,0,Yes,No,Fiber_optic,No,Yes,No,No,No,No,Yes,0,2020-02-01,1918
5844-QVTAT,2017-05-01,No,One_year,Yes,Mailed_check,58.45,1955.4,Female,0,Yes,Yes,DSL,Yes,Yes,Yes,No,No,No,No,0,2020-02-01,1006
8905-IAZPF,2014-05-01,No,One_year,Yes,Credit_card_(automatic),95.65,6744.2,Female,0,Yes,No,Fiber_optic,No,Yes,No,No,Yes,Yes,No,0,2020-02-01,2102
5394-MEITZ,2015-02-01,No,Two_year,Yes,Bank_transfer_(automatic),80.6,4946.7,Female,0,Yes,Yes,DSL,No,Yes,Yes,Yes,Yes,Yes,No,0,2020-02-01,1826
6859-QNXIQ,2014-02-01,No,Two_year,Yes,Bank_transfer_(automatic),113.1,8248.5,Female,0,Yes,Yes,Fiber_optic,Yes,Yes,Yes,Yes,Yes,Yes,Yes,0,2020-02-01,2191
2782-LFZVW,2019-03-01,No,Month-to-month,Yes,Mailed_check,58.95,601.6,Female,0,No,No,DSL,No,No,No,No,No,Yes,Yes,0,2020-02-01,337
2866-IKBTM,2020-01-01,No,Month-to-month,No,Mailed_check,19.55,19.55,Female,0,No,No,No,No,No,No,No,No,No,No,0,2020-02-01,31
1342-JPNKI,2019-01-01,2019-11-01 00:00:00,Month-to-month,Yes,Bank_transfer_(automatic),86.05,834.1,Male,0,No,No,Fiber_optic,No,No,No,No,Yes,No,Yes,1,2019-11-01,304
2817-NTQDO,2018-09-01,2019-10-01 00:00:00,Month-to-month,Yes,Credit_card_(automatic),45.55,597.0,Male,0,No,No,DSL,Yes,No,No,Yes,Yes,No,No,1,2019-10-01,395
7129-AZJDE,2017-04-01,No,One_year,Yes,Bank_transfer_(automatic),78.95,2647.2,Male,0,Yes,Yes,Fiber_optic,No,No,No,No,No,Yes,No,0,2020-02-01,1036
6986-IJDHX,2016-09-01,2019-12-01 00:00:00,Month-to-month,Yes,Mailed_check,86.3,3266.0,Male,0,Yes,Yes,Fiber_optic,No,Yes,No,No,Yes,No,No,1,2019-12-01,1186
2560-PPCHE,2014-09-01,No,One_year,Yes,Bank_transfer_(automatic),105.05,6744.25,Female,0,No,No,Fiber_optic,No,Yes,No,Yes,Yes,Yes,Yes,0,2020-02-01,1979
4676-MQUEA,2015-12-01,No,One_year,Yes,Bank_transfer_(automatic),101.9,5265.5,Male,1,Yes,No,Fiber_optic,Yes,Yes,Yes,No,Yes,No,Yes,0,2020-02-01,1523
8138-EALND,2018-11-01,No,Month-to-month,No,Mailed_check,19.75,311.6,Male,0,No,No,No,No,No,No,No,No,No,No,0,2020-02-01,457
3580-HYCSP,2014-02-01,No,Two_year,Yes,Bank_transfer_(automatic),110.3,7966.9,Male,0,Yes,Yes,Fiber_optic,Yes,Yes,Yes,No,Yes,Yes,Yes,0,2020-02-01,2191
1352-HNSAW,2014-02-01,No,Two_year,Yes,Bank_transfer_(automatic),115.6,8220.4,Female,0,Yes,Yes,Fiber_optic,Yes,Yes,Yes,Yes,Yes,Yes,Yes,0,2020-02-01,2191
2075-PUEPR,2015-07-01,No,Two_year,No,Bank_transfer_(automatic),19.35,1153.25,Male,0,Yes,Yes,No,No,No,No,No,No,No,No,0,2020-02-01,1676
1982-FEBTD,2018-03-01,No,Two_year,Yes,Credit_card_(automatic),25.6,514.75,Female,0,Yes,Yes,No,No,No,No,No,No,No,Yes,0,2020-02-01,702
5301-GAUUY,2017-03-01,2019-11-01 00:00:00,Month-to-month,Yes,Bank_transfer_(automatic),80.35,2596.15,Male,0,No,No,Fiber_optic,No,Yes,No,No,No,No,Yes,1,2019-11-01,975
5791-KAJFD,2015-06-01,No,One_year,Yes,Bank_transfer_(automatic),68.75,3808.0,Female,0,Yes,Yes,DSL,Yes,No,Yes,No,No,Yes,Yes,0,2020-02-01,1706
2654-VBVPB,2020-01-01,No,Month-to-month,No,Bank_transfer_(automatic),19.9,19.9,Female,0,No,No,No,No,No,No,No,No,No,No,0,2020-02-01,31
1154-HYWWO,2016-12-01,No,One_year,No,Mailed_check,70.6,2708.2,Male,0,No,No,DSL,Yes,Yes,No,Yes,Yes,No,No,0,2020-02-01,1157
2501-XWWTZ,2019-03-01,No,Month-to-month,No,Electronic_check,70.2,760.05,Male,0,No,No,Fiber_optic,No,No,No,No,No,No,No,0,2020-02-01,337
3716-UVSPD,2020-01-01,No,Month-to-month,Yes,Electronic_check,49.3,49.3,Male,0,No,No,DSL,No,No,No,Yes,No,No,No,0,2020-02-01,31
6815-ABQFQ,2015-06-01,No,One_year,Yes,Electronic_check,107.25,6033.3,Male,0,Yes,No,Fiber_optic,No,Yes,No,Yes,Yes,Yes,Yes,0,2020-02-01,1706
7343-EOBEU,2019-11-01,No,Month-to-month,Yes,Mailed_check,23.6,89.05,Male,0,Yes,No,No,No,No,No,No,No,No,Yes,0,2020-02-01,92
3701-SFMUH,2019-07-01,No,Month-to-month,No,Credit_card_(automatic),69.7,516.15,Male,0,Yes,Yes,DSL,Yes,No,No,No,Yes,Yes,No,0,2020-02-01,215
6103-LIANB,2015-03-01,No,Two_year,Yes,Credit_card_(automatic),99.5,5861.75,Male,0,Yes,Yes,Fiber_optic,No,No,Yes,No,Yes,Yes,Yes,0,2020-02-01,1798
7319-VENRZ,2019-07-01,No,Month-to-month,No,Bank_transfer_(automatic),64.3,445.95,Male,0,No,No,DSL,No,No,Yes,Yes,Yes,No,No,0,2020-02-01,215
5846-NEQVZ,2014-03-01,No,Two_year,Yes,Credit_card_(automatic),70.85,4973.4,Male,0,Yes,Yes,DSL,Yes,No,Yes,Yes,No,Yes,No,0,2020-02-01,2163
6967-QIQRV,2018-11-01,No,One_year,No,Electronic_check,101.9,1667.25,Male,0,Yes,Yes,Fiber_optic,Yes,No,No,Yes,Yes,Yes,No,0,2020-02-01,457
5781-RFZRP,2014-03-01,No,Two_year,No,Credit_card_(automatic),73.5,5357.75,Male,0,Yes,No,DSL,Yes,Yes,No,Yes,Yes,No,Yes,0,2020-02-01,2163
0939-YAPAF,2016-12-01,2019-11-01 00:00:00,Month-to-month,Yes,Electronic_check,100.25,3527.6,Female,0,No,No,Fiber_optic,No,No,Yes,No,Yes,Yes,Yes,1,2019-11-01,1065
0308-IVGOK,2019-03-01,No,One_year,Yes,Credit_card_(automatic),40.4,422.6,Female,0,No,No,DSL,No,Yes,Yes,Yes,No,No,No,0,2020-02-01,337
7293-LSCDV,2015-02-01,No,Two_year,Yes,Credit_card_(automatic),19.25,1103.25,Female,0,Yes,Yes,No,No,No,No,No,No,No,No,0,2020-02-01,1826
7025-WCBNE,2016-03-01,No,Two_year,No,Bank_transfer_(automatic),59.6,2754.0,Male,1,No,No,DSL,No,Yes,No,Yes,No,No,Yes,0,2020-02-01,1432
5756-JYOJT,2019-03-01,No,One_year,No,Credit_card_(automatic),64.9,697.25,Female,0,No,No,DSL,No,No,Yes,Yes,No,Yes,No,0,2020-02-01,337
4710-FDUIZ,2015-02-01,2019-10-01 00:00:00,One_year,No,Credit_card_(automatic),100.3,5614.45,Male,0,Yes,No,Fiber_optic,No,Yes,No,No,Yes,Yes,Yes,1,2019-10-01,1703
6030-REHUX,2017-10-01,No,Month-to-month,Yes,Electronic_check,110.85,3204.4,Female,1,Yes,No,Fiber_optic,No,Yes,Yes,Yes,Yes,Yes,Yes,0,2020-02-01,853
9548-LIGTA,2015-01-01,No,Two_year,Yes,Mailed_check,81.05,4747.65,Male,0,Yes,No,DSL,Yes,Yes,No,Yes,Yes,Yes,No,0,2020-02-01,1857
5150-LJNSR,2017-07-01,No,One_year,No,Bank_transfer_(automatic),98.05,3082.1,Male,0,Yes,Yes,Fiber_optic,Yes,No,Yes,No,Yes,No,Yes,0,2020-02-01,945
8270-RKSAP,2019-05-01,No,Month-to-month,Yes,Electronic_check,70.5,597.9,Male,0,No,No,Fiber_optic,No,No,No,No,No,No,No,0,2020-02-01,276
6522-YRBXD,2017-03-01,No,Month-to-month,Yes,Electronic_check,94.55,3365.4,Male,1,Yes,No,Fiber_optic,Yes,Yes,No,No,No,Yes,Yes,0,2020-02-01,1067
2640-LYMOV,2019-12-01,No,Month-to-month,Yes,Mailed_check,19.65,38.8,Male,0,No,No,No,No,No,No,No,No,No,No,0,2020-02-01,62
1218-VKFPE,2018-11-01,2019-11-01 00:00:00,Month-to-month,No,Mailed_check,19.0,233.55,Female,0,Yes,Yes,No,No,No,No,No,No,No,No,1,2019-11-01,365
3627-FHKBK,2019-11-01,2019-12-01 00:00:00,Month-to-month,No,Mailed_check,75.3,75.3,Female,0,No,No,Fiber_optic,Yes,No,No,No,No,No,No,1,2019-12-01,30
2865-TCHJW,2019-07-01,2019-11-01 00:00:00,Month-to-month,Yes,Electronic_check,89.2,346.2,Female,1,No,No,Fiber_optic,No,No,Yes,No,Yes,No,Yes,1,2019-11-01,123
1423-BMPBQ,2020-01-01,No,Month-to-month,Yes,Mailed_check,19.0,19.0,Female,0,Yes,Yes,No,No,No,No,No,No,No,No,0,2020-02-01,31
2393-DIVAI,2019-11-01,No,Month-to-month,Yes,Mailed_check,20.0,61.7,Female,0,No,No,No,No,No,No,No,No,No,No,0,2020-02-01,92
5192-EBGOV,2019-11-01,2019-12-01 00:00:00,Month-to-month,Yes,Electronic_check,85.7,85.7,Female,1,No,No,Fiber_optic,No,No,No,No,Yes,No,Yes,1,2019-12-01,30
4568-KNYWR,2015-10-01,No,Two_year,Yes,Credit_card_(automatic),63.25,3342.45,Male,0,No,No,DSL,Yes,Yes,No,No,Yes,No,No,0,2020-02-01,1584
8752-IMQOS,2019-09-01,No,One_year,No,Mailed_check,20.1,85.1,Male,0,Yes,Yes,No,No,No,No,No,No,No,No,0,2020-02-01,153
0742-LAFQK,2014-02-01,No,Two_year,Yes,Electronic_check,99.15,7422.1,Male,0,Yes,No,Fiber_optic,Yes,Yes,Yes,No,No,Yes,Yes,0,2020-02-01,2191
0795-LAFGP,2014-03-01,No,Two_year,No,Electronic_check,90.4,6668.05,Male,0,Yes,Yes,DSL,Yes,Yes,Yes,Yes,Yes,Yes,Yes,0,2020-02-01,2163
0619-OLYUR,2014-02-01,No,Two_year,Yes,Credit_card_(automatic),111.9,8071.05,Male,0,Yes,No,Fiber_optic,Yes,No,Yes,Yes,Yes,Yes,Yes,0,2020-02-01,2191
5512-IDZEI,2016-04-01,No,One_year,No,Electronic_check,24.9,1174.8,Male,0,Yes,Yes,No,No,No,No,No,No,No,Yes,0,2020-02-01,1401
0459-SPZHJ,2014-11-01,No,Two_year,No,Credit_card_(automatic),83.5,5435.0,Male,0,Yes,Yes,DSL,Yes,Yes,Yes,No,Yes,Yes,Yes,0,2020-02-01,1918
0215-BQKGS,2017-08-01,No,Month-to-month,Yes,Credit_card_(automatic),84.3,2438.6,Male,0,No,No,Fiber_optic,Yes,Yes,Yes,No,No,No,No,0,2020-02-01,914
9244-ZVAPM,2020-01-01,No,Month-to-month,No,Mailed_check,45.6,45.6,Male,0,No,No,DSL,No,No,No,No,No,No,No,0,2020-02-01,31
0719-SYFRB,2018-11-01,2019-11-01 00:00:00,Month-to-month,Yes,Mailed_check,61.65,713.75,Female,0,No,No,DSL,Yes,No,Yes,Yes,No,No,Yes,1,2019-11-01,365
8208-EUMTE,2018-10-01,No,Two_year,No,Mailed_check,54.85,916.15,Male,0,No,No,DSL,Yes,Yes,Yes,Yes,Yes,No,No,0,2020-02-01,488
5172-MIGPM,2019-10-01,No,Month-to-month,No,Mailed_check,65.55,237.2,Male,0,No,No,DSL,No,No,No,Yes,No,Yes,Yes,0,2020-02-01,123
1710-RCXUS,2015-11-01,No,One_year,Yes,Credit_card_(automatic),90.35,4614.55,Male,0,Yes,No,Fiber_optic,No,Yes,No,No,No,Yes,Yes,0,2020-02-01,1553
0374-FIUCA,2014-09-01,No,Two_year,Yes,Credit_card_(automatic),20.4,1414.45,Male,0,Yes,No,No,No,No,No,No,No,No,No,0,2020-02-01,1979
5839-SUYVZ,2018-10-01,No,Month-to-month,Yes,Credit_card_(automatic),74.55,1170.5,Male,0,No,No,Fiber_optic,No,No,No,Yes,No,No,No,0,2020-02-01,488
5173-ZXXXL,2019-12-01,No,One_year,No,Mailed_check,19.95,47.7,Male,0,No,No,No,No,No,No,No,No,No,No,0,2020-02-01,62
1096-ADRUX,2014-08-01,No,One_year,Yes,Bank_transfer_(automatic),74.25,4859.25,Female,0,Yes,Yes,Fiber_optic,No,No,No,No,No,No,Yes,0,2020-02-01,2010
2001-MCUUW,2016-04-01,No,Two_year,No,Electronic_check,108.65,4903.2,Male,0,No,No,Fiber_optic,No,Yes,Yes,Yes,Yes,Yes,Yes,0,2020-02-01,1401
2731-GJRDG,2017-06-01,No,One_year,Yes,Bank_transfer_(automatic),109.55,3608.0,Female,0,No,No,Fiber_optic,Yes,No,Yes,Yes,Yes,Yes,Yes,0,2020-02-01,975
4723-BEGSG,2014-02-01,No,Two_year,No,Credit_card_(automatic),86.65,6094.25,Male,0,Yes,No,DSL,Yes,No,Yes,Yes,Yes,Yes,Yes,0,2020-02-01,2191
6516-NKQBO,2016-12-01,No,Two_year,No,Credit_card_(automatic),81.0,3084.9,Male,0,Yes,Yes,DSL,Yes,No,Yes,Yes,Yes,Yes,No,0,2020-02-01,1157
8672-OAUPW,2015-11-01,No,One_year,No,Credit_card_(automatic),47.85,2356.75,Male,0,No,Yes,DSL,No,No,No,Yes,No,No,No,0,2020-02-01,1553
8207-DMRVL,2014-02-01,No,Two_year,No,Bank_transfer_(automatic),114.55,8306.05,Male,0,Yes,Yes,Fiber_optic,Yes,Yes,Yes,Yes,Yes,Yes,Yes,0,2020-02-01,2191
3419-SNJJD,2014-08-01,2020-01-01 00:00:00,Month-to-month,No,Bank_transfer_(automatic),105.25,6786.4,Female,1,Yes,No,Fiber_optic,Yes,No,Yes,No,Yes,Yes,Yes,1,2020-01-01,1979
6543-CPZMK,2019-02-01,2019-11-01 00:00:00,Month-to-month,Yes,Electronic_check,29.95,248.95,Male,0,Yes,Yes,DSL,No,Yes,No,No,No,No,No,1,2019-11-01,273
4765-OXPPD,2019-01-01,2019-10-01 00:00:00,Month-to-month,No,Mailed_check,65.0,663.05,Female,0,Yes,Yes,DSL,Yes,Yes,Yes,Yes,No,No,No,1,2019-10-01,273
2804-ETQDK,2014-08-01,No,Two_year,No,Mailed_check,20.55,1357.1,Male,0,No,Yes,No,No,No,No,No,No,No,No,0,2020-02-01,2010
6689-VRRTK,2016-06-01,No,One_year,Yes,Credit_card_(automatic),109.8,4860.35,Female,1,No,No,Fiber_optic,Yes,Yes,Yes,No,Yes,Yes,Yes,0,2020-02-01,1340
7138-GIRSH,2015-12-01,No,Two_year,No,Bank_transfer_(automatic),69.5,3418.2,Male,0,No,No,DSL,No,No,Yes,Yes,No,Yes,Yes,0,2020-02-01,1523
9396-ZSFLL,2018-11-01,No,Month-to-month,No,Mailed_check,48.85,631.4,Female,0,No,No,DSL,No,No,No,No,No,No,Yes,0,2020-02-01,457
6464-KEXXH,2019-06-01,No,Month-to-month,Yes,Credit_card_(automatic),25.25,186.3,Male,0,No,No,DSL,No,No,No,No,No,No,No,0,2020-02-01,245
7134-MJPDY,2014-08-01,No,One_year,Yes,Credit_card_(automatic),102.85,6976.75,Female,1,No,No,Fiber_optic,No,No,Yes,Yes,Yes,Yes,Yes,0,2020-02-01,2010
5240-CAOYT,2015-05-01,No,Month-to-month,Yes,Bank_transfer_(automatic),87.55,4884.85,Female,0,No,No,Fiber_optic,Yes,Yes,No,Yes,No,No,Yes,0,2020-02-01,1737
4059-IIEBK,2019-07-01,No,Month-to-month,Yes,Bank_transfer_(automatic),78.55,522.95,Female,0,No,No,Fiber_optic,No,Yes,No,No,No,No,Yes,0,2020-02-01,215
4881-JVQOD,2019-04-01,No,Month-to-month,Yes,Bank_transfer_(automatic),34.55,362.6,Male,1,Yes,Yes,DSL,No,No,No,No,No,Yes,No,0,2020-02-01,306
0516-UXRMT,2014-12-01,No,One_year,Yes,Electronic_check,92.05,5755.8,Female,0,No,No,Fiber_optic,Yes,Yes,Yes,No,No,No,Yes,0,2020-02-01,1888
4851-BQDNX,2016-10-01,No,One_year,Yes,Electronic_check,85.05,3355.65,Male,0,Yes,Yes,Fiber_optic,No,No,Yes,No,Yes,No,No,0,2020-02-01,1218
5148-HKFIR,2018-06-01,No,Two_year,No,Mailed_check,19.7,406.95,Female,0,No,No,No,No,No,No,No,No,No,No,0,2020-02-01,610
1009-IRMNA,2019-04-01,2019-11-01 00:00:00,Month-to-month,No,Bank_transfer_(automatic),20.0,137.6,Female,0,No,No,No,No,No,No,No,No,No,No,1,2019-11-01,214
3003-CMDUU,2018-01-01,No,Month-to-month,Yes,Electronic_check,95.15,2395.7,Female,0,Yes,No,Fiber_optic,No,No,No,Yes,Yes,Yes,No,0,2020-02-01,761
5016-IBERQ,2018-03-01,No,Month-to-month,No,Electronic_check,84.25,1968.1,Male,0,Yes,No,Fiber_optic,No,Yes,Yes,No,No,No,Yes,0,2020-02-01,702
6797-UCJHZ,2014-08-01,No,One_year,No,Credit_card_(automatic),104.6,6819.45,Female,1,Yes,No,Fiber_optic,No,Yes,Yes,No,Yes,Yes,Yes,0,2020-02-01,2010
2469-DTSGX,2014-02-01,No,Two_year,No,Electronic_check,111.65,7943.45,Female,1,No,No,Fiber_optic,No,Yes,Yes,Yes,Yes,Yes,Yes,0,2020-02-01,2191
4554-YGZIH,2015-09-01,2019-10-01 00:00:00,Month-to-month,No,Credit_card_(automatic),90.05,4547.25,Male,1,Yes,No,Fiber_optic,No,Yes,No,No,No,Yes,Yes,1,2019-10-01,1491
5099-BAILX,2016-03-01,2019-10-01 00:00:00,Month-to-month,Yes,Bank_transfer_(automatic),110.75,4687.9,Male,1,Yes,Yes,Fiber_optic,No,Yes,Yes,Yes,Yes,Yes,Yes,1,2019-10-01,1309
9931-KGHOA,2016-04-01,No,Month-to-month,No,Bank_transfer_(automatic),55.0,2473.95,Female,0,Yes,No,DSL,Yes,No,No,No,No,No,Yes,0,2020-02-01,1401
1775-KWJKQ,2014-02-01,No,Two_year,No,Credit_card_(automatic),89.85,6562.9,Male,0,Yes,Yes,DSL,Yes,Yes,Yes,Yes,Yes,Yes,Yes,0,2020-02-01,2191
7665-VIGUD,2019-04-01,No,One_year,No,Mailed_check,20.35,176.3,Male,0,No,No,No,No,No,No,No,No,No,No,0,2020-02-01,306
9411-TPQQV,2016-10-01,No,One_year,Yes,Bank_transfer_(automatic),54.55,2236.2,Female,0,No,No,DSL,Yes,No,No,Yes,Yes,Yes,No,0,2020-02-01,1218
7207-RMRDB,2014-07-01,2019-12-01 00:00:00,Month-to-month,Yes,Electronic_check,105.5,6985.65,Female,0,Yes,Yes,Fiber_optic,No,Yes,Yes,No,Yes,Yes,Yes,1,2019-12-01,1979
7954-MLBUN,2017-07-01,No,Two_year,No,Bank_transfer_(automatic),99.45,3109.9,Male,0,No,No,Fiber_optic,No,No,Yes,Yes,Yes,Yes,No,0,2020-02-01,945
2077-DDHJK,2014-06-01,No,Two_year,No,Credit_card_(automatic),70.9,4911.35,Female,0,Yes,No,DSL,Yes,Yes,Yes,Yes,No,No,Yes,0,2020-02-01,2071
4913-EHYUI,2015-05-01,2020-01-01 00:00:00,One_year,Yes,Bank_transfer_(automatic),104.55,5794.65,Male,1,Yes,Yes,Fiber_optic,Yes,No,Yes,No,Yes,Yes,Yes,1,2020-01-01,1706
0195-IESCP,2019-03-01,2020-01-01 00:00:00,Month-to-month,Yes,Electronic_check,85.25,855.3,Male,0,Yes,No,Fiber_optic,No,No,No,No,No,Yes,Yes,1,2020-01-01,306
9574-BOSMD,2014-06-01,No,Two_year,No,Bank_transfer_(automatic),25.4,1620.2,Male,0,Yes,Yes,No,No,No,No,No,No,No,Yes,0,2020-02-01,2071
4580-TMHJU,2016-05-01,2019-12-01 00:00:00,Month-to-month,No,Electronic_check,56.15,2499.3,Female,0,Yes,Yes,DSL,No,No,No,No,Yes,No,No,1,2019-12-01,1309
0970-ETWGE,2019-09-01,2019-10-01 00:00:00,Month-to-month,Yes,Electronic_check,89.55,89.55,Male,0,No,No,Fiber_optic,No,No,No,No,Yes,Yes,No,1,2019-10-01,30
4908-XAXAY,2016-01-01,No,One_year,Yes,Bank_transfer_(automatic),89.85,4287.2,Female,1,No,No,Fiber_optic,No,Yes,Yes,No,No,Yes,No,0,2020-02-01,1492
8404-VLQFB,2018-11-01,No,Month-to-month,Yes,Electronic_check,25.25,394.85,Female,0,Yes,Yes,No,No,No,No,No,No,No,Yes,0,2020-02-01,457
1626-ERCMM,2018-02-01,2019-10-01 00:00:00,Month-to-month,Yes,Electronic_check,94.55,1899.65,Male,1,Yes,No,Fiber_optic,No,No,No,No,Yes,Yes,Yes,1,2019-10-01,607
0887-HJGAR,2019-11-01,2019-12-01 00:00:00,Month-to-month,Yes,Mailed_check,45.7,45.7,Male,0,No,No,DSL,No,No,No,No,No,No,No,1,2019-12-01,30
2391-IPLOP,2015-12-01,No,One_year,Yes,Electronic_check,69.65,3442.15,Male,0,Yes,Yes,DSL,No,No,Yes,Yes,Yes,No,Yes,0,2020-02-01,1523
5644-PDMZC,2019-08-01,2019-10-01 00:00:00,Month-to-month,No,Electronic_check,89.5,161.5,Female,1,No,No,Fiber_optic,No,Yes,No,No,No,Yes,Yes,1,2019-10-01,61
3509-GWQGF,2018-02-01,No,Month-to-month,No,Credit_card_(automatic),70.0,1732.6,Male,1,No,No,Fiber_optic,No,No,No,No,No,No,No,0,2020-02-01,730
9576-ANLXO,2019-09-01,2019-12-01 00:00:00,Month-to-month,Yes,Bank_transfer_(automatic),69.55,222.3,Female,0,No,No,Fiber_optic,No,No,No,No,No,No,No,1,2019-12-01,91
2024-BASKD,2019-10-01,2019-11-01 00:00:00,Month-to-month,Yes,Mailed_check,74.6,74.6,Female,0,No,No,Fiber_optic,No,No,Yes,No,No,No,No,1,2019-11-01,31
5845-BZZIB,2017-03-01,No,Two_year,No,Mailed_check,20.1,655.3,Male,0,Yes,Yes,No,No,No,No,No,No,No,No,0,2020-02-01,1067
1140-UKVZG,2018-09-01,No,Month-to-month,No,Mailed_check,24.8,475.25,Female,0,No,No,No,No,No,No,No,No,No,Yes,0,2020-02-01,518
4160-AMJTL,2019-05-01,2020-01-01 00:00:00,Month-to-month,No,Electronic_check,19.65,164.3,Female,1,No,No,No,No,No,No,No,No,No,No,1,2020-01-01,245
5183-SNMJQ,2019-04-01,No,Month-to-month,Yes,Credit_card_(automatic),95.1,865.1,Male,0,No,No,Fiber_optic,No,No,No,Yes,Yes,Yes,No,0,2020-02-01,306
8100-PNJMH,2014-06-01,No,Two_year,Yes,Credit_card_(automatic),88.85,6132.7,Male,0,Yes,Yes,DSL,Yes,Yes,Yes,Yes,Yes,Yes,Yes,0,2020-02-01,2071
7838-LAZFO,2016-05-01,No,One_year,No,Bank_transfer_(automatic),78.8,3597.5,Male,0,Yes,No,DSL,Yes,Yes,Yes,No,Yes,Yes,No,0,2020-02-01,1371
4464-JCOLN,2019-11-01,2020-01-01 00:00:00,One_year,No,Mailed_check,19.85,35.9,Male,0,Yes,Yes,No,No,No,No,No,No,No,No,1,2020-01-01,61
2085-JVGAD,2017-01-01,No,Month-to-month,No,Bank_transfer_(automatic),20.35,697.65,Male,0,Yes,No,No,No,No,No,No,No,No,No,0,2020-02-01,1126
5650-VDUDS,2019-08-01,2019-12-01 00:00:00,Month-to-month,Yes,Mailed_check,24.25,96.05,Female,0,No,No,DSL,No,No,No,No,No,No,No,1,2019-12-01,122
8095-WANWK,2019-04-01,No,Month-to-month,No,Mailed_check,45.25,428.7,Female,0,No,No,DSL,No,No,No,No,No,No,No,0,2020-02-01,306
3030-ZKIWL,2020-01-01,No,Month-to-month,No,Mailed_check,20.05,20.05,Male,0,No,No,No,No,No,No,No,No,No,No,0,2020-02-01,31
9565-FLVCG,2014-09-01,No,Two_year,Yes,Mailed_check,69.55,4459.15,Male,0,Yes,Yes,DSL,Yes,Yes,No,No,No,Yes,Yes,0,2020-02-01,1979
8755-OGKNA,2015-05-01,No,Two_year,No,Bank_transfer_(automatic),19.5,1167.6,Female,0,Yes,Yes,No,No,No,No,No,No,No,No,0,2020-02-01,1737
2800-VEQXM,2019-11-01,No,Month-to-month,Yes,Mailed_check,74.75,238.1,Female,0,No,No,Fiber_optic,No,No,Yes,No,No,No,No,0,2020-02-01,92
7538-GWHML,2019-08-01,2019-10-01 00:00:00,Month-to-month,No,Electronic_check,69.65,145.15,Female,0,No,No,Fiber_optic,No,No,No,No,No,No,No,1,2019-10-01,61
5533-RJFTJ,2016-01-01,No,Month-to-month,Yes,Bank_transfer_(automatic),30.2,1453.1,Male,0,No,No,DSL,No,No,Yes,No,No,No,No,0,2020-02-01,1492
3859-CVCET,2019-09-01,2020-01-01 00:00:00,Month-to-month,No,Mailed_check,45.65,191.05,Female,0,No,No,DSL,No,No,No,No,No,No,No,1,2020-01-01,122
0214-JHPFW,2014-04-01,No,Two_year,No,Bank_transfer_(automatic),57.8,4039.3,Female,0,Yes,No,DSL,No,Yes,Yes,Yes,Yes,Yes,No,0,2020-02-01,2132
5642-MHDQT,2015-09-01,No,One_year,Yes,Bank_transfer_(automatic),19.85,1039.45,Female,0,Yes,Yes,No,No,No,No,No,No,No,No,0,2020-02-01,1614
3088-FVYWK,2015-09-01,No,Two_year,No,Credit_card_(automatic),25.55,1336.1,Male,0,Yes,Yes,No,No,No,No,No,No,No,Yes,0,2020-02-01,1614
3276-HDUEG,2019-09-01,2019-10-01 00:00:00,Month-to-month,Yes,Mailed_check,75.05,75.05,Female,0,No,No,Fiber_optic,No,No,No,No,No,No,Yes,1,2019-10-01,30
9092-GDZKO,2018-04-01,No,Month-to-month,Yes,Credit_card_(automatic),24.85,493.4,Male,0,No,No,No,No,No,No,No,No,No,Yes,0,2020-02-01,671
0823-HSCDJ,2015-09-01,2020-01-01 00:00:00,Month-to-month,Yes,Electronic_check,49.15,2550.9,Male,1,No,No,DSL,No,Yes,No,No,Yes,Yes,No,1,2020-01-01,1583
3729-OWRVL,2014-09-01,No,Two_year,Yes,Electronic_check,110.35,7246.15,Male,1,No,No,Fiber_optic,Yes,No,Yes,Yes,Yes,Yes,Yes,0,2020-02-01,1979
2324-AALNO,2016-02-01,No,One_year,No,Bank_transfer_(automatic),24.55,1203.95,Female,0,No,No,No,No,No,No,No,No,No,Yes,0,2020-02-01,1461
0822-GAVAP,2019-10-01,2019-12-01 00:00:00,Month-to-month,Yes,Electronic_check,34.7,62.25,Female,0,No,No,DSL,No,No,No,No,No,Yes,No,1,2019-12-01,61
5760-IFJOZ,2019-11-01,No,Month-to-month,No,Mailed_check,107.95,313.6,Male,0,No,No,Fiber_optic,No,Yes,Yes,No,Yes,Yes,Yes,0,2020-02-01,92
2826-UWHIS,2016-05-01,No,Month-to-month,No,Bank_transfer_(automatic),81.4,3775.85,Male,0,Yes,No,Fiber_optic,No,Yes,No,No,No,No,Yes,0,2020-02-01,1371
1448-PWKYE,2019-12-01,2020-01-01 00:00:00,Month-to-month,No,Electronic_check,80.0,80.0,Male,0,Yes,Yes,Fiber_optic,No,No,No,No,No,Yes,No,1,2020-01-01,31
7501-IWUNG,2015-01-01,No,Two_year,Yes,Bank_transfer_(automatic),73.8,4616.05,Female,0,Yes,Yes,DSL,No,No,Yes,Yes,Yes,Yes,No,0,2020-02-01,1857
4957-TREIR,2019-11-01,No,Month-to-month,Yes,Credit_card_(automatic),64.4,195.65,Male,0,No,No,DSL,Yes,No,No,Yes,Yes,No,No,0,2020-02-01,92
7251-LJBQN,2016-10-01,No,One_year,Yes,Credit_card_(automatic),103.75,4188.4,Female,1,No,No,Fiber_optic,No,No,Yes,Yes,Yes,Yes,Yes,0,2020-02-01,1218
8040-MNRTF,2020-01-01,No,Month-to-month,No,Mailed_check,71.1,71.1,Female,0,No,No,Fiber_optic,No,No,No,No,No,No,No,0,2020-02-01,31
1536-HBSWP,2020-01-01,No,Month-to-month,Yes,Electronic_check,49.9,49.9,Female,0,No,No,DSL,No,No,No,Yes,No,No,No,0,2020-02-01,31
5313-FPXWG,2015-11-01,No,One_year,Yes,Bank_transfer_(automatic),24.6,1266.4,Male,0,No,No,No,No,No,No,No,No,No,Yes,0,2020-02-01,1553
0067-DKWBL,2019-10-01,2019-12-01 00:00:00,Month-to-month,Yes,Electronic_check,49.25,91.1,Male,1,No,No,DSL,Yes,No,No,No,No,No,No,1,2019-12-01,61
0946-FKYTX,2015-10-01,No,One_year,No,Mailed_check,30.1,1623.4,Male,0,No,No,DSL,No,Yes,No,No,No,No,No,0,2020-02-01,1584
5076-YVXCM,2015-11-01,No,Month-to-month,No,Bank_transfer_(automatic),83.4,4149.45,Male,0,No,No,Fiber_optic,No,No,No,No,No,Yes,Yes,0,2020-02-01,1553
8262-COGGB,2020-01-01,No,Month-to-month,Yes,Mailed_check,20.45,20.45,Male,0,No,No,No,No,No,No,No,No,No,No,0,2020-02-01,31
6663-JOCQO,2017-07-01,No,One_year,Yes,Bank_transfer_(automatic),75.25,2344.5,Male,0,Yes,Yes,DSL,Yes,Yes,No,Yes,No,Yes,Yes,0,2020-02-01,945
9620-QJREV,2016-03-01,No,One_year,No,Credit_card_(automatic),20.55,1013.05,Male,0,No,Yes,No,No,No,No,No,No,No,No,0,2020-02-01,1432
2276-YDAVZ,2019-07-01,2019-10-01 00:00:00,Month-to-month,Yes,Credit_card_(automatic),75.1,270.7,Female,0,No,No,Fiber_optic,No,No,No,No,No,No,Yes,1,2019-10-01,92
2682-KEVRP,2018-04-01,No,One_year,Yes,Mailed_check,20.05,417.0,Female,1,No,No,No,No,No,No,No,No,No,No,0,2020-02-01,671
2480-JZOSN,2020-01-01,No,Month-to-month,Yes,Mailed_check,20.65,20.65,Female,0,Yes,No,No,No,No,No,No,No,No,No,0,2020-02-01,31
0078-XZMHT,2014-02-01,No,Two_year,Yes,Bank_transfer_(automatic),85.15,6316.2,Male,0,Yes,No,DSL,No,Yes,Yes,Yes,Yes,Yes,Yes,0,2020-02-01,2191
5896-NPFWW,2019-08-01,2019-11-01 00:00:00,Month-to-month,Yes,Electronic_check,50.15,168.15,Male,0,Yes,Yes,DSL,No,No,Yes,No,No,No,No,1,2019-11-01,92
9978-HYCIN,2016-03-01,No,One_year,Yes,Bank_transfer_(automatic),84.95,4018.05,Male,1,Yes,Yes,Fiber_optic,No,Yes,No,No,Yes,No,No,0,2020-02-01,1432
8338-QIUNR,2014-02-01,No,Two_year,Yes,Credit_card_(automatic),66.5,4811.6,Male,0,Yes,Yes,DSL,Yes,No,Yes,Yes,No,No,Yes,0,2020-02-01,2191
1525-LNLOJ,2014-08-01,No,Two_year,Yes,Bank_transfer_(automatic),63.3,4189.7,Male,0,Yes,Yes,DSL,No,No,Yes,No,Yes,No,Yes,0,2020-02-01,2010
9450-TRJUU,2017-03-01,No,Month-to-month,No,Electronic_check,83.15,2848.45,Male,0,No,No,Fiber_optic,No,No,No,No,Yes,No,Yes,0,2020-02-01,1067
1766-GKNMI,2017-09-01,No,Month-to-month,Yes,Electronic_check,84.9,2516.2,Male,0,No,No,Fiber_optic,No,No,No,No,No,Yes,Yes,0,2020-02-01,883
6942-LBFDP,2019-12-01,No,Month-to-month,Yes,Mailed_check,20.55,33.6,Female,0,No,No,No,No,No,No,No,No,No,No,0,2020-02-01,62
1456-TWCGB,2019-10-01,No,Month-to-month,No,Mailed_check,49.25,208.45,Male,0,No,No,DSL,No,Yes,No,No,No,No,No,0,2020-02-01,123
7133-VBDCG,2017-10-01,2019-11-01 00:00:00,Month-to-month,Yes,Bank_transfer_(automatic),79.85,2015.35,Female,0,No,No,Fiber_optic,Yes,Yes,No,No,No,No,No,1,2019-11-01,761
7596-ZYWBB,2014-09-01,No,Two_year,Yes,Mailed_check,59.6,3739.8,Female,0,No,No,DSL,Yes,Yes,No,Yes,No,No,No,0,2020-02-01,1979
8329-UTMVM,2017-11-01,No,One_year,Yes,Bank_transfer_(automatic),104.65,2964.0,Male,1,No,No,Fiber_optic,No,Yes,No,Yes,Yes,Yes,Yes,0,2020-02-01,822
3014-WJKSM,2017-09-01,No,Month-to-month,Yes,Credit_card_(automatic),75.3,2263.4,Male,0,Yes,No,Fiber_optic,No,No,Yes,No,No,No,No,0,2020-02-01,883
3347-YJZZE,2017-09-01,No,Month-to-month,No,Credit_card_(automatic),80.1,2211.8,Male,0,Yes,Yes,DSL,No,Yes,Yes,No,Yes,Yes,Yes,0,2020-02-01,883
1029-QFBEN,2019-09-01,2019-10-01 00:00:00,Month-to-month,No,Mailed_check,19.55,19.55,Male,0,No,No,No,No,No,No,No,No,No,No,1,2019-10-01,30
7929-DMBCV,2018-06-01,No,Month-to-month,Yes,Mailed_check,81.0,1683.7,Female,0,Yes,No,Fiber_optic,No,No,Yes,Yes,No,No,No,0,2020-02-01,610
9661-JALZV,2015-04-01,No,Two_year,Yes,Credit_card_(automatic),24.7,1519.0,Female,0,No,No,No,No,No,No,No,No,No,Yes,0,2020-02-01,1767
5433-KYGHE,2018-12-01,No,Month-to-month,Yes,Mailed_check,86.0,1164.05,Female,0,No,Yes,Fiber_optic,Yes,No,No,Yes,No,No,Yes,0,2020-02-01,427
4312-KFRXN,2014-02-01,No,Two_year,No,Mailed_check,25.4,1710.9,Male,0,Yes,No,No,No,No,No,No,No,No,Yes,0,2020-02-01,2191
5575-TPIZQ,2016-04-01,No,Month-to-month,Yes,Credit_card_(automatic),89.15,4245.55,Male,0,No,No,Fiber_optic,Yes,No,No,No,Yes,No,Yes,0,2020-02-01,1401
0114-IGABW,2014-03-01,No,Two_year,No,Bank_transfer_(automatic),58.25,4145.9,Female,0,Yes,No,DSL,No,Yes,Yes,Yes,Yes,Yes,No,0,2020-02-01,2163
9944-AEXBM,2017-06-01,No,Month-to-month,Yes,Bank_transfer_(automatic),85.65,2664.3,Male,0,No,No,Fiber_optic,No,No,No,No,No,Yes,Yes,0,2020-02-01,975
1853-ARAAQ,2017-12-01,No,Month-to-month,Yes,Credit_card_(automatic),50.35,1277.5,Female,0,No,No,DSL,No,No,Yes,No,Yes,Yes,No,0,2020-02-01,792
6952-OMNWB,2014-06-01,No,Month-to-month,Yes,Credit_card_(automatic),80.35,5589.3,Male,1,Yes,No,Fiber_optic,No,No,Yes,No,No,No,Yes,0,2020-02-01,2071
4697-LUPSU,2019-12-01,No,One_year,No,Mailed_check,20.2,34.75,Male,0,Yes,Yes,No,No,No,No,No,No,No,No,0,2020-02-01,62
8434-VGEQQ,2015-01-01,No,Two_year,No,Credit_card_(automatic),20.55,1305.95,Male,0,Yes,Yes,No,No,No,No,No,No,No,No,0,2020-02-01,1857
4952-YSOGZ,2019-07-01,2019-11-01 00:00:00,Month-to-month,Yes,Electronic_check,85.95,381.3,Female,0,Yes,Yes,Fiber_optic,No,No,No,No,No,Yes,Yes,1,2019-11-01,123
1589-AGTLK,2019-08-01,2019-11-01 00:00:00,Month-to-month,Yes,Electronic_check,45.35,141.5,Male,0,No,No,DSL,No,No,No,No,No,No,No,1,2019-11-01,92
5244-IRFIH,2017-01-01,2019-10-01 00:00:00,Month-to-month,Yes,Electronic_check,94.5,3105.55,Male,1,Yes,No,Fiber_optic,No,No,No,No,Yes,Yes,Yes,1,2019-10-01,1003
6549-YMFAW,2019-05-01,No,Month-to-month,Yes,Mailed_check,21.25,204.55,Male,1,Yes,No,No,No,No,No,No,No,No,No,0,2020-02-01,276
4950-HKQTE,2018-04-01,No,Two_year,No,Mailed_check,26.25,605.9,Female,0,No,No,No,No,No,No,No,No,No,Yes,0,2020-02-01,671
6786-OBWQR,2019-09-01,No,Month-to-month,Yes,Electronic_check,80.85,356.1,Female,0,Yes,Yes,Fiber_optic,No,No,No,No,Yes,No,No,0,2020-02-01,153
2684-EIWEO,2017-05-01,2019-11-01 00:00:00,Month-to-month,No,Credit_card_(automatic),91.7,2758.15,Female,1,No,No,Fiber_optic,Yes,Yes,Yes,No,No,No,Yes,1,2019-11-01,914
2753-JMMCV,2014-09-01,No,Two_year,Yes,Credit_card_(automatic),74.2,4805.65,Male,0,No,No,DSL,No,Yes,Yes,Yes,No,Yes,Yes,0,2020-02-01,1979
6439-GTPCA,2016-02-01,2019-11-01 00:00:00,Month-to-month,Yes,Electronic_check,87.25,3941.7,Female,0,No,No,Fiber_optic,No,No,Yes,Yes,No,No,Yes,1,2019-11-01,1369
6621-YOBKI,2019-09-01,No,Month-to-month,No,Mailed_check,20.35,92.75,Male,0,No,No,No,No,No,No,No,No,No,No,0,2020-02-01,153
1216-JWVUX,2018-01-01,No,Month-to-month,Yes,Electronic_check,75.5,1901.05,Male,0,Yes,Yes,Fiber_optic,No,Yes,No,No,No,No,No,0,2020-02-01,761
7564-GHCVB,2014-02-01,No,Two_year,No,Bank_transfer_(automatic),79.05,5730.7,Female,0,Yes,Yes,Fiber_optic,Yes,No,No,No,No,No,Yes,0,2020-02-01,2191
1173-NOEYG,2017-11-01,No,Month-to-month,No,Bank_transfer_(automatic),90.15,2423.4,Female,0,Yes,No,Fiber_optic,No,No,Yes,No,No,Yes,Yes,0,2020-02-01,822
7595-EHCDL,2017-06-01,No,Month-to-month,No,Credit_card_(automatic),50.6,1653.45,Male,0,Yes,Yes,DSL,No,No,Yes,No,Yes,Yes,No,0,2020-02-01,975
6647-ZEDXT,2017-08-01,No,One_year,No,Credit_card_(automatic),110.45,3327.05,Female,0,No,No,Fiber_optic,No,Yes,Yes,Yes,Yes,Yes,Yes,0,2020-02-01,914
2521-NPUZR,2014-04-01,No,Two_year,No,Credit_card_(automatic),101.0,7085.5,Male,0,Yes,No,Fiber_optic,Yes,Yes,Yes,Yes,No,Yes,No,0,2020-02-01,2132
1307-TVUFB,2016-08-01,No,Month-to-month,Yes,Bank_transfer_(automatic),79.35,3344.1,Male,1,No,No,Fiber_optic,No,Yes,No,No,No,No,Yes,0,2020-02-01,1279
7503-MIOGA,2014-02-01,No,Two_year,Yes,Bank_transfer_(automatic),89.85,6697.35,Female,1,Yes,No,DSL,Yes,Yes,Yes,Yes,Yes,Yes,Yes,0,2020-02-01,2191
4381-MHQDC,2016-03-01,No,Two_year,Yes,Mailed_check,65.0,2879.9,Female,0,No,No,DSL,Yes,No,Yes,Yes,No,No,Yes,0,2020-02-01,1432
6923-JHPMP,2019-12-01,No,Month-to-month,Yes,Electronic_check,80.45,137.1,Female,0,No,No,Fiber_optic,Yes,No,Yes,No,No,No,No,0,2020-02-01,62
5138-WVKYJ,2019-02-01,2019-12-01 00:00:00,Month-to-month,No,Electronic_check,98.55,1008.55,Male,0,No,No,Fiber_optic,Yes,No,No,No,Yes,Yes,Yes,1,2019-12-01,303
4018-PPNDW,2015-01-01,No,Two_year,Yes,Mailed_check,24.1,1551.6,Female,0,Yes,Yes,No,No,No,No,No,No,No,Yes,0,2020-02-01,1857
1635-FJFCC,2019-09-01,No,Month-to-month,Yes,Credit_card_(automatic),44.05,202.15,Female,0,No,No,DSL,No,No,No,No,No,No,No,0,2020-02-01,153
2499-AJYUA,2014-02-01,No,Two_year,Yes,Credit_card_(automatic),110.8,7882.25,Female,1,Yes,No,Fiber_optic,No,Yes,Yes,Yes,Yes,Yes,Yes,0,2020-02-01,2191
6919-ELBGL,2014-02-01,No,Two_year,Yes,Bank_transfer_(automatic),114.95,8196.4,Male,1,Yes,Yes,Fiber_optic,Yes,Yes,Yes,Yes,Yes,Yes,Yes,0,2020-02-01,2191
3966-HRMZA,2019-11-01,No,Month-to-month,No,Mailed_check,75.05,202.9,Female,1,No,No,Fiber_optic,No,No,Yes,No,No,No,No,0,2020-02-01,92
6425-JWTDV,2016-02-01,No,Two_year,No,Mailed_check,19.25,855.1,Male,0,Yes,No,No,No,No,No,No,No,No,No,0,2020-02-01,1461
8405-IGQFX,2014-11-01,No,One_year,Yes,Credit_card_(automatic),90.05,5817.0,Female,0,No,No,Fiber_optic,No,No,Yes,Yes,Yes,No,No,0,2020-02-01,1918
8224-IVVPA,2017-11-01,No,Month-to-month,Yes,Mailed_check,56.7,1652.95,Female,0,No,No,DSL,Yes,Yes,No,No,No,No,No,0,2020-02-01,822
9477-LGWQI,2014-04-01,No,Two_year,Yes,Credit_card_(automatic),80.15,5600.15,Male,0,Yes,Yes,DSL,Yes,Yes,Yes,No,Yes,Yes,No,0,2020-02-01,2132
1410-RSCMR,2019-07-01,No,Month-to-month,Yes,Credit_card_(automatic),71.35,515.75,Male,0,Yes,Yes,DSL,Yes,No,Yes,Yes,No,Yes,No,0,2020-02-01,215
3115-CZMZD,2020-02-01,No,Two_year,No,Mailed_check,20.25,0.0,Male,0,No,Yes,No,No,No,No,No,No,No,No,0,2020-02-01,0
0139-IVFJG,2019-12-01,No,Month-to-month,No,Electronic_check,90.35,190.5,Female,0,Yes,No,Fiber_optic,Yes,Yes,No,No,Yes,No,No,0,2020-02-01,62
6683-VLCTZ,2018-04-01,2019-12-01 00:00:00,Month-to-month,Yes,Electronic_check,98.55,1842.8,Male,1,No,No,Fiber_optic,No,No,Yes,No,Yes,Yes,Yes,1,2019-12-01,609
5730-DBDSI,2014-08-01,No,Two_year,No,Bank_transfer_(automatic),19.7,1253.8,Male,0,No,No,No,No,No,No,No,No,No,No,0,2020-02-01,2010
0030-FNXPP,2019-11-01,No,Month-to-month,No,Mailed_check,19.85,57.2,Female,0,No,No,No,No,No,No,No,No,No,No,0,2020-02-01,92
2189-WWOEW,2018-10-01,2020-01-01 00:00:00,Month-to-month,Yes,Bank_transfer_(automatic),85.9,1269.55,Female,0,No,Yes,Fiber_optic,No,Yes,No,No,No,Yes,No,1,2020-01-01,457
5684-FJVYR,2014-02-01,No,Two_year,Yes,Bank_transfer_(automatic),90.35,6563.4,Female,0,Yes,Yes,Fiber_optic,Yes,Yes,No,Yes,No,No,Yes,0,2020-02-01,2191
4013-GUXND,2020-01-01,No,Month-to-month,No,Mailed_check,20.8,20.8,Male,0,No,No,No,No,No,No,No,No,No,No,0,2020-02-01,31
1894-IGFSG,2017-12-01,2019-10-01 00:00:00,Month-to-month,No,Electronic_check,89.25,1907.85,Female,0,No,No,Fiber_optic,No,No,No,No,Yes,Yes,No,1,2019-10-01,669
7379-POKDZ,2019-07-01,2019-10-01 00:00:00,Month-to-month,Yes,Electronic_check,70.3,208.85,Male,0,Yes,No,Fiber_optic,No,No,No,No,No,No,No,1,2019-10-01,92
1266-NZYUI,2014-02-01,No,Two_year,No,Bank_transfer_(automatic),66.85,4758.8,Female,0,Yes,Yes,DSL,Yes,No,Yes,Yes,No,No,Yes,0,2020-02-01,2191
7969-FFOWG,2014-09-01,No,Two_year,No,Mailed_check,19.9,1292.6,Male,0,Yes,Yes,No,No,No,No,No,No,No,No,0,2020-02-01,1979
4718-DHSMV,2019-03-01,No,Month-to-month,Yes,Mailed_check,35.8,363.15,Female,0,No,No,DSL,No,No,No,No,Yes,No,No,0,2020-02-01,337
5175-WLYXL,2018-04-01,No,Month-to-month,Yes,Mailed_check,78.85,1600.25,Male,0,No,No,Fiber_optic,No,Yes,No,No,No,No,Yes,0,2020-02-01,671
7817-OMJNA,2018-12-01,No,One_year,No,Bank_transfer_(automatic),20.4,275.7,Male,0,No,No,No,No,No,No,No,No,No,No,0,2020-02-01,427
8728-SKJLR,2016-09-01,No,Month-to-month,Yes,Electronic_check,74.25,3089.1,Male,0,No,No,Fiber_optic,No,No,No,Yes,No,No,No,0,2020-02-01,1248
3137-NYQQI,2018-09-01,No,One_year,No,Mailed_check,64.8,1175.6,Male,0,Yes,No,DSL,Yes,Yes,No,No,No,Yes,No,0,2020-02-01,518
7706-DZNKK,2019-03-01,No,Month-to-month,Yes,Credit_card_(automatic),20.45,237.3,Male,0,No,No,No,No,No,No,No,No,No,No,0,2020-02-01,337
0236-HFWSV,2018-08-01,2019-11-01 00:00:00,Month-to-month,Yes,Electronic_check,93.35,1444.65,Male,0,No,No,Fiber_optic,No,No,No,No,Yes,Yes,Yes,1,2019-11-01,457
3900-AQPHZ,2019-12-01,2020-01-01 00:00:00,Month-to-month,No,Mailed_check,19.9,19.9,Female,0,No,No,No,No,No,No,No,No,No,No,1,2020-01-01,31
5842-POCOP,2019-06-01,2019-11-01 00:00:00,Month-to-month,Yes,Mailed_check,88.9,454.15,Female,0,Yes,No,Fiber_optic,Yes,No,Yes,No,No,Yes,No,1,2019-11-01,153
2037-XJFUP,2017-04-01,2020-01-01 00:00:00,One_year,Yes,Electronic_check,95.8,3036.75,Male,0,Yes,No,Fiber_optic,No,No,Yes,No,Yes,Yes,No,1,2020-01-01,1005
8823-RLPWL,2014-02-01,No,Two_year,Yes,Credit_card_(automatic),110.65,8065.65,Female,0,Yes,No,Fiber_optic,Yes,Yes,Yes,No,Yes,Yes,Yes,0,2020-02-01,2191
9505-SQFSW,2019-11-01,No,Month-to-month,No,Mailed_check,40.3,92.5,Female,0,Yes,Yes,DSL,No,Yes,No,No,No,Yes,No,0,2020-02-01,92
7314-OXENN,2019-08-01,2019-10-01 00:00:00,Month-to-month,Yes,Electronic_check,82.0,184.65,Male,0,No,No,Fiber_optic,No,Yes,No,No,No,No,Yes,1,2019-10-01,61
3758-CKOQL,2015-03-01,No,One_year,Yes,Credit_card_(automatic),107.0,6152.3,Female,0,Yes,No,Fiber_optic,Yes,Yes,Yes,Yes,No,Yes,Yes,0,2020-02-01,1798
0322-CHQRU,2019-09-01,2019-11-01 00:00:00,Month-to-month,No,Electronic_check,45.35,89.5,Male,0,No,No,DSL,No,No,No,No,No,No,No,1,2019-11-01,61
5676-CFLYY,2014-03-01,No,Two_year,Yes,Credit_card_(automatic),73.35,5154.5,Male,0,Yes,Yes,DSL,No,Yes,No,Yes,Yes,Yes,No,0,2020-02-01,2163
7521-AFHAB,2019-09-01,No,Month-to-month,No,Mailed_check,44.8,220.45,Female,0,Yes,Yes,DSL,No,No,No,No,No,No,No,0,2020-02-01,153
0285-INHLN,2017-11-01,No,Month-to-month,Yes,Credit_card_(automatic),54.75,1510.3,Male,0,Yes,Yes,DSL,Yes,Yes,No,No,No,No,No,0,2020-02-01,822
4678-DVQEO,2019-10-01,2019-11-01 00:00:00,Month-to-month,Yes,Electronic_check,52.2,52.2,Female,0,No,No,DSL,No,No,No,Yes,No,No,No,1,2019-11-01,31
5125-CNDSP,2014-11-01,No,One_year,Yes,Bank_transfer_(automatic),40.6,2588.95,Male,0,No,Yes,DSL,Yes,Yes,No,Yes,No,No,No,0,2020-02-01,1918
0691-IFBQW,2016-02-01,2019-12-01 00:00:00,One_year,Yes,Electronic_check,110.0,4874.8,Female,1,No,No,Fiber_optic,Yes,Yes,Yes,No,Yes,Yes,Yes,1,2019-12-01,1399
4992-LTJNE,2014-02-01,No,Two_year,No,Bank_transfer_(automatic),55.3,3983.6,Male,0,Yes,Yes,DSL,Yes,No,No,No,No,No,Yes,0,2020-02-01,2191
2202-OUTMO,2017-04-01,No,Month-to-month,Yes,Bank_transfer_(automatic),60.85,2003.6,Female,0,Yes,No,DSL,Yes,No,No,Yes,No,No,Yes,0,2020-02-01,1036
0810-BDHAW,2018-02-01,No,One_year,No,Electronic_check,78.4,1832.4,Female,0,Yes,Yes,DSL,Yes,Yes,No,No,Yes,Yes,Yes,0,2020-02-01,730
0229-LFJAF,2014-02-01,No,Two_year,No,Bank_transfer_(automatic),69.65,4908.25,Male,0,No,No,DSL,Yes,Yes,Yes,Yes,No,No,Yes,0,2020-02-01,2191
7131-ZQZNK,2015-02-01,No,Two_year,No,Credit_card_(automatic),59.85,3590.2,Female,0,Yes,Yes,DSL,Yes,No,Yes,Yes,Yes,Yes,No,0,2020-02-01,1826
3442-ZHHCC,2014-06-01,No,One_year,Yes,Credit_card_(automatic),76.9,5023.0,Male,0,No,No,DSL,Yes,Yes,Yes,No,No,Yes,Yes,0,2020-02-01,2071
5726-CVNYA,2019-06-01,No,Two_year,Yes,Mailed_check,19.85,146.6,Female,0,Yes,Yes,No,No,No,No,No,No,No,No,0,2020-02-01,245
9871-ELEYA,2017-04-01,No,Two_year,No,Credit_card_(automatic),67.65,2339.3,Female,0,No,Yes,DSL,Yes,No,Yes,Yes,Yes,No,No,0,2020-02-01,1036
4257-GAESD,2019-08-01,No,Month-to-month,No,Credit_card_(automatic),45.0,298.7,Female,0,No,No,DSL,No,No,No,No,Yes,Yes,No,0,2020-02-01,184
5173-WXOQV,2019-12-01,No,Month-to-month,Yes,Mailed_check,64.2,143.65,Male,0,Yes,No,DSL,No,Yes,No,Yes,No,Yes,No,0,2020-02-01,62
2040-OBMLJ,2017-07-01,No,One_year,No,Credit_card_(automatic),81.7,2548.65,Male,0,No,No,Fiber_optic,No,No,No,Yes,No,No,Yes,0,2020-02-01,945
6286-ZHAOK,2018-06-01,No,Month-to-month,Yes,Bank_transfer_(automatic),25.55,507.4,Female,0,Yes,Yes,No,No,No,No,No,No,No,Yes,0,2020-02-01,610
3807-XHCJH,2020-01-01,No,Month-to-month,No,Electronic_check,20.0,20.0,Female,0,Yes,Yes,No,No,No,No,No,No,No,No,0,2020-02-01,31
3009-JWMPU,2014-11-01,2020-01-01 00:00:00,One_year,Yes,Electronic_check,96.75,6125.4,Male,0,No,No,Fiber_optic,No,No,Yes,No,Yes,Yes,Yes,1,2020-01-01,1887
5671-RQRLP,2014-04-01,No,Two_year,Yes,Credit_card_(automatic),75.65,5411.4,Female,1,Yes,No,Fiber_optic,No,No,No,No,No,No,Yes,0,2020-02-01,2132
1450-GALXR,2019-01-01,2019-11-01 00:00:00,Month-to-month,Yes,Electronic_check,98.5,1058.25,Female,0,No,No,Fiber_optic,No,No,No,Yes,Yes,Yes,Yes,1,2019-11-01,304
8859-AXJZP,2016-11-01,No,Two_year,Yes,Mailed_check,23.8,903.8,Male,0,Yes,Yes,No,No,No,No,No,No,No,Yes,0,2020-02-01,1187
3174-AKMAS,2016-04-01,No,Two_year,Yes,Credit_card_(automatic),64.2,3009.5,Female,0,Yes,No,DSL,No,Yes,No,Yes,Yes,No,No,0,2020-02-01,1401
3138-BKYAV,2019-05-01,2019-11-01 00:00:00,Month-to-month,Yes,Electronic_check,85.35,489.45,Male,0,No,No,Fiber_optic,No,Yes,No,No,Yes,No,No,1,2019-11-01,184
9926-PJHDQ,2014-02-01,No,Two_year,Yes,Bank_transfer_(automatic),76.8,5468.45,Female,0,Yes,Yes,DSL,No,No,Yes,No,Yes,Yes,Yes,0,2020-02-01,2191
7382-DFJTU,2018-08-01,No,Month-to-month,No,Credit_card_(automatic),55.2,1058.1,Male,0,No,No,DSL,No,No,Yes,Yes,No,No,No,0,2020-02-01,549
2798-NYLMZ,2014-03-01,No,Two_year,Yes,Credit_card_(automatic),108.55,7616.0,Male,0,Yes,No,Fiber_optic,Yes,No,Yes,Yes,Yes,Yes,Yes,0,2020-02-01,2163
4289-DTDKW,2016-08-01,2019-12-01 00:00:00,Month-to-month,Yes,Electronic_check,101.3,4113.1,Male,0,Yes,No,Fiber_optic,No,Yes,No,No,Yes,Yes,Yes,1,2019-12-01,1217
1820-TQVEV,2019-11-01,2019-12-01 00:00:00,Month-to-month,Yes,Electronic_check,69.55,69.55,Male,0,No,No,Fiber_optic,No,No,No,No,No,No,No,1,2019-12-01,30
2239-JALAW,2014-12-01,2019-10-01 00:00:00,One_year,Yes,Bank_transfer_(automatic),103.25,6017.65,Male,0,No,No,Fiber_optic,No,Yes,Yes,No,Yes,Yes,Yes,1,2019-10-01,1765
4853-RULSV,2014-02-01,2019-12-01 00:00:00,Two_year,Yes,Credit_card_(automatic),104.0,7250.15,Male,0,No,No,Fiber_optic,Yes,No,No,Yes,Yes,Yes,Yes,1,2019-12-01,2129
8098-TDCBU,2016-08-01,No,Two_year,No,Electronic_check,25.25,1108.2,Female,0,Yes,No,No,No,No,No,No,No,No,Yes,0,2020-02-01,1279
3551-GAEGL,2017-04-01,No,One_year,No,Bank_transfer_(automatic),30.4,938.65,Male,0,Yes,Yes,DSL,Yes,No,No,No,No,No,No,0,2020-02-01,1036
4785-NKHCX,2019-09-01,No,Month-to-month,No,Bank_transfer_(automatic),20.05,94.15,Male,1,No,No,No,No,No,No,No,No,No,No,0,2020-02-01,153
3196-NVXLZ,2018-01-01,No,Month-to-month,Yes,Mailed_check,84.6,2088.05,Female,0,No,No,Fiber_optic,No,No,No,No,Yes,No,Yes,0,2020-02-01,761
6275-YDUVO,2019-08-01,2019-10-01 00:00:00,Month-to-month,Yes,Mailed_check,86.2,178.7,Female,0,No,No,Fiber_optic,No,No,Yes,No,No,Yes,No,1,2019-10-01,61
0036-IHMOT,2015-07-01,No,One_year,Yes,Bank_transfer_(automatic),103.7,5656.75,Female,0,Yes,Yes,Fiber_optic,No,Yes,Yes,Yes,Yes,Yes,No,0,2020-02-01,1676
0115-TFERT,2018-02-01,2019-11-01 00:00:00,Month-to-month,Yes,Electronic_check,111.2,2317.1,Male,0,Yes,No,Fiber_optic,No,Yes,Yes,Yes,Yes,Yes,Yes,1,2019-11-01,638
4178-EGMON,2014-04-01,No,Two_year,Yes,Credit_card_(automatic),88.0,5986.45,Male,0,Yes,No,Fiber_optic,Yes,Yes,No,Yes,No,No,Yes,0,2020-02-01,2132
4220-TINQT,2015-01-01,No,Month-to-month,Yes,Electronic_check,106.35,6751.35,Female,0,Yes,No,Fiber_optic,No,No,Yes,Yes,Yes,Yes,Yes,0,2020-02-01,1857
5318-YKDPV,2016-07-01,No,Two_year,Yes,Credit_card_(automatic),79.15,3566.6,Male,0,Yes,Yes,DSL,Yes,No,Yes,Yes,Yes,Yes,No,0,2020-02-01,1310
7975-TZMLR,2016-03-01,No,One_year,Yes,Electronic_check,103.1,4889.3,Male,0,No,No,Fiber_optic,No,Yes,Yes,No,Yes,Yes,Yes,0,2020-02-01,1432
0295-QVKPB,2019-09-01,No,Month-to-month,Yes,Credit_card_(automatic),63.95,318.1,Male,0,No,No,DSL,No,No,Yes,Yes,Yes,No,No,0,2020-02-01,153
4335-BSMJS,2014-12-01,No,Two_year,Yes,Credit_card_(automatic),25.8,1563.95,Female,0,No,No,No,No,No,No,No,No,No,Yes,0,2020-02-01,1888
2311-QYMUQ,2018-09-01,2020-01-01 00:00:00,Month-to-month,Yes,Credit_card_(automatic),89.45,1430.25,Female,0,Yes,Yes,Fiber_optic,No,Yes,Yes,No,Yes,No,No,1,2020-01-01,487
3643-AHCFP,2019-06-01,2020-01-01 00:00:00,Month-to-month,Yes,Bank_transfer_(automatic),95.6,644.35,Male,1,Yes,No,Fiber_optic,No,No,No,No,Yes,Yes,Yes,1,2020-01-01,214
9146-JRIOX,2018-12-01,No,Month-to-month,No,Mailed_check,25.55,372.45,Female,0,Yes,Yes,No,No,No,No,No,No,No,Yes,0,2020-02-01,427
3104-OWCGK,2014-10-01,2019-10-01 00:00:00,One_year,No,Electronic_check,90.95,5453.4,Male,0,Yes,Yes,Fiber_optic,No,Yes,Yes,No,Yes,No,No,1,2019-10-01,1826
5337-IIWKZ,2017-04-01,No,Month-to-month,Yes,Electronic_check,44.85,1442.6,Male,0,Yes,Yes,DSL,No,No,Yes,Yes,Yes,No,No,0,2020-02-01,1036
9101-BWFSS,2015-08-01,2019-10-01 00:00:00,One_year,No,Electronic_check,108.55,5610.7,Female,0,Yes,No,Fiber_optic,Yes,Yes,No,Yes,Yes,Yes,Yes,1,2019-10-01,1522
9650-VBUOG,2016-12-01,No,Two_year,No,Credit_card_(automatic),25.05,963.95,Male,0,Yes,Yes,No,No,No,No,No,No,No,Yes,0,2020-02-01,1157
3487-EARAT,2014-04-01,No,One_year,No,Credit_card_(automatic),74.1,5222.3,Female,0,Yes,Yes,DSL,Yes,Yes,Yes,Yes,No,Yes,No,0,2020-02-01,2132
2672-TGEFF,2017-01-01,No,Month-to-month,Yes,Electronic_check,88.8,3340.55,Female,0,Yes,Yes,Fiber_optic,No,Yes,No,No,Yes,No,Yes,0,2020-02-01,1126
9231-ZJYAM,2019-07-01,2019-11-01 00:00:00,Month-to-month,Yes,Electronic_check,78.85,292.8,Female,1,No,No,Fiber_optic,No,No,No,No,Yes,No,No,1,2019-11-01,123
4250-WAROZ,2015-02-01,No,Month-to-month,Yes,Electronic_check,93.25,5774.55,Male,1,Yes,Yes,Fiber_optic,Yes,Yes,No,No,No,Yes,Yes,0,2020-02-01,1826
8184-WMOFI,2014-12-01,No,One_year,No,Credit_card_(automatic),71.4,4487.3,Male,0,Yes,Yes,DSL,Yes,No,Yes,Yes,No,Yes,No,0,2020-02-01,1888
6982-SSHFK,2019-09-01,2019-10-01 00:00:00,Month-to-month,No,Mailed_check,44.4,44.4,Male,0,No,No,DSL,No,No,No,No,No,No,No,1,2019-10-01,30
6092-QZVPP,2017-02-01,No,Month-to-month,Yes,Credit_card_(automatic),79.2,2854.95,Male,0,No,No,DSL,Yes,No,Yes,Yes,Yes,Yes,No,0,2020-02-01,1095
4625-LAMOB,2016-06-01,No,Two_year,No,Credit_card_(automatic),20.4,905.55,Male,0,No,No,No,No,No,No,No,No,No,No,0,2020-02-01,1340
0727-BMPLR,2015-04-01,2019-11-01 00:00:00,One_year,Yes,Electronic_check,100.0,5509.3,Female,1,No,No,Fiber_optic,No,No,Yes,No,Yes,Yes,Yes,1,2019-11-01,1675
0392-BZIUW,2014-02-01,No,Two_year,Yes,Credit_card_(automatic),105.0,7589.8,Female,0,Yes,No,Fiber_optic,Yes,No,Yes,No,Yes,Yes,Yes,0,2020-02-01,2191
1038-ZAGBI,2018-10-01,2019-10-01 00:00:00,One_year,No,Bank_transfer_(automatic),19.8,229.6,Female,0,Yes,Yes,No,No,No,No,No,No,No,No,1,2019-10-01,365
6549-NNDYT,2019-01-01,No,Month-to-month,Yes,Bank_transfer_(automatic),30.85,394.1,Female,0,No,No,DSL,Yes,No,No,No,No,No,No,0,2020-02-01,396
3027-ZTDHO,2019-10-01,2019-11-01 00:00:00,Month-to-month,Yes,Electronic_check,89.9,89.9,Male,0,No,No,Fiber_optic,No,No,No,No,Yes,Yes,No,1,2019-11-01,31
0422-OHQHQ,2018-11-01,No,One_year,No,Mailed_check,20.55,295.95,Female,0,Yes,Yes,No,No,No,No,No,No,No,No,0,2020-02-01,457
6916-HIJSE,2014-09-01,No,Two_year,Yes,Bank_transfer_(automatic),84.85,5459.2,Female,0,No,No,DSL,Yes,Yes,Yes,Yes,Yes,Yes,No,0,2020-02-01,1979
2316-ESMLS,2019-02-01,No,One_year,No,Credit_card_(automatic),33.15,444.75,Female,0,Yes,Yes,DSL,Yes,No,No,Yes,No,No,No,0,2020-02-01,365
9778-OGKQZ,2014-02-01,No,Two_year,Yes,Credit_card_(automatic),92.0,6782.15,Male,0,Yes,No,DSL,Yes,Yes,Yes,Yes,Yes,Yes,Yes,0,2020-02-01,2191
7408-OFWXJ,2014-02-01,No,Two_year,No,Credit_card_(automatic),89.8,6510.45,Female,0,Yes,Yes,DSL,Yes,Yes,Yes,Yes,Yes,Yes,Yes,0,2020-02-01,2191
6007-TCTST,2014-02-01,No,Two_year,Yes,Bank_transfer_(automatic),115.8,8476.5,Female,0,Yes,Yes,Fiber_optic,Yes,Yes,Yes,Yes,Yes,Yes,Yes,0,2020-02-01,2191
2252-NKNSI,2015-10-01,No,Two_year,Yes,Mailed_check,85.15,4461.85,Male,0,No,Yes,DSL,Yes,Yes,No,Yes,Yes,Yes,Yes,0,2020-02-01,1584
8713-IGZSO,2019-12-01,No,Month-to-month,No,Mailed_check,24.85,62.0,Male,0,No,No,No,No,No,No,No,No,No,Yes,0,2020-02-01,62
7905-TVXTA,2019-09-01,No,Month-to-month,Yes,Electronic_check,64.35,352.65,Female,0,No,No,DSL,Yes,No,No,Yes,Yes,No,No,0,2020-02-01,153
7695-PKLCZ,2014-06-01,No,Two_year,No,Credit_card_(automatic),20.5,1424.9,Female,0,No,No,No,No,No,No,No,No,No,No,0,2020-02-01,2071
2382-BCKQJ,2014-08-01,2019-10-01 00:00:00,One_year,Yes,Electronic_check,100.15,6413.65,Female,0,No,Yes,Fiber_optic,No,No,Yes,No,Yes,Yes,Yes,1,2019-10-01,1887
8374-UULRV,2014-02-01,No,Two_year,No,Credit_card_(automatic),86.05,6309.65,Male,0,No,No,DSL,Yes,Yes,No,Yes,Yes,Yes,Yes,0,2020-02-01,2191
2207-NHRJK,2019-11-01,2019-12-01 00:00:00,Month-to-month,No,Electronic_check,50.8,50.8,Male,0,No,No,DSL,No,Yes,No,No,No,No,No,1,2019-12-01,30
3224-DFQNQ,2014-08-01,No,One_year,No,Electronic_check,89.0,5898.6,Female,0,Yes,No,Fiber_optic,Yes,Yes,No,Yes,No,No,Yes,0,2020-02-01,2010
5275-PMFUT,2014-02-01,No,Two_year,Yes,Credit_card_(automatic),64.8,4719.75,Male,0,Yes,Yes,DSL,Yes,Yes,Yes,Yes,Yes,Yes,No,0,2020-02-01,2191
4795-UXVCJ,2017-12-01,No,One_year,No,Credit_card_(automatic),19.8,457.3,Male,0,No,No,No,No,No,No,No,No,No,No,0,2020-02-01,792
9777-IQHWP,2014-10-01,No,Two_year,No,Bank_transfer_(automatic),93.4,5822.3,Male,0,Yes,Yes,Fiber_optic,Yes,No,Yes,No,No,Yes,Yes,0,2020-02-01,1949
0947-MUGVO,2018-04-01,2019-12-01 00:00:00,Month-to-month,Yes,Electronic_check,73.65,1463.5,Male,1,Yes,No,Fiber_optic,No,Yes,No,No,No,No,No,1,2019-12-01,609
9944-HKVVB,2019-09-01,2019-12-01 00:00:00,Month-to-month,Yes,Electronic_check,95.1,307.4,Female,0,No,No,Fiber_optic,No,Yes,No,No,Yes,Yes,No,1,2019-12-01,91
4124-MMETB,2018-03-01,2020-01-01 00:00:00,Month-to-month,Yes,Credit_card_(automatic),94.65,2104.55,Male,0,No,No,Fiber_optic,No,No,No,No,Yes,Yes,Yes,1,2020-01-01,671
3671-SHRSP,2019-08-01,2019-12-01 00:00:00,Month-to-month,Yes,Mailed_check,80.6,319.15,Male,0,Yes,No,Fiber_optic,No,No,Yes,Yes,No,No,No,1,2019-12-01,122
0979-MOZQI,2014-12-01,No,Two_year,Yes,Bank_transfer_(automatic),39.0,2337.45,Male,0,Yes,No,DSL,No,No,No,Yes,Yes,No,No,0,2020-02-01,1888
2732-ISEZX,2019-09-01,No,Month-to-month,Yes,Mailed_check,20.5,104.3,Female,0,No,No,No,No,No,No,No,No,No,No,0,2020-02-01,153
3313-QKNKB,2014-11-01,2019-10-01 00:00:00,One_year,No,Electronic_check,85.55,5084.65,Male,0,Yes,No,Fiber_optic,No,No,No,No,No,Yes,Yes,1,2019-10-01,1795
0323-XWWTN,2019-11-01,No,Two_year,Yes,Mailed_check,26.4,121.25,Male,0,No,Yes,No,No,No,No,No,No,No,Yes,0,2020-02-01,92
1937-OTUKY,2014-02-01,No,Two_year,Yes,Bank_transfer_(automatic),98.2,7015.9,Female,0,Yes,No,Fiber_optic,Yes,No,Yes,Yes,Yes,No,Yes,0,2020-02-01,2191
1573-LGXBA,2015-05-01,No,One_year,Yes,Credit_card_(automatic),97.55,5598.0,Male,0,Yes,Yes,Fiber_optic,No,Yes,Yes,No,Yes,Yes,No,0,2020-02-01,1737
1764-VUUMT,2014-08-01,No,Two_year,No,Credit_card_(automatic),19.95,1269.1,Male,0,No,Yes,No,No,No,No,No,No,No,No,0,2020-02-01,2010
5073-WXOYN,2014-11-01,2019-11-01 00:00:00,Month-to-month,Yes,Electronic_check,50.8,3027.4,Female,0,No,No,DSL,No,Yes,No,No,Yes,Yes,No,1,2019-11-01,1826
4713-ZBURT,2016-05-01,No,Two_year,No,Bank_transfer_(automatic),99.7,4634.35,Male,0,No,Yes,Fiber_optic,No,No,Yes,No,Yes,Yes,Yes,0,2020-02-01,1371
3050-GBUSH,2019-11-01,No,Month-to-month,Yes,Credit_card_(automatic),34.8,113.95,Female,0,No,No,DSL,No,No,No,No,Yes,No,No,0,2020-02-01,92
0207-MDKNV,2018-08-01,2019-11-01 00:00:00,Month-to-month,No,Electronic_check,105.1,1582.75,Female,0,No,No,Fiber_optic,Yes,No,Yes,Yes,Yes,Yes,No,1,2019-11-01,457
7876-AEHIG,2015-11-01,No,One_year,No,Bank_transfer_(automatic),60.15,3077.0,Female,0,No,Yes,DSL,Yes,No,Yes,Yes,Yes,Yes,No,0,2020-02-01,1553
7945-HLKEA,2015-02-01,No,One_year,No,Electronic_check,64.75,4039.5,Female,0,No,No,DSL,Yes,No,Yes,Yes,No,No,Yes,0,2020-02-01,1826
9342-VNIMQ,2017-05-01,No,Month-to-month,Yes,Bank_transfer_(automatic),54.65,1665.2,Male,0,No,No,DSL,No,Yes,No,No,No,No,Yes,0,2020-02-01,1006
9851-KIELU,2019-03-01,2020-01-01 00:00:00,Month-to-month,Yes,Electronic_check,110.1,1043.3,Male,0,No,No,Fiber_optic,Yes,Yes,Yes,Yes,Yes,Yes,No,1,2020-01-01,306
3523-BRGUW,2017-12-01,No,One_year,No,Credit_card_(automatic),19.3,504.2,Male,1,No,No,No,No,No,No,No,No,No,No,0,2020-02-01,792
3908-BLSYF,2019-04-01,2019-10-01 00:00:00,Month-to-month,No,Electronic_check,83.9,497.55,Female,0,No,No,Fiber_optic,No,No,Yes,No,No,Yes,No,1,2019-10-01,183
3199-NPKCN,2014-07-01,No,One_year,Yes,Electronic_check,111.25,7511.65,Female,0,Yes,No,Fiber_optic,Yes,No,Yes,Yes,Yes,Yes,Yes,0,2020-02-01,2041
5170-PTRKA,2016-01-01,No,One_year,Yes,Credit_card_(automatic),35.8,1782.0,Female,0,Yes,Yes,DSL,Yes,No,No,Yes,No,No,No,0,2020-02-01,1492
4661-NJEUX,2020-01-01,No,Month-to-month,Yes,Mailed_check,20.05,20.05,Male,0,No,No,No,No,No,No,No,No,No,No,0,2020-02-01,31
2123-AGEEN,2019-07-01,No,Month-to-month,Yes,Electronic_check,84.35,609.65,Female,1,No,No,Fiber_optic,No,No,Yes,No,Yes,No,No,0,2020-02-01,215
1258-YMZNM,2017-11-01,No,One_year,Yes,Bank_transfer_(automatic),110.5,2857.6,Female,1,No,No,Fiber_optic,Yes,Yes,Yes,No,Yes,Yes,Yes,0,2020-02-01,822
0048-LUMLS,2017-01-01,No,One_year,No,Credit_card_(automatic),91.2,3247.55,Male,0,Yes,Yes,Fiber_optic,No,No,No,No,Yes,Yes,No,0,2020-02-01,1126
7549-MYGPK,2014-07-01,2019-10-01 00:00:00,Month-to-month,Yes,Electronic_check,100.55,6215.35,Female,0,Yes,Yes,Fiber_optic,Yes,Yes,Yes,No,Yes,No,Yes,1,2019-10-01,1918
5898-IGSLP,2017-07-01,No,Month-to-month,No,Electronic_check,89.3,2823.0,Male,0,Yes,Yes,Fiber_optic,Yes,No,Yes,Yes,No,No,Yes,0,2020-02-01,945
3804-RVTGV,2015-10-01,2019-12-01 00:00:00,Month-to-month,Yes,Bank_transfer_(automatic),103.85,5017.9,Male,0,Yes,Yes,Fiber_optic,No,Yes,Yes,No,Yes,Yes,Yes,1,2019-12-01,1522
6259-WJQLC,2017-06-01,No,Month-to-month,Yes,Credit_card_(automatic),81.1,2619.25,Male,1,No,No,Fiber_optic,No,No,Yes,No,No,No,Yes,0,2020-02-01,975
9227-LUNBG,2019-10-01,2019-11-01 00:00:00,Month-to-month,No,Electronic_check,24.6,24.6,Female,0,No,No,DSL,No,No,No,No,No,No,No,1,2019-11-01,31
7997-EASSD,2014-11-01,No,One_year,Yes,Credit_card_(automatic),81.2,4965.1,Female,0,Yes,No,Fiber_optic,No,No,No,Yes,No,No,Yes,0,2020-02-01,1918
0730-KOAVE,2017-08-01,No,Month-to-month,Yes,Credit_card_(automatic),94.3,2679.7,Male,0,No,No,Fiber_optic,Yes,Yes,No,No,No,Yes,Yes,0,2020-02-01,914
8975-SKGRX,2014-03-01,No,Two_year,Yes,Bank_transfer_(automatic),116.1,8310.55,Male,0,Yes,No,Fiber_optic,Yes,Yes,Yes,Yes,Yes,Yes,Yes,0,2020-02-01,2163
0678-RLHVP,2015-09-01,No,Two_year,No,Electronic_check,105.55,5682.25,Female,0,No,No,Fiber_optic,No,Yes,Yes,No,Yes,Yes,Yes,0,2020-02-01,1614
4315-MURBD,2018-11-01,2019-11-01 00:00:00,Month-to-month,Yes,Bank_transfer_(automatic),98.9,1120.95,Female,0,No,No,Fiber_optic,Yes,No,No,Yes,Yes,Yes,No,1,2019-11-01,365
2267-FPIMA,2015-12-01,No,Month-to-month,Yes,Credit_card_(automatic),94.4,4914.9,Male,0,Yes,No,Fiber_optic,Yes,Yes,No,No,No,Yes,Yes,0,2020-02-01,1523
1051-GEJLJ,2019-12-01,No,Month-to-month,No,Mailed_check,19.5,27.55,Female,0,No,No,No,No,No,No,No,No,No,No,0,2020-02-01,62
9734-YWGEX,2019-03-01,2019-12-01 00:00:00,Month-to-month,No,Credit_card_(automatic),98.3,923.5,Female,0,No,No,Fiber_optic,No,No,Yes,No,Yes,Yes,Yes,1,2019-12-01,275
2719-BDAQO,2018-06-01,2019-11-01 00:00:00,Month-to-month,No,Electronic_check,93.85,1625.65,Male,0,No,No,Fiber_optic,Yes,No,No,No,Yes,Yes,No,1,2019-11-01,518
5285-MVEHD,2015-06-01,No,One_year,Yes,Credit_card_(automatic),105.6,6068.65,Female,0,Yes,No,Fiber_optic,Yes,Yes,Yes,No,Yes,Yes,No,0,2020-02-01,1706
0379-DJQHR,2014-07-01,No,Two_year,No,Credit_card_(automatic),81.35,5398.6,Male,0,Yes,Yes,DSL,Yes,Yes,Yes,No,Yes,Yes,No,0,2020-02-01,2041
0781-LKXBR,2019-02-01,2019-11-01 00:00:00,Month-to-month,Yes,Electronic_check,100.5,918.6,Male,1,No,No,Fiber_optic,No,No,Yes,No,Yes,Yes,Yes,1,2019-11-01,273
5543-QDCRY,2019-10-01,No,Month-to-month,Yes,Electronic_check,56.4,234.85,Male,0,No,No,DSL,No,No,No,No,Yes,No,No,0,2020-02-01,123
0297-RBCSG,2018-07-01,No,One_year,Yes,Bank_transfer_(automatic),65.35,1231.85,Male,0,No,No,DSL,No,Yes,No,Yes,No,Yes,No,0,2020-02-01,580
4694-PHWFW,2019-06-01,No,Month-to-month,No,Mailed_check,19.95,170.9,Female,0,No,Yes,No,No,No,No,No,No,No,No,0,2020-02-01,245
0835-JKADZ,2014-03-01,No,Two_year,Yes,Electronic_check,111.25,7984.15,Female,0,No,No,Fiber_optic,No,Yes,Yes,Yes,Yes,Yes,Yes,0,2020-02-01,2163
1907-UBQFC,2018-12-01,2019-10-01 00:00:00,Month-to-month,Yes,Electronic_check,72.85,688.65,Male,1,No,No,Fiber_optic,No,Yes,No,No,No,No,No,1,2019-10-01,304
7508-SMHXL,2018-11-01,No,Month-to-month,No,Credit_card_(automatic),89.0,1288.3,Female,1,No,No,Fiber_optic,No,Yes,No,No,Yes,No,Yes,0,2020-02-01,457
3865-YIOTT,2014-02-01,No,One_year,Yes,Bank_transfer_(automatic),106.1,7848.5,Male,0,Yes,Yes,Fiber_optic,Yes,No,Yes,No,Yes,Yes,Yes,0,2020-02-01,2191
5993-BQHEA,2019-02-01,No,One_year,No,Credit_card_(automatic),20.05,267.0,Male,0,No,No,No,No,No,No,No,No,No,No,0,2020-02-01,365
6024-RUGGH,2014-02-01,No,Two_year,Yes,Bank_transfer_(automatic),25.2,1798.9,Male,0,Yes,Yes,No,No,No,No,No,No,No,Yes,0,2020-02-01,2191
6513-EECDB,2019-12-01,2020-01-01 00:00:00,Month-to-month,Yes,Electronic_check,73.55,73.55,Male,1,Yes,No,Fiber_optic,No,No,No,No,No,No,Yes,1,2020-01-01,31
3956-CJUST,2018-03-01,No,Month-to-month,Yes,Bank_transfer_(automatic),75.4,1643.55,Female,1,No,No,Fiber_optic,Yes,No,No,No,No,No,No,0,2020-02-01,702
4079-WWQQQ,2014-02-01,No,Two_year,Yes,Bank_transfer_(automatic),65.55,4807.45,Male,0,No,No,DSL,Yes,Yes,Yes,Yes,Yes,Yes,No,0,2020-02-01,2191
6103-BOCOU,2017-12-01,No,Month-to-month,Yes,Electronic_check,80.7,2193.0,Female,0,No,No,Fiber_optic,No,No,Yes,No,No,No,Yes,0,2020-02-01,792
5149-TGWDZ,2018-05-01,No,One_year,Yes,Mailed_check,104.55,2239.4,Female,0,No,No,Fiber_optic,No,Yes,Yes,Yes,Yes,Yes,No,0,2020-02-01,641
7471-WNSUF,2015-02-01,No,One_year,No,Bank_transfer_(automatic),24.15,1505.9,Male,0,Yes,No,No,No,No,No,No,No,No,Yes,0,2020-02-01,1826
8942-DBMHZ,2019-02-01,No,Month-to-month,No,Mailed_check,20.45,255.35,Male,0,No,No,No,No,No,No,No,No,No,No,0,2020-02-01,365
4301-VVZKA,2018-10-01,No,Month-to-month,Yes,Electronic_check,75.4,1189.4,Male,0,Yes,No,Fiber_optic,No,No,No,No,No,No,Yes,0,2020-02-01,488
9199-PWQVC,2014-11-01,No,One_year,Yes,Credit_card_(automatic),79.7,4786.15,Female,0,Yes,No,DSL,Yes,Yes,No,No,Yes,Yes,Yes,0,2020-02-01,1918
4824-GUCBY,2018-04-01,No,Month-to-month,No,Electronic_check,81.7,1820.9,Female,1,No,No,Fiber_optic,Yes,Yes,No,No,No,No,No,0,2020-02-01,671
5393-HJZSM,2017-06-01,No,Month-to-month,No,Bank_transfer_(automatic),76.3,2404.15,Female,0,Yes,Yes,DSL,Yes,Yes,Yes,Yes,No,Yes,No,0,2020-02-01,975
7074-IEVOJ,2019-09-01,2019-12-01 00:00:00,Month-to-month,Yes,Electronic_check,79.4,205.05,Female,1,No,No,Fiber_optic,No,Yes,No,No,No,No,Yes,1,2019-12-01,91
9625-QSTYE,2018-09-01,2019-10-01 00:00:00,Month-to-month,Yes,Electronic_check,81.15,952.3,Female,0,No,No,Fiber_optic,No,Yes,Yes,No,No,No,No,1,2019-10-01,395
0862-PRCBS,2014-06-01,No,Two_year,Yes,Credit_card_(automatic),103.75,7039.45,Female,0,Yes,Yes,Fiber_optic,No,Yes,No,Yes,Yes,Yes,Yes,0,2020-02-01,2071
8812-ZRHFP,2017-08-01,No,One_year,No,Electronic_check,86.45,2538.05,Female,0,Yes,Yes,Fiber_optic,No,No,Yes,No,No,Yes,No,0,2020-02-01,914
5146-CBVOE,2018-10-01,No,Month-to-month,No,Bank_transfer_(automatic),75.1,1212.85,Female,0,No,No,Fiber_optic,No,Yes,No,No,No,No,No,0,2020-02-01,488
0454-OKRCT,2017-05-01,No,Two_year,No,Bank_transfer_(automatic),80.6,2651.1,Male,0,No,No,Fiber_optic,No,Yes,No,Yes,No,No,No,0,2020-02-01,1006
5787-KXGIY,2014-02-01,No,Two_year,No,Credit_card_(automatic),19.3,1304.8,Male,0,Yes,No,No,No,No,No,No,No,No,No,0,2020-02-01,2191
4750-ZRXIU,2019-08-01,2019-12-01 00:00:00,Month-to-month,Yes,Electronic_check,84.6,360.1,Female,1,No,No,Fiber_optic,No,No,No,No,No,Yes,Yes,1,2019-12-01,122
4198-VFOEA,2019-02-01,No,One_year,Yes,Mailed_check,33.6,435.45,Female,0,No,No,DSL,Yes,No,No,Yes,No,No,No,0,2020-02-01,365
6630-UJZMY,2019-10-01,No,Month-to-month,Yes,Electronic_check,83.25,308.05,Female,1,Yes,No,Fiber_optic,No,No,No,No,Yes,No,Yes,0,2020-02-01,123
5709-LVOEQ,2020-02-01,No,Two_year,No,Mailed_check,80.85,0.0,Female,0,Yes,Yes,DSL,Yes,Yes,Yes,No,Yes,Yes,No,0,2020-02-01,0
6400-BWQKW,2019-04-01,2019-10-01 00:00:00,Month-to-month,Yes,Electronic_check,79.05,434.5,Female,0,No,No,Fiber_optic,Yes,No,No,No,No,No,Yes,1,2019-10-01,183
2692-AQCPF,2014-09-01,No,One_year,Yes,Credit_card_(automatic),108.05,7118.9,Female,0,Yes,No,Fiber_optic,No,Yes,Yes,Yes,Yes,Yes,Yes,0,2020-02-01,1979
0347-UBKUZ,2018-11-01,No,Month-to-month,No,Mailed_check,19.9,320.45,Female,0,No,No,No,No,No,No,No,No,No,No,0,2020-02-01,457
0835-DUUIQ,2018-02-01,No,One_year,No,Bank_transfer_(automatic),21.05,531.55,Female,0,No,Yes,No,No,No,No,No,No,No,No,0,2020-02-01,730
0811-GSDTP,2019-01-01,No,Month-to-month,No,Electronic_check,30.15,382.2,Female,0,No,Yes,DSL,No,Yes,No,No,No,No,No,0,2020-02-01,396
7567-ECMCM,2018-02-01,No,Month-to-month,Yes,Credit_card_(automatic),79.85,2001.0,Male,0,No,No,Fiber_optic,No,No,No,No,No,Yes,No,0,2020-02-01,730
6115-ZTBFQ,2014-02-01,No,Two_year,No,Bank_transfer_(automatic),65.5,4919.7,Female,0,Yes,No,DSL,Yes,Yes,Yes,Yes,Yes,Yes,No,0,2020-02-01,2191
6353-BRMMA,2015-08-01,No,Month-to-month,Yes,Bank_transfer_(automatic),104.1,5645.8,Female,0,Yes,Yes,Fiber_optic,Yes,Yes,No,No,Yes,Yes,Yes,0,2020-02-01,1645
6680-WKXRZ,2019-09-01,2019-12-01 00:00:00,Month-to-month,No,Bank_transfer_(automatic),74.4,215.8,Female,0,No,No,Fiber_optic,No,No,No,No,No,No,Yes,1,2019-12-01,91
6231-WFGFH,2019-10-01,No,Month-to-month,Yes,Mailed_check,20.5,77.6,Male,0,Yes,Yes,No,No,No,No,No,No,No,No,0,2020-02-01,123
9904-EHEVJ,2017-06-01,No,Month-to-month,Yes,Mailed_check,91.35,2896.55,Female,1,Yes,Yes,Fiber_optic,No,No,Yes,No,Yes,No,Yes,0,2020-02-01,975
7028-DVOIQ,2017-02-01,2020-01-01 00:00:00,Month-to-month,Yes,Electronic_check,99.05,3395.8,Male,1,No,No,Fiber_optic,No,No,Yes,No,Yes,Yes,Yes,1,2020-01-01,1064
6169-PPETC,2017-03-01,No,Two_year,No,Bank_transfer_(automatic),20.5,759.35,Male,0,Yes,Yes,No,No,No,No,No,No,No,No,0,2020-02-01,1067
4208-UFFGW,2019-08-01,2019-10-01 00:00:00,Month-to-month,No,Mailed_check,44.95,85.15,Male,1,No,No,DSL,No,No,No,No,No,No,No,1,2019-10-01,61
8584-KMVXD,2019-06-01,No,Month-to-month,No,Electronic_check,75.6,535.55,Female,0,No,No,Fiber_optic,No,Yes,No,No,No,No,No,0,2020-02-01,245
8467-WYNSR,2018-04-01,No,Month-to-month,No,Mailed_check,55.1,1253.15,Male,0,No,No,DSL,Yes,No,No,Yes,No,No,No,0,2020-02-01,671
0851-DFJKB,2018-11-01,No,Month-to-month,No,Electronic_check,58.95,955.15,Female,0,No,No,DSL,Yes,No,Yes,Yes,No,No,No,0,2020-02-01,457
5382-SOYZL,2018-04-01,No,Month-to-month,Yes,Electronic_check,95.1,2162.6,Male,0,No,No,Fiber_optic,No,No,No,No,Yes,Yes,Yes,0,2020-02-01,671
9448-REEVD,2019-11-01,2019-12-01 00:00:00,Month-to-month,No,Credit_card_(automatic),44.7,44.7,Male,0,Yes,No,DSL,No,No,No,No,No,No,No,1,2019-12-01,30
3261-CQXOL,2014-03-01,No,Two_year,No,Bank_transfer_(automatic),25.45,1813.35,Female,0,Yes,Yes,No,No,No,No,No,No,No,Yes,0,2020-02-01,2163
8388-FYNPZ,2019-10-01,No,Month-to-month,No,Electronic_check,56.75,245.15,Male,0,No,No,DSL,Yes,No,Yes,No,No,No,No,0,2020-02-01,123
4002-BQWPQ,2018-01-01,No,Month-to-month,No,Bank_transfer_(automatic),81.75,2028.8,Male,0,No,No,DSL,Yes,Yes,Yes,Yes,No,Yes,Yes,0,2020-02-01,761
5651-YLPRD,2017-06-01,No,Month-to-month,Yes,Electronic_check,86.1,2723.75,Female,0,Yes,Yes,Fiber_optic,No,Yes,No,No,Yes,No,No,0,2020-02-01,975
2826-DXLQO,2019-07-01,No,Month-to-month,No,Bank_transfer_(automatic),29.8,220.45,Male,1,Yes,No,DSL,Yes,No,No,No,No,No,No,0,2020-02-01,215
4378-BZYFP,2018-09-01,No,One_year,Yes,Mailed_check,20.5,365.8,Male,0,No,No,No,No,No,No,No,No,No,No,0,2020-02-01,518
9489-UTFKA,2019-06-01,No,Month-to-month,No,Bank_transfer_(automatic),60.9,551.95,Male,1,Yes,No,DSL,Yes,No,No,No,Yes,No,No,0,2020-02-01,245
4849-PYRLQ,2015-06-01,No,Two_year,No,Bank_transfer_(automatic),73.25,4054.2,Female,1,No,No,DSL,Yes,No,Yes,Yes,No,Yes,Yes,0,2020-02-01,1706
9117-SHLZX,2019-12-01,2020-01-01 00:00:00,Month-to-month,Yes,Mailed_check,45.7,45.7,Male,0,No,No,DSL,No,No,No,No,No,No,No,1,2020-01-01,31
9889-TMAHG,2019-03-01,2019-11-01 00:00:00,Month-to-month,No,Credit_card_(automatic),100.3,832.35,Male,1,No,No,Fiber_optic,Yes,No,No,Yes,Yes,Yes,No,1,2019-11-01,245
4541-RMRLG,2019-04-01,2019-11-01 00:00:00,Month-to-month,No,Electronic_check,19.25,112.3,Male,0,No,No,No,No,No,No,No,No,No,No,1,2019-11-01,214
7764-BDPEE,2019-11-01,No,Month-to-month,No,Mailed_check,20.85,60.65,Male,0,No,Yes,No,No,No,No,No,No,No,No,0,2020-02-01,92
3429-IFLEM,2014-03-01,No,Two_year,No,Credit_card_(automatic),77.35,5550.1,Female,0,No,No,DSL,Yes,Yes,Yes,Yes,Yes,No,No,0,2020-02-01,2163
3158-MOERK,2019-09-01,2019-11-01 00:00:00,Month-to-month,Yes,Electronic_check,96.0,174.8,Female,0,No,No,Fiber_optic,No,No,No,No,Yes,Yes,Yes,1,2019-11-01,61
7294-TMAOP,2019-10-01,2019-11-01 00:00:00,Month-to-month,No,Electronic_check,90.55,90.55,Female,0,No,No,Fiber_optic,No,No,No,No,Yes,Yes,No,1,2019-11-01,31
5002-GCQFH,2016-01-01,No,Month-to-month,Yes,Bank_transfer_(automatic),93.85,4733.1,Male,0,Yes,No,Fiber_optic,Yes,Yes,No,No,Yes,No,Yes,0,2020-02-01,1492
0556-FJEGU,2015-04-01,No,Two_year,No,Bank_transfer_(automatic),70.1,4048.95,Male,0,No,No,DSL,No,Yes,Yes,Yes,Yes,No,No,0,2020-02-01,1767
8919-FYFQZ,2016-02-01,2019-10-01 00:00:00,Month-to-month,Yes,Electronic_check,30.35,1359.7,Male,1,Yes,No,DSL,No,Yes,No,No,No,No,No,1,2019-10-01,1338
0604-THJFP,2015-03-01,No,Two_year,Yes,Credit_card_(automatic),75.95,4542.35,Female,0,Yes,Yes,DSL,No,Yes,No,Yes,Yes,Yes,No,0,2020-02-01,1798
2834-JRTUA,2013-11-01,2019-10-01 00:00:00,Two_year,Yes,Electronic_check,108.05,7532.15,Male,0,No,No,Fiber_optic,Yes,No,Yes,Yes,Yes,Yes,Yes,1,2019-10-01,2160
5875-YPQFJ,2019-11-01,2019-12-01 00:00:00,Month-to-month,Yes,Electronic_check,69.9,69.9,Male,0,No,No,Fiber_optic,No,No,No,No,No,No,No,1,2019-12-01,30
5879-SESNB,2019-03-01,No,Month-to-month,No,Electronic_check,75.25,888.65,Female,0,No,No,Fiber_optic,No,No,No,No,No,No,Yes,0,2020-02-01,337
6646-QVXLR,2014-11-01,2020-01-01 00:00:00,One_year,Yes,Electronic_check,103.75,6383.35,Male,1,Yes,No,Fiber_optic,No,Yes,Yes,No,Yes,Yes,Yes,1,2020-01-01,1887
6461-PPAXN,2017-03-01,No,One_year,Yes,Bank_transfer_(automatic),54.95,1916.0,Female,0,Yes,Yes,DSL,Yes,No,No,Yes,No,No,No,0,2020-02-01,1067
3318-ISQFQ,2018-06-01,No,Month-to-month,Yes,Bank_transfer_(automatic),19.5,413.0,Female,0,No,No,No,No,No,No,No,No,No,No,0,2020-02-01,610
1106-HRLKZ,2016-10-01,No,Two_year,No,Mailed_check,19.6,808.95,Male,0,Yes,Yes,No,No,No,No,No,No,No,No,0,2020-02-01,1218
2483-XSSMZ,2016-11-01,No,One_year,Yes,Electronic_check,47.85,1886.4,Female,0,No,No,DSL,Yes,No,No,No,No,No,No,0,2020-02-01,1187
8603-IJWDN,2019-11-01,2019-12-01 00:00:00,Month-to-month,Yes,Electronic_check,86.6,86.6,Male,0,No,No,Fiber_optic,No,No,No,No,No,Yes,Yes,1,2019-12-01,30
8165-ZJRNM,2014-02-01,No,Two_year,No,Bank_transfer_(automatic),23.75,1679.25,Female,0,Yes,Yes,No,No,No,No,No,No,No,Yes,0,2020-02-01,2191
9369-XFEHK,2017-03-01,2019-12-01 00:00:00,Month-to-month,Yes,Bank_transfer_(automatic),80.6,2656.5,Female,1,Yes,No,Fiber_optic,No,Yes,No,No,No,No,Yes,1,2019-12-01,1005
2604-XVDAM,2019-02-01,No,Month-to-month,No,Bank_transfer_(automatic),43.8,540.95,Female,0,No,No,DSL,No,No,No,No,No,No,No,0,2020-02-01,365
3717-OFRTN,2020-01-01,No,Month-to-month,No,Bank_transfer_(automatic),19.75,19.75,Male,0,No,No,No,No,No,No,No,No,No,No,0,2020-02-01,31
9046-JBFWA,2017-11-01,No,Month-to-month,No,Mailed_check,19.15,537.35,Male,0,No,Yes,No,No,No,No,No,No,No,No,0,2020-02-01,822
3280-NMUVX,2017-04-01,No,One_year,No,Credit_card_(automatic),19.6,678.8,Male,0,Yes,Yes,No,No,No,No,No,No,No,No,0,2020-02-01,1036
1206-EHBDD,2015-06-01,No,Two_year,No,Bank_transfer_(automatic),80.3,4513.65,Female,0,Yes,No,Fiber_optic,Yes,No,Yes,No,No,No,No,0,2020-02-01,1706
8361-LBRDI,2015-04-01,No,Two_year,No,Credit_card_(automatic),24.35,1423.85,Female,0,No,No,No,No,No,No,No,No,No,Yes,0,2020-02-01,1767
4883-KCPZJ,2018-04-01,No,Two_year,No,Credit_card_(automatic),25.25,555.4,Female,0,Yes,Yes,No,No,No,No,No,No,No,Yes,0,2020-02-01,671
9108-EQPNQ,2019-04-01,No,Two_year,No,Credit_card_(automatic),26.1,225.55,Female,0,Yes,Yes,No,No,No,No,No,No,No,Yes,0,2020-02-01,306
7277-KAMWT,2019-01-01,No,Two_year,No,Credit_card_(automatic),20.0,268.45,Male,0,No,No,No,No,No,No,No,No,No,No,0,2020-02-01,396
3842-IYKUE,2017-01-01,2019-12-01 00:00:00,Month-to-month,No,Credit_card_(automatic),85.3,2917.5,Female,0,No,No,Fiber_optic,No,Yes,No,Yes,No,No,Yes,1,2019-12-01,1064
6641-XRPSU,2017-03-01,2020-01-01 00:00:00,Month-to-month,Yes,Credit_card_(automatic),70.0,2416.1,Female,0,No,No,Fiber_optic,No,No,No,No,No,No,No,1,2020-01-01,1036
1374-DMZUI,2019-09-01,2020-01-01 00:00:00,Month-to-month,Yes,Electronic_check,94.3,424.45,Female,1,No,No,Fiber_optic,No,No,No,No,Yes,Yes,Yes,1,2020-01-01,122
2545-LXYVJ,2014-02-01,No,Two_year,No,Bank_transfer_(automatic),20.7,1492.1,Male,0,Yes,No,No,No,No,No,No,No,No,No,0,2020-02-01,2191
3234-VKACU,2019-12-01,No,Month-to-month,No,Electronic_check,70.3,132.4,Male,0,No,No,DSL,No,No,No,Yes,Yes,Yes,No,0,2020-02-01,62
8357-EQXFO,2019-04-01,2019-11-01 00:00:00,Month-to-month,Yes,Electronic_check,95.35,660.9,Female,0,No,No,Fiber_optic,No,No,Yes,No,Yes,Yes,No,1,2019-11-01,214
1989-PRJHP,2017-08-01,2019-11-01 00:00:00,Month-to-month,Yes,Electronic_check,75.5,1893.95,Male,1,Yes,No,Fiber_optic,No,No,No,No,No,No,Yes,1,2019-11-01,822
8120-JDCAM,2019-10-01,No,Month-to-month,Yes,Mailed_check,69.55,284.9,Male,0,Yes,Yes,Fiber_optic,No,No,No,No,No,No,No,0,2020-02-01,123
8917-FAEMR,2017-01-01,No,Two_year,No,Mailed_check,19.85,784.25,Female,0,No,No,No,No,No,No,No,No,No,No,0,2020-02-01,1126
7047-YXDMZ,2018-05-01,No,Month-to-month,No,Mailed_check,20.0,417.7,Male,0,No,No,No,No,No,No,No,No,No,No,0,2020-02-01,641
2858-EIMXH,2015-09-01,No,One_year,Yes,Credit_card_(automatic),95.85,5016.25,Female,1,Yes,No,Fiber_optic,No,No,No,No,Yes,Yes,Yes,0,2020-02-01,1614
9524-EGPJC,2018-06-01,2019-12-01 00:00:00,Month-to-month,Yes,Electronic_check,90.1,1612.75,Female,0,No,No,Fiber_optic,No,No,No,Yes,No,Yes,Yes,1,2019-12-01,548
6993-OHLXR,2019-11-01,2020-01-01 00:00:00,Month-to-month,No,Electronic_check,68.95,119.75,Female,0,No,No,Fiber_optic,No,No,No,No,No,No,No,1,2020-01-01,61
8818-XYFCQ,2017-02-01,2019-10-01 00:00:00,Month-to-month,Yes,Credit_card_(automatic),99.55,3204.65,Male,0,Yes,Yes,Fiber_optic,Yes,No,No,No,Yes,Yes,Yes,1,2019-10-01,972
6419-ZTTLE,2018-03-01,No,One_year,Yes,Electronic_check,20.75,485.2,Male,1,Yes,No,No,No,No,No,No,No,No,No,0,2020-02-01,702
0929-HYQEW,2019-11-01,No,Month-to-month,Yes,Mailed_check,50.15,160.85,Male,0,No,No,DSL,Yes,No,No,No,No,No,No,0,2020-02-01,92
6614-YOLAC,2014-03-01,No,Two_year,No,Mailed_check,58.65,4145.25,Female,0,Yes,Yes,DSL,Yes,Yes,No,Yes,Yes,Yes,No,0,2020-02-01,2163
7426-RHZGU,2019-05-01,No,Month-to-month,Yes,Bank_transfer_(automatic),95.9,827.45,Male,0,No,No,Fiber_optic,No,No,No,Yes,Yes,Yes,No,0,2020-02-01,276
4065-JJAVA,2020-01-01,No,Month-to-month,No,Electronic_check,49.5,49.5,Female,0,No,No,DSL,No,Yes,No,No,No,No,No,0,2020-02-01,31
4695-VADHF,2018-07-01,2020-01-01 00:00:00,Month-to-month,No,Electronic_check,57.45,990.85,Male,0,Yes,Yes,DSL,No,No,Yes,No,No,Yes,No,1,2020-01-01,549
3863-IUBJR,2018-11-01,2019-11-01 00:00:00,One_year,No,Credit_card_(automatic),53.65,696.35,Male,0,Yes,Yes,DSL,No,No,No,No,No,Yes,No,1,2019-11-01,365
7649-SIJJF,2014-03-01,No,Two_year,Yes,Mailed_check,80.1,5585.4,Male,0,Yes,No,DSL,Yes,Yes,Yes,Yes,No,Yes,Yes,0,2020-02-01,2163
9361-YNQWJ,2014-10-01,No,One_year,Yes,Bank_transfer_(automatic),24.4,1601.2,Female,0,No,No,No,No,No,No,No,No,No,Yes,0,2020-02-01,1949
3748-FVMZZ,2019-10-01,No,Month-to-month,Yes,Electronic_check,40.05,162.45,Male,0,No,No,DSL,No,No,No,Yes,No,Yes,No,0,2020-02-01,123
9391-TTOYH,2018-03-01,No,Month-to-month,Yes,Mailed_check,19.5,470.2,Female,0,No,No,No,No,No,No,No,No,No,No,0,2020-02-01,702
1452-XRSJV,2016-11-01,No,Month-to-month,No,Credit_card_(automatic),51.05,2066.0,Female,0,Yes,Yes,DSL,Yes,No,No,No,No,No,No,0,2020-02-01,1187
3422-WJOYD,2017-10-01,No,One_year,No,Mailed_check,54.35,1426.45,Male,0,Yes,No,DSL,Yes,No,No,Yes,No,No,No,0,2020-02-01,853
8242-SOQUO,2019-09-01,No,Month-to-month,Yes,Electronic_check,84.7,392.5,Female,1,No,No,Fiber_optic,No,Yes,No,No,Yes,No,No,0,2020-02-01,153
7460-ITWWP,2016-05-01,No,Month-to-month,Yes,Electronic_check,86.1,3861.45,Female,1,Yes,No,Fiber_optic,No,No,Yes,No,No,Yes,No,0,2020-02-01,1371
7147-AYBAA,2017-01-01,No,Month-to-month,Yes,Mailed_check,70.35,2552.9,Male,0,No,No,Fiber_optic,No,No,No,No,No,No,No,0,2020-02-01,1126
7868-TMWMZ,2015-02-01,No,Two_year,Yes,Bank_transfer_(automatic),110.0,6668.35,Female,1,Yes,No,Fiber_optic,Yes,Yes,Yes,Yes,Yes,Yes,No,0,2020-02-01,1826
4822-RVYBB,2019-04-01,2019-12-01 00:00:00,Month-to-month,Yes,Electronic_check,100.6,819.4,Male,1,No,No,Fiber_optic,No,No,Yes,No,Yes,Yes,Yes,1,2019-12-01,244
6732-FZUGP,2016-03-01,No,One_year,No,Credit_card_(automatic),94.9,4615.25,Female,0,No,No,Fiber_optic,Yes,No,Yes,No,Yes,No,Yes,0,2020-02-01,1432
8436-BJUMM,2017-11-01,2020-01-01 00:00:00,Month-to-month,Yes,Electronic_check,83.75,2070.6,Male,0,Yes,Yes,Fiber_optic,No,No,No,No,Yes,No,Yes,1,2020-01-01,791
4184-TJFAN,2019-08-01,2019-11-01 00:00:00,Month-to-month,Yes,Mailed_check,88.3,273.75,Female,1,Yes,Yes,Fiber_optic,Yes,No,No,Yes,Yes,No,No,1,2019-11-01,92
8329-GWVPJ,2015-12-01,No,Month-to-month,Yes,Bank_transfer_(automatic),69.75,3557.7,Female,0,Yes,Yes,Fiber_optic,No,No,No,No,No,No,No,0,2020-02-01,1523
1352-VHKAJ,2017-11-01,No,Month-to-month,No,Bank_transfer_(automatic),71.6,1957.1,Male,0,Yes,Yes,DSL,No,No,No,Yes,Yes,Yes,Yes,0,2020-02-01,822
4145-UQXUQ,2019-02-01,2019-10-01 00:00:00,Month-to-month,Yes,Electronic_check,92.1,729.95,Female,1,No,No,Fiber_optic,No,No,Yes,No,Yes,Yes,No,1,2019-10-01,242
2632-TACXW,2014-12-01,No,Two_year,No,Bank_transfer_(automatic),23.65,1416.75,Female,0,Yes,No,No,No,No,No,No,No,No,Yes,0,2020-02-01,1888
8146-QQKZH,2014-03-01,No,Two_year,No,Bank_transfer_(automatic),81.85,5924.4,Female,0,Yes,No,DSL,Yes,No,Yes,Yes,Yes,Yes,No,0,2020-02-01,2163
1767-CJKBA,2014-08-01,No,Two_year,No,Mailed_check,25.1,1697.7,Male,0,No,No,No,No,No,No,No,No,No,Yes,0,2020-02-01,2010
6445-TNRXS,2014-06-01,No,Two_year,Yes,Bank_transfer_(automatic),114.7,7849.85,Male,0,Yes,Yes,Fiber_optic,Yes,Yes,Yes,Yes,Yes,Yes,Yes,0,2020-02-01,2071
4581-LNWUM,2019-01-01,No,Month-to-month,No,Electronic_check,49.15,649.4,Female,0,No,No,DSL,No,No,Yes,No,Yes,Yes,No,0,2020-02-01,396
4869-EPIUS,2015-06-01,No,One_year,Yes,Electronic_check,80.9,4557.5,Male,0,Yes,No,Fiber_optic,No,No,No,No,No,Yes,No,0,2020-02-01,1706
9948-YPTDG,2016-10-01,2019-12-01 00:00:00,Month-to-month,Yes,Electronic_check,79.45,3013.05,Male,0,Yes,No,Fiber_optic,Yes,Yes,No,No,No,No,No,1,2019-12-01,1156
1236-WFCDV,2018-09-01,2019-11-01 00:00:00,Month-to-month,No,Credit_card_(automatic),90.45,1266.1,Male,1,No,No,Fiber_optic,No,No,No,No,Yes,Yes,No,1,2019-11-01,426
1915-OAKWD,2018-10-01,No,One_year,Yes,Bank_transfer_(automatic),19.3,360.35,Female,0,No,Yes,No,No,No,No,No,No,No,No,0,2020-02-01,488
7296-PIXQY,2018-12-01,No,Month-to-month,No,Electronic_check,70.2,1046.5,Female,0,Yes,Yes,Fiber_optic,No,No,No,No,No,No,No,0,2020-02-01,427
4883-QICIH,2017-02-01,2019-10-01 00:00:00,Month-to-month,Yes,Bank_transfer_(automatic),69.75,2347.9,Male,0,Yes,Yes,Fiber_optic,No,No,No,No,No,No,No,1,2019-10-01,972
3354-OADJP,2019-06-01,No,One_year,No,Bank_transfer_(automatic),54.25,447.75,Female,0,No,No,DSL,Yes,No,No,Yes,No,No,No,0,2020-02-01,245
3524-WQDSG,2016-07-01,No,Month-to-month,Yes,Bank_transfer_(automatic),99.3,4209.95,Female,0,Yes,Yes,Fiber_optic,No,No,Yes,No,Yes,Yes,Yes,0,2020-02-01,1310
0810-DHDBD,2015-10-01,No,One_year,No,Credit_card_(automatic),74.0,3877.65,Female,0,No,No,DSL,Yes,No,Yes,Yes,Yes,No,Yes,0,2020-02-01,1584
4026-SKKHW,2019-11-01,No,Month-to-month,Yes,Mailed_check,50.25,152.3,Male,0,No,No,DSL,No,No,No,Yes,No,No,No,0,2020-02-01,92
2829-HYVZP,2017-09-01,No,One_year,Yes,Mailed_check,19.8,572.2,Male,0,No,No,No,No,No,No,No,No,No,No,0,2020-02-01,883
8329-IBCTI,2019-12-01,2020-01-01 00:00:00,Month-to-month,No,Mailed_check,19.65,19.65,Female,0,No,No,No,No,No,No,No,No,No,No,1,2020-01-01,31
1271-SJBGZ,2019-01-01,2020-01-01 00:00:00,Month-to-month,Yes,Electronic_check,43.65,526.95,Male,1,No,No,DSL,No,No,Yes,Yes,No,Yes,No,1,2020-01-01,365
3845-JHAMY,2018-10-01,No,Month-to-month,Yes,Credit_card_(automatic),35.5,552.7,Female,0,Yes,Yes,DSL,No,No,No,No,No,Yes,No,0,2020-02-01,488
7013-PSXHK,2016-10-01,No,One_year,Yes,Mailed_check,80.75,3208.65,Female,0,No,No,DSL,No,No,Yes,Yes,Yes,Yes,Yes,0,2020-02-01,1218
5669-SRAIP,2019-08-01,2020-01-01 00:00:00,Month-to-month,No,Electronic_check,39.5,210.75,Female,0,No,No,DSL,No,No,Yes,No,No,Yes,No,1,2020-01-01,153
5981-ITEMU,2016-08-01,2019-12-01 00:00:00,Month-to-month,Yes,Bank_transfer_(automatic),97.1,3706.95,Male,0,Yes,No,Fiber_optic,No,No,No,No,Yes,Yes,Yes,1,2019-12-01,1217
3486-NPGST,2017-02-01,No,One_year,No,Mailed_check,19.55,620.75,Female,0,No,No,No,No,No,No,No,No,No,No,0,2020-02-01,1095
6941-PMGEP,2019-06-01,2019-11-01 00:00:00,Month-to-month,Yes,Electronic_check,80.0,412.5,Female,0,No,No,Fiber_optic,No,No,No,No,No,Yes,No,1,2019-11-01,153
1624-WOIWJ,2018-12-01,2019-10-01 00:00:00,Month-to-month,Yes,Mailed_check,84.7,832.05,Female,0,No,No,Fiber_optic,Yes,No,No,No,Yes,No,No,1,2019-10-01,304
2074-GKOWZ,2019-09-01,2019-11-01 00:00:00,Month-to-month,Yes,Bank_transfer_(automatic),89.55,185.55,Male,0,Yes,Yes,Fiber_optic,No,No,No,No,Yes,Yes,No,1,2019-11-01,61
0376-YMCJC,2018-01-01,2019-12-01 00:00:00,Month-to-month,Yes,Electronic_check,90.6,1943.2,Male,0,No,No,Fiber_optic,No,No,No,Yes,Yes,No,Yes,1,2019-12-01,699
6100-FJZDG,2017-12-01,No,One_year,Yes,Bank_transfer_(automatic),20.05,505.9,Male,0,Yes,Yes,No,No,No,No,No,No,No,No,0,2020-02-01,792
4829-ZLJTK,2014-02-01,No,Two_year,Yes,Electronic_check,112.4,8046.85,Female,1,Yes,No,Fiber_optic,Yes,Yes,Yes,No,Yes,Yes,Yes,0,2020-02-01,2191
1730-VFMWO,2017-04-01,No,Month-to-month,No,Bank_transfer_(automatic),50.2,1815.3,Female,0,Yes,No,DSL,No,No,No,Yes,No,No,No,0,2020-02-01,1036
7143-BQIBA,2019-04-01,No,Month-to-month,No,Bank_transfer_(automatic),62.25,612.95,Male,0,No,No,DSL,Yes,No,No,Yes,Yes,No,No,0,2020-02-01,306
3800-LYTRK,2018-12-01,No,One_year,No,Mailed_check,55.7,795.15,Female,0,No,No,DSL,Yes,No,No,Yes,No,No,No,0,2020-02-01,427
0634-SZPQA,2017-11-01,2019-10-01 00:00:00,Month-to-month,Yes,Bank_transfer_(automatic),90.05,2169.8,Female,0,No,No,Fiber_optic,Yes,No,No,No,Yes,No,Yes,1,2019-10-01,699
9646-NMHXE,2016-03-01,No,Two_year,No,Mailed_check,19.65,973.1,Male,0,Yes,No,No,No,No,No,No,No,No,No,0,2020-02-01,1432
7030-NJVDP,2018-02-01,No,Month-to-month,Yes,Electronic_check,89.25,2210.2,Male,0,Yes,No,Fiber_optic,Yes,No,No,Yes,No,Yes,No,0,2020-02-01,730
5536-RTPWK,2015-11-01,2019-12-01 00:00:00,Month-to-month,Yes,Bank_transfer_(automatic),99.05,4853.75,Male,0,Yes,No,Fiber_optic,No,Yes,No,No,Yes,Yes,Yes,1,2019-12-01,1491
8883-GRDWQ,2018-06-01,No,One_year,No,Mailed_check,54.0,1055.9,Male,1,No,No,DSL,Yes,No,No,Yes,No,No,No,0,2020-02-01,610
6166-ILMNY,2019-10-01,2019-12-01 00:00:00,Month-to-month,No,Bank_transfer_(automatic),69.75,144.55,Female,0,No,No,Fiber_optic,No,No,No,No,No,No,No,1,2019-12-01,61
3097-NNSPB,2019-08-01,2019-10-01 00:00:00,Month-to-month,Yes,Credit_card_(automatic),49.05,91.1,Female,0,No,No,DSL,No,Yes,No,No,No,No,No,1,2019-10-01,61
7771-ZONAT,2018-04-01,No,Two_year,No,Bank_transfer_(automatic),56.75,1304.85,Male,0,No,No,DSL,No,No,Yes,Yes,Yes,Yes,No,0,2020-02-01,671
0655-RBDUG,2019-03-01,2019-10-01 00:00:00,Month-to-month,Yes,Bank_transfer_(automatic),98.05,713.0,Male,0,No,No,Fiber_optic,No,No,Yes,No,Yes,Yes,Yes,1,2019-10-01,214
2111-DWYHN,2020-01-01,No,Month-to-month,No,Mailed_check,21.1,21.1,Male,0,No,No,No,No,No,No,No,No,No,No,0,2020-02-01,31
4194-WHFCB,2015-03-01,No,Month-to-month,Yes,Bank_transfer_(automatic),96.65,5580.8,Female,0,Yes,Yes,Fiber_optic,No,Yes,No,Yes,No,Yes,Yes,0,2020-02-01,1798
4121-AGSIN,2015-04-01,No,One_year,Yes,Credit_card_(automatic),24.5,1497.9,Female,0,Yes,Yes,No,No,No,No,No,No,No,Yes,0,2020-02-01,1767
4361-BKAXE,2016-05-01,2019-10-01 00:00:00,Month-to-month,Yes,Bank_transfer_(automatic),114.5,4527.45,Female,0,No,No,Fiber_optic,Yes,Yes,Yes,Yes,Yes,Yes,Yes,1,2019-10-01,1248
9845-PEEKO,2015-03-01,No,Two_year,Yes,Credit_card_(automatic),79.2,4590.35,Female,1,No,No,Fiber_optic,No,Yes,No,No,No,No,Yes,0,2020-02-01,1798
0455-XFASS,2019-11-01,No,Month-to-month,Yes,Electronic_check,69.55,200.2,Female,0,Yes,Yes,Fiber_optic,No,No,No,No,No,No,No,0,2020-02-01,92
0301-KOBTQ,2017-06-01,No,Two_year,Yes,Bank_transfer_(automatic),20.05,614.45,Male,0,No,No,No,No,No,No,No,No,No,No,0,2020-02-01,975
1751-NCDLI,2016-04-01,No,Month-to-month,Yes,Electronic_check,98.85,4564.9,Male,1,Yes,No,Fiber_optic,No,No,Yes,No,Yes,Yes,Yes,0,2020-02-01,1401
4367-NUYAO,2020-02-01,No,Two_year,No,Mailed_check,25.75,0.0,Male,0,Yes,Yes,No,No,No,No,No,No,No,Yes,0,2020-02-01,0
9878-TNQGW,2019-10-01,2019-12-01 00:00:00,Month-to-month,Yes,Electronic_check,80.95,171.15,Male,0,No,No,Fiber_optic,No,No,No,No,No,Yes,No,1,2019-12-01,61
9170-ARBTB,2015-10-01,No,One_year,No,Credit_card_(automatic),19.6,1012.4,Female,0,Yes,Yes,No,No,No,No,No,No,No,No,0,2020-02-01,1584
4441-NIHPT,2018-11-01,2019-12-01 00:00:00,Month-to-month,Yes,Electronic_check,74.3,940.35,Female,1,No,No,Fiber_optic,No,No,Yes,No,No,No,No,1,2019-12-01,395
8999-BOHSE,2018-12-01,2019-11-01 00:00:00,Month-to-month,No,Bank_transfer_(automatic),89.7,1047.7,Female,1,No,No,Fiber_optic,No,No,No,No,Yes,Yes,No,1,2019-11-01,335
7241-AJHFS,2017-06-01,No,Month-to-month,No,Bank_transfer_(automatic),87.65,2766.4,Male,0,No,No,Fiber_optic,Yes,No,No,Yes,No,No,Yes,0,2020-02-01,975
7029-RPUAV,2018-05-01,2019-10-01 00:00:00,Month-to-month,Yes,Credit_card_(automatic),100.45,1622.45,Male,1,Yes,No,Fiber_optic,No,No,Yes,No,Yes,Yes,Yes,1,2019-10-01,518
4546-FOKWR,2018-10-01,No,Month-to-month,Yes,Credit_card_(automatic),74.75,1129.35,Female,0,No,No,Fiber_optic,No,No,No,No,No,No,Yes,0,2020-02-01,488
9036-CSKBW,2015-11-01,No,One_year,No,Bank_transfer_(automatic),107.45,5680.9,Female,0,No,No,Fiber_optic,Yes,Yes,Yes,No,Yes,Yes,Yes,0,2020-02-01,1553
5832-TRLPB,2017-09-01,No,One_year,Yes,Bank_transfer_(automatic),75.35,2243.9,Male,0,No,No,DSL,No,No,Yes,Yes,Yes,Yes,No,0,2020-02-01,883
8590-YFFQO,2014-04-01,No,Two_year,No,Credit_card_(automatic),64.95,4523.25,Male,0,Yes,No,DSL,Yes,Yes,Yes,Yes,No,No,No,0,2020-02-01,2132
8659-IOOPU,2014-03-01,No,Two_year,No,Electronic_check,100.45,7159.7,Female,0,Yes,Yes,Fiber_optic,Yes,No,Yes,Yes,No,Yes,Yes,0,2020-02-01,2163
1338-CECEE,2016-09-01,No,One_year,No,Bank_transfer_(automatic),68.5,2839.95,Male,0,Yes,Yes,DSL,No,Yes,Yes,No,Yes,No,Yes,0,2020-02-01,1248
7439-DKZTW,2020-01-01,No,Month-to-month,Yes,Electronic_check,80.55,80.55,Male,0,No,No,Fiber_optic,No,No,No,No,Yes,No,No,0,2020-02-01,31
4646-QZXTF,2019-07-01,No,Month-to-month,No,Bank_transfer_(automatic),81.25,580.1,Female,0,Yes,No,DSL,Yes,No,Yes,Yes,Yes,Yes,No,0,2020-02-01,215
4607-CHPCA,2017-09-01,2019-10-01 00:00:00,One_year,Yes,Electronic_check,90.4,2178.6,Male,0,Yes,Yes,Fiber_optic,No,No,No,No,Yes,Yes,No,1,2019-10-01,760
9742-XOKTS,2014-07-01,No,One_year,No,Electronic_check,89.55,6038.55,Male,0,Yes,Yes,Fiber_optic,Yes,Yes,No,Yes,No,No,Yes,0,2020-02-01,2041
6921-OZMFH,2019-09-01,No,Month-to-month,Yes,Mailed_check,55.7,259.4,Male,0,Yes,Yes,DSL,No,No,No,Yes,No,No,Yes,0,2020-02-01,153
9578-FOMUK,2018-11-01,No,Month-to-month,Yes,Electronic_check,24.8,324.15,Male,0,No,Yes,No,No,No,No,No,No,No,Yes,0,2020-02-01,457
4712-UYOOI,2018-06-01,No,Month-to-month,No,Electronic_check,20.0,417.65,Female,0,Yes,Yes,No,No,No,No,No,No,No,No,0,2020-02-01,610
8824-RWFXJ,2019-07-01,2019-10-01 00:00:00,Month-to-month,Yes,Mailed_check,56.15,168.15,Male,0,Yes,Yes,DSL,No,Yes,Yes,No,No,No,No,1,2019-10-01,92
7722-CVFXN,2015-08-01,No,One_year,Yes,Electronic_check,105.2,5637.85,Male,0,Yes,Yes,Fiber_optic,No,Yes,No,Yes,Yes,Yes,Yes,0,2020-02-01,1645
8717-VCTXJ,2016-08-01,No,One_year,Yes,Mailed_check,19.55,839.4,Male,0,No,No,No,No,No,No,No,No,No,No,0,2020-02-01,1279
7363-QTBIW,2019-05-01,No,Month-to-month,Yes,Electronic_check,79.75,769.1,Female,0,Yes,No,Fiber_optic,No,No,No,No,No,Yes,No,0,2020-02-01,276
4159-NAAIX,2014-11-01,No,Two_year,No,Bank_transfer_(automatic),97.45,6253.0,Female,0,No,No,Fiber_optic,No,Yes,No,No,Yes,Yes,Yes,0,2020-02-01,1918
0971-QIFJK,2014-05-01,No,Two_year,No,Bank_transfer_(automatic),24.25,1641.8,Female,0,Yes,No,No,No,No,No,No,No,No,Yes,0,2020-02-01,2102
9397-TZSHA,2014-05-01,No,Two_year,No,Credit_card_(automatic),24.6,1678.05,Female,0,No,No,No,No,No,No,No,No,No,Yes,0,2020-02-01,2102
3391-JSQEW,2016-10-01,No,Month-to-month,Yes,Mailed_check,50.15,2058.5,Male,0,Yes,No,DSL,No,Yes,No,No,No,No,No,0,2020-02-01,1218
0343-QLUZP,2015-02-01,No,Two_year,No,Bank_transfer_(automatic),39.6,2424.5,Male,0,No,No,DSL,Yes,Yes,Yes,No,No,No,No,0,2020-02-01,1826
9763-PDTKK,2019-07-01,2019-11-01 00:00:00,Month-to-month,Yes,Bank_transfer_(automatic),94.4,387.2,Female,0,No,No,Fiber_optic,Yes,No,Yes,Yes,No,Yes,No,1,2019-11-01,123
2176-LVPNX,2014-03-01,No,Two_year,No,Mailed_check,89.85,6293.45,Female,1,No,No,DSL,Yes,Yes,Yes,Yes,Yes,Yes,Yes,0,2020-02-01,2163
7627-JKIAZ,2016-09-01,2019-10-01 00:00:00,Month-to-month,Yes,Credit_card_(automatic),78.95,2839.65,Female,0,Yes,No,Fiber_optic,No,No,Yes,No,No,No,Yes,1,2019-10-01,1125
3312-UUMZW,2017-06-01,No,Month-to-month,Yes,Credit_card_(automatic),98.85,3145.9,Male,0,Yes,No,Fiber_optic,No,Yes,No,No,Yes,Yes,Yes,0,2020-02-01,975
1271-UODNO,2016-11-01,No,Two_year,Yes,Credit_card_(automatic),53.85,2200.7,Male,0,No,No,DSL,No,No,No,Yes,No,No,Yes,0,2020-02-01,1187
8461-EFQYM,2016-12-01,No,One_year,Yes,Electronic_check,24.25,914.4,Female,0,No,No,No,No,No,No,No,No,No,Yes,0,2020-02-01,1157
6900-RBKER,2015-10-01,No,Two_year,Yes,Credit_card_(automatic),89.45,4577.75,Male,0,No,No,Fiber_optic,No,No,Yes,No,No,Yes,Yes,0,2020-02-01,1584
6891-JPYFF,2016-02-01,No,Month-to-month,Yes,Credit_card_(automatic),105.25,4997.5,Female,0,Yes,Yes,Fiber_optic,Yes,Yes,No,No,Yes,Yes,Yes,0,2020-02-01,1461
1459-QNFQT,2014-04-01,No,Two_year,No,Bank_transfer_(automatic),59.5,4144.8,Male,0,Yes,Yes,DSL,Yes,No,Yes,Yes,Yes,Yes,No,0,2020-02-01,2132
1047-NNCBF,2018-06-01,No,Month-to-month,No,Credit_card_(automatic),70.55,1493.55,Male,0,No,No,Fiber_optic,No,No,No,No,No,No,No,0,2020-02-01,610
3696-XRIEN,2015-12-01,No,One_year,Yes,Credit_card_(automatic),82.5,4179.1,Female,0,No,No,DSL,Yes,No,Yes,Yes,Yes,Yes,Yes,0,2020-02-01,1523
4081-DYXAV,2018-03-01,2019-10-01 00:00:00,One_year,Yes,Credit_card_(automatic),44.85,893.55,Female,0,No,No,DSL,No,No,No,No,Yes,Yes,No,1,2019-10-01,579
0074-HDKDG,2018-01-01,No,One_year,Yes,Bank_transfer_(automatic),61.6,1611.0,Male,0,Yes,Yes,DSL,Yes,Yes,Yes,No,No,No,No,0,2020-02-01,761
8791-GFXLZ,2019-02-01,No,Month-to-month,Yes,Bank_transfer_(automatic),49.05,593.05,Male,0,No,No,DSL,No,Yes,No,No,No,No,No,0,2020-02-01,365
8111-SLLHI,2016-10-01,2020-01-01 00:00:00,Month-to-month,Yes,Electronic_check,105.65,4284.8,Male,1,Yes,No,Fiber_optic,No,Yes,Yes,No,Yes,Yes,Yes,1,2020-01-01,1187
0927-LCSMG,2019-06-01,2020-01-01 00:00:00,Month-to-month,No,Mailed_check,74.65,544.55,Male,0,No,No,Fiber_optic,No,No,Yes,No,No,No,No,1,2020-01-01,214
9330-DHBFL,2018-03-01,No,One_year,Yes,Mailed_check,66.25,1533.8,Female,0,Yes,Yes,DSL,Yes,Yes,Yes,Yes,No,No,No,0,2020-02-01,702
0098-BOWSO,2017-11-01,No,Month-to-month,Yes,Electronic_check,19.4,529.8,Male,0,No,No,No,No,No,No,No,No,No,No,0,2020-02-01,822
3452-ABWRL,2016-03-01,No,Month-to-month,Yes,Credit_card_(automatic),86.05,3865.6,Male,1,No,No,Fiber_optic,No,No,No,No,Yes,No,Yes,0,2020-02-01,1432
5859-HZYLF,2017-12-01,No,Two_year,Yes,Credit_card_(automatic),19.15,515.75,Male,0,Yes,Yes,No,No,No,No,No,No,No,No,0,2020-02-01,792
8257-RZAHR,2018-09-01,2019-11-01 00:00:00,Month-to-month,Yes,Bank_transfer_(automatic),64.7,941.0,Female,0,Yes,No,DSL,Yes,No,No,No,Yes,No,Yes,1,2019-11-01,426
5293-WXJAK,2019-02-01,2020-01-01 00:00:00,Month-to-month,Yes,Bank_transfer_(automatic),104.05,1133.65,Female,1,Yes,No,Fiber_optic,No,No,Yes,Yes,Yes,Yes,Yes,1,2020-01-01,334
3156-QLHBO,2019-12-01,No,Month-to-month,No,Mailed_check,19.25,48.35,Male,0,No,Yes,No,No,No,No,No,No,No,No,0,2020-02-01,62
2208-NQBCT,2017-12-01,No,Month-to-month,No,Electronic_check,81.95,2070.05,Female,0,Yes,Yes,Fiber_optic,Yes,Yes,No,No,No,No,No,0,2020-02-01,792
1779-PWPMG,2014-02-01,No,Two_year,Yes,Bank_transfer_(automatic),114.65,8333.95,Female,1,Yes,No,Fiber_optic,Yes,Yes,Yes,Yes,Yes,Yes,Yes,0,2020-02-01,2191
6621-NRZAK,2014-11-01,No,Two_year,No,Credit_card_(automatic),20.0,1209.25,Female,0,Yes,Yes,No,No,No,No,No,No,No,No,0,2020-02-01,1918
0831-JNISG,2014-03-01,No,Two_year,No,Mailed_check,19.8,1396.25,Male,0,Yes,Yes,No,No,No,No,No,No,No,No,0,2020-02-01,2163
0774-IFUVM,2019-03-01,No,Month-to-month,Yes,Bank_transfer_(automatic),65.15,723.35,Male,0,Yes,Yes,DSL,Yes,No,No,No,Yes,No,Yes,0,2020-02-01,337
3082-WQRVY,2018-12-01,No,One_year,No,Mailed_check,19.65,228.65,Male,1,Yes,No,No,No,No,No,No,No,No,No,0,2020-02-01,427
9553-DLCLU,2019-01-01,No,Two_year,No,Credit_card_(automatic),88.95,1161.75,Female,0,No,Yes,DSL,Yes,Yes,Yes,Yes,Yes,Yes,Yes,0,2020-02-01,396
1641-BYBTK,2019-08-01,No,Month-to-month,Yes,Mailed_check,20.2,98.35,Male,0,No,Yes,No,No,No,No,No,No,No,No,0,2020-02-01,184
2460-NGXBJ,2019-03-01,No,Month-to-month,Yes,Credit_card_(automatic),75.2,775.3,Male,1,Yes,Yes,Fiber_optic,No,No,No,No,No,No,Yes,0,2020-02-01,337
2446-ZKVAF,2018-08-01,No,Month-to-month,No,Credit_card_(automatic),56.8,1074.65,Male,0,Yes,No,DSL,No,Yes,No,No,No,No,Yes,0,2020-02-01,549
0841-NULXI,2019-10-01,2019-11-01 00:00:00,Month-to-month,Yes,Electronic_check,35.55,35.55,Male,0,No,No,DSL,No,No,No,No,No,Yes,No,1,2019-11-01,31
3522-CDKHF,2017-06-01,No,Month-to-month,Yes,Bank_transfer_(automatic),75.5,2324.7,Female,0,Yes,No,Fiber_optic,Yes,No,No,No,No,No,No,0,2020-02-01,975
1430-SFQSA,2017-09-01,No,One_year,No,Mailed_check,35.6,1072.6,Male,0,No,No,DSL,Yes,No,No,Yes,No,No,No,0,2020-02-01,883
0411-EZJZE,2019-11-01,No,Month-to-month,Yes,Electronic_check,60.25,170.5,Female,0,No,No,DSL,No,No,No,No,Yes,No,Yes,0,2020-02-01,92
7851-WZEKY,2019-09-01,2019-11-01 00:00:00,Month-to-month,Yes,Electronic_check,95.15,196.9,Female,0,No,No,Fiber_optic,No,No,No,No,Yes,Yes,Yes,1,2019-11-01,61
8844-TONUD,2018-12-01,2020-01-01 00:00:00,Month-to-month,Yes,Mailed_check,96.65,1162.85,Male,0,Yes,Yes,Fiber_optic,No,No,Yes,No,Yes,Yes,No,1,2020-01-01,396
8807-ARQET,2016-09-01,No,Month-to-month,Yes,Electronic_check,40.35,1677.85,Female,0,No,No,DSL,No,Yes,No,No,No,Yes,No,0,2020-02-01,1248
8992-CEUEN,2020-01-01,No,Month-to-month,No,Electronic_check,18.85,18.85,Female,0,No,No,No,No,No,No,No,No,No,No,0,2020-02-01,31
4320-QMLLA,2019-07-01,No,Month-to-month,No,Mailed_check,54.85,370.4,Male,0,No,No,DSL,No,No,No,No,Yes,No,No,0,2020-02-01,215
8777-PVYGU,2015-10-01,No,One_year,Yes,Mailed_check,64.3,3410.6,Female,0,Yes,No,DSL,Yes,No,Yes,No,Yes,No,No,0,2020-02-01,1584
8292-ITGYJ,2016-05-01,No,Two_year,Yes,Bank_transfer_(automatic),24.65,1138.8,Female,0,Yes,Yes,No,No,No,No,No,No,No,Yes,0,2020-02-01,1371
6870-ZWMNX,2014-04-01,No,Two_year,No,Credit_card_(automatic),76.1,5264.25,Male,0,Yes,No,DSL,No,Yes,Yes,Yes,Yes,No,Yes,0,2020-02-01,2132
0621-CXBKL,2015-09-01,No,Two_year,No,Mailed_check,18.7,1005.7,Female,0,No,No,No,No,No,No,No,No,No,No,0,2020-02-01,1614
5268-DSMNQ,2014-12-01,No,One_year,Yes,Credit_card_(automatic),97.95,5936.55,Female,1,Yes,No,Fiber_optic,No,Yes,Yes,No,Yes,No,Yes,0,2020-02-01,1888
5334-JLAXU,2015-02-01,No,Month-to-month,Yes,Credit_card_(automatic),94.1,5475.9,Female,0,Yes,No,Fiber_optic,Yes,Yes,No,No,No,Yes,Yes,0,2020-02-01,1826
4086-YQSNZ,2019-08-01,2019-11-01 00:00:00,Month-to-month,Yes,Electronic_check,80.4,224.05,Female,1,Yes,No,Fiber_optic,No,No,No,No,Yes,No,No,1,2019-11-01,92
6242-MBHPK,2018-03-01,No,Month-to-month,Yes,Electronic_check,95.1,2326.05,Female,1,Yes,No,Fiber_optic,Yes,No,No,No,Yes,Yes,No,0,2020-02-01,702
5868-CZJDR,2019-12-01,2020-01-01 00:00:00,Month-to-month,Yes,Mailed_check,31.35,31.35,Male,0,No,Yes,DSL,No,Yes,No,No,No,No,No,1,2020-01-01,31
9359-UGBTK,2014-07-01,No,One_year,Yes,Bank_transfer_(automatic),72.35,4991.5,Female,0,No,No,DSL,Yes,No,Yes,Yes,No,Yes,No,0,2020-02-01,2041
0135-NMXAP,2018-11-01,2019-11-01 00:00:00,Month-to-month,Yes,Bank_transfer_(automatic),89.75,1052.4,Female,0,No,No,Fiber_optic,No,Yes,No,No,Yes,No,Yes,1,2019-11-01,365
4782-OSFXZ,2014-03-01,No,Two_year,Yes,Bank_transfer_(automatic),82.7,5831.2,Female,1,Yes,No,DSL,Yes,Yes,Yes,Yes,No,Yes,Yes,0,2020-02-01,2163
6479-OAUSD,2018-01-01,No,One_year,No,Credit_card_(automatic),19.9,510.8,Male,0,No,No,No,No,No,No,No,No,No,No,0,2020-02-01,761
7129-ACFOG,2019-09-01,No,Month-to-month,Yes,Electronic_check,53.8,283.95,Female,0,No,No,DSL,Yes,No,No,No,No,No,Yes,0,2020-02-01,153
4189-NAKJS,2017-12-01,No,One_year,Yes,Credit_card_(automatic),51.55,1295.4,Male,0,No,No,DSL,No,No,No,No,No,No,Yes,0,2020-02-01,792
5562-BETPV,2020-01-01,No,One_year,No,Mailed_check,19.65,19.65,Male,0,Yes,Yes,No,No,No,No,No,No,No,No,0,2020-02-01,31
1282-IHQAC,2014-04-01,No,One_year,Yes,Credit_card_(automatic),44.05,3011.65,Male,1,No,No,DSL,No,Yes,Yes,No,Yes,No,No,0,2020-02-01,2132
9127-FHJBZ,2014-02-01,No,Two_year,Yes,Electronic_check,114.0,8093.15,Male,0,Yes,Yes,Fiber_optic,Yes,Yes,Yes,Yes,Yes,Yes,Yes,0,2020-02-01,2191
6270-OMFIW,2014-12-01,2019-12-01 00:00:00,One_year,Yes,Electronic_check,94.4,5610.25,Male,0,Yes,No,Fiber_optic,No,Yes,No,No,Yes,Yes,No,1,2019-12-01,1826
1641-RQDAY,2017-06-01,No,Month-to-month,Yes,Electronic_check,100.4,3217.65,Female,1,Yes,Yes,Fiber_optic,No,Yes,No,No,Yes,Yes,Yes,0,2020-02-01,975
0107-WESLM,2019-09-01,2019-10-01 00:00:00,Month-to-month,Yes,Electronic_check,19.85,19.85,Male,0,No,No,No,No,No,No,No,No,No,No,1,2019-10-01,30
6994-ORCWG,2018-12-01,No,One_year,Yes,Mailed_check,54.25,773.2,Female,0,No,No,DSL,No,Yes,No,No,No,No,Yes,0,2020-02-01,427
1346-UFHAX,2019-01-01,No,Month-to-month,Yes,Credit_card_(automatic),80.0,1029.35,Female,0,No,No,Fiber_optic,Yes,No,No,No,No,No,Yes,0,2020-02-01,396
3992-YWPKO,2019-05-01,2019-11-01 00:00:00,Month-to-month,Yes,Credit_card_(automatic),109.9,669.45,Female,0,No,No,Fiber_optic,No,Yes,Yes,Yes,Yes,Yes,Yes,1,2019-11-01,184
2933-XEUJM,2016-04-01,No,Two_year,No,Mailed_check,79.2,3593.8,Female,0,No,No,DSL,Yes,No,Yes,No,Yes,Yes,Yes,0,2020-02-01,1401
0125-LZQXK,2018-07-01,2019-10-01 00:00:00,Month-to-month,Yes,Electronic_check,101.35,1553.95,Male,0,No,No,Fiber_optic,No,No,Yes,Yes,Yes,Yes,No,1,2019-10-01,457
5461-QKNTN,2016-07-01,No,Month-to-month,Yes,Electronic_check,94.3,3953.15,Male,1,Yes,No,Fiber_optic,No,Yes,No,Yes,Yes,No,Yes,0,2020-02-01,1310
4835-YSJMR,2016-11-01,No,Two_year,Yes,Bank_transfer_(automatic),49.8,1971.15,Male,0,No,No,DSL,No,No,No,Yes,No,No,No,0,2020-02-01,1187
8399-YNDCH,2018-01-01,2019-10-01 00:00:00,Month-to-month,Yes,Bank_transfer_(automatic),60.05,1236.15,Male,1,No,No,DSL,No,No,Yes,No,Yes,No,No,1,2019-10-01,638
3164-YAXFY,2015-05-01,No,Month-to-month,Yes,Electronic_check,53.75,3196.0,Male,0,No,No,DSL,Yes,No,Yes,No,Yes,Yes,No,0,2020-02-01,1737
0887-WBJVH,2015-09-01,No,One_year,Yes,Electronic_check,93.45,4872.2,Female,0,Yes,No,Fiber_optic,No,No,No,Yes,Yes,Yes,No,0,2020-02-01,1614
4660-IRIBM,2018-08-01,No,Month-to-month,Yes,Mailed_check,87.9,1500.5,Male,0,Yes,Yes,Fiber_optic,Yes,No,Yes,No,Yes,No,No,0,2020-02-01,549
5673-FSSMF,2019-11-01,2019-12-01 00:00:00,Month-to-month,Yes,Electronic_check,60.15,60.15,Female,0,No,No,DSL,No,No,No,No,No,Yes,Yes,1,2019-12-01,30
7670-ZBPOQ,2015-04-01,No,One_year,Yes,Bank_transfer_(automatic),61.05,3478.75,Female,0,Yes,No,DSL,Yes,No,No,Yes,No,No,Yes,0,2020-02-01,1767
8089-UZWLX,2014-03-01,No,Two_year,No,Bank_transfer_(automatic),104.05,7413.55,Female,1,No,No,Fiber_optic,No,No,Yes,No,Yes,Yes,Yes,0,2020-02-01,2163
0080-OROZO,2017-03-01,No,One_year,Yes,Electronic_check,99.25,3532.0,Female,0,No,No,Fiber_optic,No,No,Yes,Yes,Yes,Yes,No,0,2020-02-01,1067
3916-NRPAP,2019-11-01,No,Month-to-month,No,Credit_card_(automatic),85.7,256.75,Male,0,No,No,Fiber_optic,No,No,Yes,No,No,Yes,No,0,2020-02-01,92
6807-SIWJI,2016-12-01,No,One_year,Yes,Electronic_check,104.85,3887.25,Male,0,No,No,Fiber_optic,Yes,Yes,No,No,Yes,Yes,Yes,0,2020-02-01,1157
8221-HVAYI,2017-03-01,No,Two_year,Yes,Credit_card_(automatic),69.15,2490.15,Male,0,Yes,Yes,DSL,Yes,Yes,Yes,Yes,No,No,Yes,0,2020-02-01,1067
1579-KLYDT,2019-03-01,2019-10-01 00:00:00,Month-to-month,Yes,Electronic_check,90.45,593.45,Male,0,No,No,Fiber_optic,No,No,Yes,No,Yes,No,Yes,1,2019-10-01,214
5232-NXPAY,2016-03-01,No,Two_year,No,Mailed_check,74.45,3510.3,Female,0,No,No,DSL,No,No,Yes,Yes,Yes,Yes,No,0,2020-02-01,1432
8967-SZQAS,2018-12-01,No,Month-to-month,No,Electronic_check,50.45,765.45,Female,0,No,No,DSL,No,Yes,No,No,No,No,No,0,2020-02-01,427
4468-KAZHE,2018-06-01,No,Month-to-month,Yes,Electronic_check,60.0,1259.35,Female,1,Yes,No,DSL,No,Yes,No,No,No,Yes,No,0,2020-02-01,610
0455-ENTCR,2014-08-01,No,Two_year,No,Electronic_check,85.25,5538.35,Male,0,Yes,No,DSL,Yes,Yes,No,Yes,Yes,Yes,Yes,0,2020-02-01,2010
8944-AILEF,2018-11-01,No,Month-to-month,Yes,Credit_card_(automatic),19.45,340.85,Male,0,Yes,No,No,No,No,No,No,No,No,No,0,2020-02-01,457
5542-NKVRU,2016-08-01,No,Two_year,Yes,Bank_transfer_(automatic),20.75,844.45,Female,0,No,No,No,No,No,No,No,No,No,No,0,2020-02-01,1279
7126-RBHSD,2018-09-01,No,Month-to-month,No,Electronic_check,78.9,1348.95,Female,0,Yes,No,Fiber_optic,Yes,No,No,No,No,No,Yes,0,2020-02-01,518
5370-IIVVL,2017-01-01,No,One_year,Yes,Credit_card_(automatic),104.5,3778.0,Male,0,No,No,Fiber_optic,No,Yes,No,Yes,Yes,Yes,Yes,0,2020-02-01,1126
6789-HJBWG,2019-02-01,No,Month-to-month,Yes,Electronic_check,49.4,611.65,Female,0,No,No,DSL,No,Yes,No,No,No,No,No,0,2020-02-01,365
3927-NLNRY,2015-07-01,2019-12-01 00:00:00,One_year,Yes,Bank_transfer_(automatic),94.25,4867.95,Male,0,Yes,No,Fiber_optic,No,Yes,No,No,Yes,Yes,No,1,2019-12-01,1614
9087-EYCPR,2015-02-01,No,Two_year,No,Mailed_check,25.0,1505.05,Female,0,No,No,No,No,No,No,No,No,No,Yes,0,2020-02-01,1826
6791-YBNAK,2018-08-01,No,Month-to-month,No,Credit_card_(automatic),25.55,467.85,Male,0,Yes,Yes,DSL,No,No,No,No,No,No,No,0,2020-02-01,549
6358-LYNGM,2019-12-01,2020-01-01 00:00:00,Month-to-month,Yes,Electronic_check,74.9,74.9,Male,0,No,No,Fiber_optic,No,No,No,No,No,No,Yes,1,2020-01-01,31
6077-BDPXA,2019-11-01,No,Month-to-month,Yes,Electronic_check,70.15,194.2,Female,0,No,No,Fiber_optic,No,No,No,No,No,No,No,0,2020-02-01,92
0013-MHZWF,2019-05-01,No,Month-to-month,Yes,Credit_card_(automatic),69.4,571.45,Female,0,No,Yes,DSL,No,No,No,Yes,Yes,Yes,No,0,2020-02-01,276
5494-HECPR,2019-10-01,2019-11-01 00:00:00,Month-to-month,Yes,Electronic_check,80.25,80.25,Female,0,No,No,Fiber_optic,No,No,No,No,Yes,No,No,1,2019-11-01,31
8268-YDIXR,2015-06-01,No,One_year,Yes,Electronic_check,93.15,5253.95,Male,0,Yes,No,Fiber_optic,Yes,Yes,Yes,No,No,No,Yes,0,2020-02-01,1706
9824-BEMCV,2018-06-01,2019-11-01 00:00:00,Month-to-month,Yes,Electronic_check,69.0,1149.65,Male,0,Yes,Yes,Fiber_optic,No,No,No,No,No,No,No,1,2019-11-01,518
1373-ORVIZ,2019-01-01,2019-12-01 00:00:00,Month-to-month,Yes,Electronic_check,66.35,740.8,Female,0,Yes,Yes,DSL,No,No,No,Yes,No,Yes,Yes,1,2019-12-01,334
4291-SHSBH,2019-07-01,No,Month-to-month,Yes,Electronic_check,69.55,521.35,Male,0,No,No,Fiber_optic,No,No,No,No,No,No,No,0,2020-02-01,215
6980-IMXXE,2014-05-01,No,Two_year,No,Bank_transfer_(automatic),20.2,1412.65,Female,0,Yes,Yes,No,No,No,No,No,No,No,No,0,2020-02-01,2102
9866-QEVEE,2018-04-01,2019-11-01 00:00:00,Month-to-month,Yes,Bank_transfer_(automatic),86.0,1532.45,Male,0,No,No,Fiber_optic,No,No,No,No,No,Yes,Yes,1,2019-11-01,579
9897-KXHCM,2019-08-01,2019-11-01 00:00:00,Month-to-month,Yes,Electronic_check,80.3,250.05,Female,0,Yes,Yes,Fiber_optic,No,No,No,No,No,Yes,No,1,2019-11-01,92
0040-HALCW,2015-08-01,No,Two_year,No,Credit_card_(automatic),20.4,1090.6,Male,0,Yes,Yes,No,No,No,No,No,No,No,No,0,2020-02-01,1645
0784-GTUUK,2014-12-01,No,One_year,Yes,Credit_card_(automatic),23.75,1446.8,Male,0,Yes,No,No,No,No,No,No,No,No,Yes,0,2020-02-01,1888
7979-CORPM,2017-10-01,2019-10-01 00:00:00,Month-to-month,Yes,Credit_card_(automatic),90.55,2282.55,Male,0,No,No,Fiber_optic,No,Yes,No,No,Yes,No,Yes,1,2019-10-01,730
2294-DMMUS,2014-12-01,No,Month-to-month,Yes,Credit_card_(automatic),70.45,4300.45,Female,0,Yes,Yes,DSL,No,No,No,No,Yes,Yes,Yes,0,2020-02-01,1888
0872-JCPIB,2018-09-01,No,Month-to-month,No,Bank_transfer_(automatic),65.75,1111.2,Male,0,No,No,DSL,Yes,No,No,No,No,Yes,Yes,0,2020-02-01,518
3055-MJDSB,2019-05-01,No,Month-to-month,Yes,Mailed_check,24.6,190.1,Male,0,No,No,DSL,No,No,No,No,No,No,No,0,2020-02-01,276
9091-WTUUY,2014-10-01,No,Two_year,No,Mailed_check,69.25,4447.75,Male,0,Yes,Yes,DSL,Yes,No,Yes,Yes,Yes,No,No,0,2020-02-01,1949
1618-CFHME,2019-09-01,2019-11-01 00:00:00,Month-to-month,Yes,Electronic_check,75.9,143.35,Female,0,No,No,Fiber_optic,No,No,No,No,No,No,Yes,1,2019-11-01,61
3165-HDOEW,2019-09-01,2019-10-01 00:00:00,Month-to-month,Yes,Mailed_check,45.85,45.85,Male,0,Yes,Yes,DSL,No,No,No,No,No,No,No,1,2019-10-01,30
6581-NQCBA,2018-07-01,2019-11-01 00:00:00,Month-to-month,Yes,Electronic_check,49.95,810.2,Female,0,Yes,No,DSL,No,No,No,Yes,Yes,Yes,No,1,2019-11-01,488
7115-IRDHS,2014-02-01,No,Two_year,No,Bank_transfer_(automatic),24.65,1830.05,Female,0,Yes,No,No,No,No,No,No,No,No,Yes,0,2020-02-01,2191
8496-DMZUK,2017-08-01,No,One_year,No,Bank_transfer_(automatic),90.4,2820.65,Male,0,No,No,Fiber_optic,Yes,Yes,Yes,No,No,No,Yes,0,2020-02-01,914
2040-VZIKE,2016-01-01,No,Month-to-month,Yes,Mailed_check,100.85,4847.35,Female,0,Yes,No,Fiber_optic,Yes,No,No,No,Yes,Yes,Yes,0,2020-02-01,1492
9068-VPWQQ,2015-01-01,No,Two_year,No,Credit_card_(automatic),75.35,4729.3,Male,0,Yes,No,DSL,Yes,No,Yes,Yes,No,Yes,Yes,0,2020-02-01,1857
0178-SZBHO,2016-03-01,No,Month-to-month,No,Electronic_check,87.2,4017.45,Male,0,Yes,Yes,Fiber_optic,No,Yes,No,No,Yes,No,Yes,0,2020-02-01,1432
0384-RVBPI,2018-06-01,No,Month-to-month,No,Credit_card_(automatic),64.4,1398.6,Male,0,No,No,DSL,Yes,No,Yes,No,No,Yes,No,0,2020-02-01,610
1689-MRZQR,2017-02-01,2019-12-01 00:00:00,Month-to-month,No,Electronic_check,78.3,2564.3,Male,0,Yes,Yes,Fiber_optic,No,No,No,No,Yes,No,No,1,2019-12-01,1033
1299-AURJA,2014-04-01,No,Two_year,No,Bank_transfer_(automatic),24.7,1685.9,Female,0,Yes,Yes,No,No,No,No,No,No,No,Yes,0,2020-02-01,2132
4525-VZCZG,2015-08-01,No,One_year,Yes,Electronic_check,105.85,5826.65,Male,0,No,Yes,Fiber_optic,Yes,Yes,No,Yes,Yes,Yes,No,0,2020-02-01,1645
1543-LLLFT,2015-01-01,No,One_year,Yes,Mailed_check,98.3,6066.55,Male,1,Yes,No,Fiber_optic,No,Yes,Yes,Yes,Yes,No,Yes,0,2020-02-01,1857
5835-BEQEU,2019-09-01,2019-12-01 00:00:00,Month-to-month,Yes,Electronic_check,76.95,228.4,Male,0,No,No,Fiber_optic,No,No,No,No,No,No,Yes,1,2019-12-01,91
2788-CJQAQ,2019-01-01,No,One_year,No,Mailed_check,19.45,270.2,Male,0,No,No,No,No,No,No,No,No,No,No,0,2020-02-01,396
5565-FILXA,2018-06-01,2019-10-01 00:00:00,Month-to-month,Yes,Electronic_check,96.15,1529.2,Female,1,No,No,Fiber_optic,No,No,No,No,Yes,Yes,Yes,1,2019-10-01,487
0319-QZTCO,2019-11-01,No,Month-to-month,Yes,Credit_card_(automatic),58.7,168.6,Female,0,Yes,Yes,DSL,No,Yes,No,No,Yes,No,No,0,2020-02-01,92
2120-SMPEX,2018-01-01,No,Month-to-month,Yes,Mailed_check,20.15,536.35,Male,0,No,No,No,No,No,No,No,No,No,No,0,2020-02-01,761
0096-FCPUF,2017-08-01,No,Month-to-month,Yes,Mailed_check,64.5,1888.45,Male,0,No,No,DSL,Yes,No,No,No,No,Yes,Yes,0,2020-02-01,914
0668-OGMHD,2018-05-01,No,Month-to-month,No,Electronic_check,28.5,629.35,Female,0,Yes,No,DSL,Yes,No,No,No,No,No,No,0,2020-02-01,641
5552-ZNFSJ,2019-09-01,2019-10-01 00:00:00,Month-to-month,No,Electronic_check,45.3,45.3,Male,0,No,No,DSL,No,No,No,No,No,No,No,1,2019-10-01,30
2223-KAGMX,2018-08-01,2019-11-01 00:00:00,Month-to-month,No,Bank_transfer_(automatic),19.4,289.3,Female,0,No,No,No,No,No,No,No,No,No,No,1,2019-11-01,457
6507-ZJSUR,2018-03-01,No,Month-to-month,Yes,Electronic_check,90.45,2117.25,Male,1,Yes,No,Fiber_optic,No,No,No,No,Yes,Yes,No,0,2020-02-01,702
9408-HRXRK,2016-05-01,No,Month-to-month,Yes,Electronic_check,105.15,4730.9,Female,0,Yes,Yes,Fiber_optic,Yes,Yes,No,No,Yes,Yes,Yes,0,2020-02-01,1371
5593-SUAOO,2018-02-01,No,One_year,No,Bank_transfer_(automatic),83.15,2033.05,Female,0,Yes,Yes,Fiber_optic,No,Yes,Yes,No,No,No,Yes,0,2020-02-01,730
7321-PKUYW,2018-12-01,2019-11-01 00:00:00,Month-to-month,No,Electronic_check,90.15,987.95,Female,0,No,No,Fiber_optic,No,No,No,Yes,Yes,No,Yes,1,2019-11-01,335
2833-SLKDQ,2019-10-01,2019-11-01 00:00:00,Month-to-month,No,Mailed_check,45.05,45.05,Male,0,No,No,DSL,No,No,No,No,No,No,No,1,2019-11-01,31
6766-HFKLA,2015-06-01,No,Two_year,No,Bank_transfer_(automatic),103.2,5744.35,Female,0,Yes,No,Fiber_optic,No,No,Yes,Yes,Yes,Yes,Yes,0,2020-02-01,1706
7595-EUIVN,2019-10-01,2019-11-01 00:00:00,Month-to-month,No,Electronic_check,75.8,75.8,Female,0,No,No,Fiber_optic,No,Yes,No,No,No,No,No,1,2019-11-01,31
7617-EYGLW,2020-01-01,No,Month-to-month,No,Electronic_check,19.45,19.45,Male,0,No,No,No,No,No,No,No,No,No,No,0,2020-02-01,31
2026-TGDHM,2019-04-01,2019-11-01 00:00:00,Month-to-month,Yes,Electronic_check,79.3,523.15,Female,0,No,No,Fiber_optic,No,No,No,No,No,Yes,No,1,2019-11-01,214
9220-ZNKJI,2015-07-01,No,Two_year,No,Credit_card_(automatic),88.8,4805.3,Female,1,Yes,No,Fiber_optic,No,No,Yes,Yes,Yes,No,No,0,2020-02-01,1676
4030-VPZBD,2019-10-01,2019-12-01 00:00:00,Month-to-month,Yes,Electronic_check,30.9,59.05,Female,0,No,No,DSL,No,No,No,Yes,No,No,No,1,2019-12-01,61
2226-ICFDO,2014-02-01,No,Two_year,Yes,Credit_card_(automatic),85.9,6110.75,Female,0,Yes,Yes,DSL,Yes,No,Yes,Yes,Yes,Yes,Yes,0,2020-02-01,2191
0723-VSOBE,2016-05-01,No,One_year,No,Electronic_check,34.2,1596.6,Female,1,No,No,DSL,No,No,No,No,No,Yes,No,0,2020-02-01,1371
5529-GIBVH,2016-03-01,No,Two_year,No,Mailed_check,20.15,1046.2,Female,0,No,No,No,No,No,No,No,No,No,No,0,2020-02-01,1432
4187-CINZD,2016-02-01,2019-12-01 00:00:00,One_year,No,Credit_card_(automatic),95.25,4424.2,Female,1,No,No,Fiber_optic,No,Yes,No,No,Yes,Yes,No,1,2019-12-01,1399
9992-UJOEL,2019-12-01,No,Month-to-month,Yes,Mailed_check,50.3,92.75,Male,0,No,No,DSL,No,Yes,No,No,No,No,No,0,2020-02-01,62
4741-WWJQZ,2019-12-01,No,Month-to-month,Yes,Electronic_check,80.15,194.55,Female,0,Yes,No,Fiber_optic,Yes,No,No,Yes,No,No,No,0,2020-02-01,62
6625-UTXEW,2019-02-01,No,Month-to-month,Yes,Electronic_check,51.25,612.1,Female,0,Yes,No,DSL,No,Yes,No,No,No,No,No,0,2020-02-01,365
6818-WOBHJ,2014-05-01,2020-01-01 00:00:00,Month-to-month,Yes,Bank_transfer_(automatic),89.6,6127.6,Female,1,Yes,No,Fiber_optic,No,Yes,No,No,No,Yes,Yes,1,2020-01-01,2071
6244-BESBM,2014-05-01,No,Two_year,Yes,Credit_card_(automatic),95.2,6671.7,Male,0,Yes,Yes,Fiber_optic,No,No,No,Yes,Yes,Yes,No,0,2020-02-01,2102
1004-NOZNR,2015-06-01,No,One_year,No,Credit_card_(automatic),94.8,5264.3,Male,1,No,Yes,Fiber_optic,Yes,No,No,No,Yes,Yes,No,0,2020-02-01,1706
1251-STYSZ,2019-10-01,No,Month-to-month,Yes,Electronic_check,80.25,303.7,Female,1,No,No,Fiber_optic,Yes,No,No,No,No,No,Yes,0,2020-02-01,123
2612-PHGOX,2014-10-01,No,Two_year,Yes,Bank_transfer_(automatic),76.1,4818.8,Male,0,Yes,No,DSL,No,Yes,Yes,Yes,Yes,No,Yes,0,2020-02-01,1949
2408-TZMJL,2014-12-01,2019-11-01 00:00:00,One_year,Yes,Electronic_check,110.15,6448.05,Male,0,Yes,No,Fiber_optic,Yes,Yes,Yes,No,Yes,Yes,Yes,1,2019-11-01,1796
8480-PPONV,2014-12-01,No,Two_year,No,Bank_transfer_(automatic),115.55,7159.05,Male,0,Yes,Yes,Fiber_optic,Yes,Yes,Yes,Yes,Yes,Yes,Yes,0,2020-02-01,1888
8780-IHCRN,2014-11-01,No,Two_year,No,Credit_card_(automatic),24.65,1574.5,Male,0,Yes,Yes,No,No,No,No,No,No,No,Yes,0,2020-02-01,1918
4598-ZADCK,2015-09-01,No,One_year,Yes,Electronic_check,53.6,2879.2,Female,0,No,No,DSL,Yes,Yes,Yes,Yes,Yes,No,No,0,2020-02-01,1614
1257-SXUXQ,2019-09-01,No,Month-to-month,No,Mailed_check,19.45,86.05,Male,0,Yes,Yes,No,No,No,No,No,No,No,No,0,2020-02-01,153
9681-KYGYB,2016-01-01,No,Month-to-month,Yes,Electronic_check,88.2,4159.45,Male,1,Yes,No,Fiber_optic,Yes,Yes,Yes,No,No,No,Yes,0,2020-02-01,1492
7182-OVLBJ,2014-12-01,No,Two_year,Yes,Bank_transfer_(automatic),101.15,6638.35,Female,0,Yes,Yes,Fiber_optic,Yes,No,No,No,Yes,Yes,Yes,0,2020-02-01,1888
5095-ETBRJ,2015-07-01,No,Two_year,No,Mailed_check,56.8,3112.05,Female,0,Yes,No,DSL,Yes,Yes,No,Yes,No,No,No,0,2020-02-01,1676
7005-CYUIL,2014-03-01,No,Two_year,Yes,Electronic_check,99.4,7168.25,Female,1,Yes,No,Fiber_optic,Yes,Yes,Yes,Yes,Yes,No,No,0,2020-02-01,2163
4821-WQOYN,2014-02-01,No,Two_year,Yes,Credit_card_(automatic),20.1,1326.25,Female,0,Yes,Yes,No,No,No,No,No,No,No,No,0,2020-02-01,2191
4730-AWNAU,2017-02-01,No,One_year,No,Credit_card_(automatic),60.7,2234.55,Male,0,Yes,Yes,DSL,Yes,No,Yes,Yes,Yes,Yes,No,0,2020-02-01,1095
3452-FLHYD,2018-01-01,No,One_year,Yes,Bank_transfer_(automatic),20.95,495.15,Male,0,Yes,No,No,No,No,No,No,No,No,No,0,2020-02-01,761
2388-LAESQ,2014-02-01,No,Two_year,Yes,Bank_transfer_(automatic),114.85,8317.95,Female,1,Yes,No,Fiber_optic,Yes,Yes,Yes,Yes,Yes,Yes,Yes,0,2020-02-01,2191
9531-NSBMR,2017-02-01,No,One_year,Yes,Bank_transfer_(automatic),19.25,679.8,Female,0,No,No,No,No,No,No,No,No,No,No,0,2020-02-01,1095
6260-ONULR,2020-01-01,No,Month-to-month,Yes,Mailed_check,62.8,62.8,Male,0,No,No,DSL,No,No,No,No,Yes,Yes,No,0,2020-02-01,31
4389-UEFCZ,2014-02-01,No,Two_year,Yes,Electronic_check,105.5,7544.0,Female,0,Yes,No,Fiber_optic,Yes,No,Yes,No,Yes,Yes,Yes,0,2020-02-01,2191
8711-LOBKY,2015-03-01,No,Two_year,No,Mailed_check,19.85,1188.25,Male,0,Yes,Yes,No,No,No,No,No,No,No,No,0,2020-02-01,1798
9134-CEQMF,2019-03-01,2019-10-01 00:00:00,Month-to-month,Yes,Electronic_check,89.5,676.7,Male,1,Yes,No,Fiber_optic,No,No,No,No,Yes,Yes,No,1,2019-10-01,214
8985-OOPOS,2020-01-01,No,One_year,No,Credit_card_(automatic),74.1,74.1,Female,0,No,No,DSL,No,No,Yes,Yes,Yes,Yes,No,0,2020-02-01,31
8800-ZKRFW,2017-08-01,No,Month-to-month,Yes,Electronic_check,107.5,3242.5,Female,0,Yes,Yes,Fiber_optic,No,Yes,Yes,Yes,Yes,Yes,Yes,0,2020-02-01,914
2616-FLVQC,2014-10-01,No,Two_year,No,Mailed_check,19.55,1240.15,Male,0,No,No,No,No,No,No,No,No,No,No,0,2020-02-01,1949
9968-FFVVH,2014-11-01,No,One_year,No,Bank_transfer_(automatic),68.8,4111.35,Male,0,No,No,DSL,Yes,Yes,Yes,Yes,No,No,Yes,0,2020-02-01,1918
3108-PCCGG,2014-02-01,No,Two_year,No,Credit_card_(automatic),84.45,5899.85,Male,1,Yes,No,DSL,Yes,Yes,Yes,No,Yes,Yes,Yes,0,2020-02-01,2191
7993-PYKOF,2019-05-01,2020-01-01 00:00:00,Month-to-month,No,Electronic_check,75.0,632.95,Male,0,Yes,No,Fiber_optic,Yes,No,No,No,No,No,No,1,2020-01-01,245
8390-FESFV,2014-12-01,No,Two_year,No,Bank_transfer_(automatic),84.5,5193.2,Female,0,No,No,DSL,No,Yes,Yes,Yes,Yes,Yes,Yes,0,2020-02-01,1888
3022-BEXHZ,2014-07-01,No,Two_year,Yes,Bank_transfer_(automatic),111.2,7530.8,Male,0,Yes,Yes,Fiber_optic,No,Yes,Yes,Yes,Yes,Yes,Yes,0,2020-02-01,2041
5027-XWQHA,2019-05-01,2019-11-01 00:00:00,Month-to-month,No,Electronic_check,44.75,270.95,Male,0,No,No,DSL,No,No,No,No,No,No,No,1,2019-11-01,184
6248-TKCQV,2014-04-01,No,Two_year,Yes,Bank_transfer_(automatic),80.6,5460.2,Female,0,Yes,Yes,DSL,Yes,No,No,Yes,Yes,Yes,Yes,0,2020-02-01,2132
6729-GDNGC,2018-06-01,No,Month-to-month,No,Bank_transfer_(automatic),80.7,1614.2,Female,1,No,No,Fiber_optic,No,No,No,No,Yes,No,No,0,2020-02-01,610
6198-ZFIOJ,2019-09-01,No,Month-to-month,No,Electronic_check,75.6,402.5,Female,0,No,No,Fiber_optic,No,No,No,No,No,No,Yes,0,2020-02-01,153
5989-OMNJE,2018-02-01,No,One_year,No,Electronic_check,57.6,1367.75,Female,0,Yes,Yes,DSL,Yes,Yes,Yes,No,Yes,Yes,No,0,2020-02-01,730
4566-QVRRW,2018-11-01,2019-10-01 00:00:00,Month-to-month,Yes,Electronic_check,44.05,483.7,Female,0,Yes,No,DSL,No,No,No,No,No,No,No,1,2019-10-01,334
1291-CUOCY,2014-02-01,No,Two_year,Yes,Credit_card_(automatic),110.6,7962.2,Male,0,Yes,No,Fiber_optic,No,Yes,Yes,Yes,Yes,Yes,Yes,0,2020-02-01,2191
9795-SHUHB,2014-08-01,No,Two_year,Yes,Credit_card_(automatic),58.2,3810.8,Female,0,Yes,Yes,DSL,Yes,Yes,No,Yes,No,No,No,0,2020-02-01,2010
3230-IUALN,2016-05-01,No,Two_year,Yes,Mailed_check,81.0,3533.6,Female,0,Yes,Yes,DSL,Yes,No,Yes,Yes,Yes,Yes,No,0,2020-02-01,1371
0042-RLHYP,2014-05-01,No,Two_year,No,Bank_transfer_(automatic),19.7,1396.9,Female,0,Yes,Yes,No,No,No,No,No,No,No,No,0,2020-02-01,2102
8519-IMDHU,2018-09-01,2019-12-01 00:00:00,Month-to-month,Yes,Bank_transfer_(automatic),85.6,1345.55,Male,1,Yes,No,Fiber_optic,No,No,No,No,No,Yes,Yes,1,2019-12-01,456
4945-RVMTE,2017-10-01,No,Month-to-month,Yes,Bank_transfer_(automatic),59.55,1646.45,Female,0,No,No,DSL,No,No,Yes,No,Yes,No,No,0,2020-02-01,853
0201-OAMXR,2014-01-01,2019-11-01 00:00:00,One_year,No,Credit_card_(automatic),115.55,8127.6,Female,0,No,No,Fiber_optic,Yes,Yes,Yes,Yes,Yes,Yes,Yes,1,2019-11-01,2130
1866-NXPSP,2017-02-01,No,One_year,Yes,Mailed_check,75.55,2680.15,Female,0,No,No,DSL,Yes,Yes,Yes,Yes,No,Yes,No,0,2020-02-01,1095
3372-KWFBM,2018-06-01,2019-10-01 00:00:00,Month-to-month,Yes,Electronic_check,86.6,1281.0,Male,1,No,No,Fiber_optic,No,No,No,No,Yes,No,Yes,1,2019-10-01,487
7831-QGOXH,2018-04-01,2019-10-01 00:00:00,Month-to-month,Yes,Electronic_check,85.2,1553.9,Female,0,No,No,Fiber_optic,No,No,No,No,Yes,No,Yes,1,2019-10-01,548
6393-WRYZE,2017-01-01,2019-11-01 00:00:00,Month-to-month,Yes,Electronic_check,97.65,3207.55,Female,0,Yes,No,Fiber_optic,No,No,No,No,Yes,Yes,Yes,1,2019-11-01,1034
3941-XTSKM,2016-08-01,No,One_year,Yes,Credit_card_(automatic),45.1,2049.05,Male,0,Yes,Yes,DSL,No,Yes,Yes,No,No,Yes,No,0,2020-02-01,1279
1661-CZBAU,2016-02-01,No,One_year,Yes,Bank_transfer_(automatic),70.95,3629.2,Male,0,No,No,DSL,Yes,No,No,Yes,No,Yes,Yes,0,2020-02-01,1461
6599-RCLCJ,2016-01-01,2019-12-01 00:00:00,Month-to-month,Yes,Electronic_check,109.55,5124.55,Male,0,Yes,No,Fiber_optic,No,Yes,Yes,Yes,Yes,Yes,Yes,1,2019-12-01,1430
9831-BPFRI,2016-09-01,2019-12-01 00:00:00,One_year,Yes,Electronic_check,89.55,3474.45,Female,0,Yes,Yes,Fiber_optic,No,Yes,Yes,Yes,No,No,Yes,1,2019-12-01,1186
5158-RIVOP,2019-03-01,No,Two_year,No,Credit_card_(automatic),20.9,202.3,Female,0,Yes,Yes,No,No,No,No,No,No,No,No,0,2020-02-01,337
9788-YTFGE,2019-07-01,No,Month-to-month,Yes,Mailed_check,19.95,147.5,Male,0,No,No,No,No,No,No,No,No,No,No,0,2020-02-01,215
9277-JOOMO,2019-11-01,No,Month-to-month,No,Mailed_check,24.6,86.35,Female,0,No,No,No,No,No,No,No,No,No,Yes,0,2020-02-01,92
1907-YLNYW,2019-06-01,No,Month-to-month,Yes,Electronic_check,66.7,579.0,Male,0,No,No,DSL,Yes,No,Yes,No,No,Yes,No,0,2020-02-01,245
1725-MIMXW,2019-12-01,2020-01-01 00:00:00,Month-to-month,Yes,Mailed_check,19.45,19.45,Male,0,No,Yes,No,No,No,No,No,No,No,No,1,2020-01-01,31
8947-YRTDV,2017-06-01,No,One_year,No,Mailed_check,94.8,3131.55,Male,0,Yes,Yes,Fiber_optic,Yes,Yes,Yes,No,No,Yes,No,0,2020-02-01,975
3161-ONRWK,2015-02-01,No,One_year,Yes,Bank_transfer_(automatic),65.85,3928.3,Male,0,Yes,Yes,DSL,Yes,Yes,Yes,Yes,No,No,No,0,2020-02-01,1826
0114-RSRRW,2019-04-01,No,Month-to-month,Yes,Bank_transfer_(automatic),19.95,187.75,Female,0,Yes,No,No,No,No,No,No,No,No,No,0,2020-02-01,306
4565-NLZBV,2014-03-01,No,Two_year,Yes,Bank_transfer_(automatic),24.65,1710.15,Female,0,Yes,No,No,No,No,No,No,No,No,Yes,0,2020-02-01,2163
0031-PVLZI,2019-09-01,2020-01-01 00:00:00,Month-to-month,No,Mailed_check,20.35,76.35,Female,0,Yes,Yes,No,No,No,No,No,No,No,No,1,2020-01-01,122
7206-GZCDC,2019-10-01,2019-11-01 00:00:00,Month-to-month,Yes,Electronic_check,69.25,69.25,Female,1,No,No,Fiber_optic,No,No,No,No,No,No,No,1,2019-11-01,31
6682-VCIXC,2016-07-01,No,One_year,Yes,Bank_transfer_(automatic),51.25,2151.6,Female,0,Yes,Yes,DSL,Yes,Yes,No,Yes,Yes,No,No,0,2020-02-01,1310
4791-QRGMF,2014-11-01,2019-10-01 00:00:00,One_year,Yes,Bank_transfer_(automatic),99.5,5961.1,Male,0,Yes,No,Fiber_optic,No,No,Yes,No,Yes,Yes,Yes,1,2019-10-01,1795
6475-VHUIZ,2018-03-01,No,Month-to-month,No,Electronic_check,54.25,1221.55,Female,0,Yes,No,DSL,No,No,Yes,Yes,No,No,No,0,2020-02-01,702
3910-MRQOY,2014-02-01,No,Two_year,No,Bank_transfer_(automatic),19.4,1496.45,Female,0,Yes,No,No,No,No,No,No,No,No,No,0,2020-02-01,2191
0661-WCQNQ,2018-04-01,No,One_year,Yes,Credit_card_(automatic),56.25,1292.2,Male,0,Yes,No,DSL,Yes,No,No,Yes,No,No,No,0,2020-02-01,671
7537-RBWEA,2020-01-01,No,Month-to-month,Yes,Mailed_check,25.15,25.15,Female,0,No,No,DSL,No,No,No,No,No,No,No,0,2020-02-01,31
4656-CAURT,2014-05-01,No,Two_year,No,Bank_transfer_(automatic),23.95,1713.1,Male,0,No,No,No,No,No,No,No,No,No,Yes,0,2020-02-01,2102
0121-SNYRK,2015-12-01,No,One_year,Yes,Mailed_check,35.4,1748.9,Male,0,No,No,DSL,Yes,No,No,Yes,No,No,No,0,2020-02-01,1523
1768-ZAIFU,2019-11-01,2019-12-01 00:00:00,Month-to-month,Yes,Electronic_check,25.2,25.2,Female,1,No,No,DSL,No,No,No,No,No,No,No,1,2019-12-01,30
4671-LXRDQ,2019-09-01,2019-11-01 00:00:00,Month-to-month,Yes,Mailed_check,45.0,96.45,Male,0,No,No,DSL,No,No,No,No,No,No,No,1,2019-11-01,61
3733-LSYCE,2018-11-01,No,Month-to-month,No,Bank_transfer_(automatic),75.35,1114.55,Female,0,Yes,No,Fiber_optic,No,Yes,No,No,No,No,No,0,2020-02-01,457
6265-FRMTQ,2017-07-01,No,Two_year,No,Bank_transfer_(automatic),20.4,609.1,Male,0,No,No,No,No,No,No,No,No,No,No,0,2020-02-01,945
1934-SJVJK,2019-12-01,2020-01-01 00:00:00,Month-to-month,No,Mailed_check,20.15,20.15,Male,0,No,No,No,No,No,No,No,No,No,No,1,2020-01-01,31
3838-OZURD,2014-05-01,2019-11-01 00:00:00,Month-to-month,Yes,Credit_card_(automatic),105.0,7133.25,Male,0,Yes,No,Fiber_optic,No,Yes,Yes,No,Yes,Yes,Yes,1,2019-11-01,2010
1371-DWPAZ,2020-02-01,No,Two_year,No,Credit_card_(automatic),56.05,0.0,Female,0,Yes,Yes,DSL,Yes,Yes,Yes,Yes,Yes,No,No,0,2020-02-01,0
9269-CQOOL,2019-07-01,2019-10-01 00:00:00,Month-to-month,Yes,Credit_card_(automatic),54.7,169.45,Male,0,No,Yes,DSL,No,No,No,No,Yes,No,No,1,2019-10-01,92
2017-CCBLH,2019-06-01,No,Two_year,No,Mailed_check,20.0,141.6,Female,0,No,No,No,No,No,No,No,No,No,No,0,2020-02-01,245
7690-KPNCU,2014-10-01,No,One_year,Yes,Credit_card_(automatic),73.05,4688.65,Male,0,Yes,Yes,DSL,Yes,No,Yes,No,Yes,Yes,No,0,2020-02-01,1949
0536-BGFMZ,2017-10-01,No,Month-to-month,No,Mailed_check,20.5,563.05,Female,0,Yes,No,No,No,No,No,No,No,No,No,0,2020-02-01,853
2293-IJWPS,2015-05-01,No,One_year,Yes,Credit_card_(automatic),100.75,5985.0,Female,0,Yes,No,Fiber_optic,No,No,Yes,No,Yes,Yes,Yes,0,2020-02-01,1737
2845-HSJCY,2018-09-01,2019-11-01 00:00:00,Month-to-month,Yes,Electronic_check,87.25,1258.6,Female,0,Yes,Yes,Fiber_optic,No,No,Yes,No,No,Yes,Yes,1,2019-11-01,426
5469-NUJUR,2018-07-01,No,Two_year,Yes,Mailed_check,19.95,373.5,Male,0,No,No,No,No,No,No,No,No,No,No,0,2020-02-01,580
1184-PJVDB,2019-01-01,2019-11-01 00:00:00,Month-to-month,Yes,Electronic_check,79.95,857.2,Male,0,Yes,No,Fiber_optic,No,No,No,No,Yes,No,No,1,2019-11-01,304
2625-TRCZQ,2015-11-01,No,Month-to-month,Yes,Electronic_check,49.65,2553.35,Female,0,Yes,No,DSL,No,Yes,No,No,Yes,Yes,No,0,2020-02-01,1553
4102-HLENU,2014-07-01,No,Two_year,No,Mailed_check,65.65,4322.85,Female,0,Yes,No,DSL,Yes,Yes,Yes,No,No,No,Yes,0,2020-02-01,2041
7266-GSSJX,2019-03-01,No,Month-to-month,Yes,Electronic_check,20.45,250.8,Male,0,Yes,Yes,No,No,No,No,No,No,No,No,0,2020-02-01,337
7722-VJRQD,2014-02-01,No,Two_year,No,Bank_transfer_(automatic),60.95,4549.05,Male,0,Yes,Yes,DSL,Yes,No,Yes,Yes,Yes,Yes,No,0,2020-02-01,2191
7073-QETQY,2014-08-01,No,One_year,Yes,Electronic_check,20.35,1359.5,Male,0,Yes,Yes,No,No,No,No,No,No,No,No,0,2020-02-01,2010
9415-DPEWS,2018-06-01,2019-12-01 00:00:00,Month-to-month,Yes,Electronic_check,88.35,1639.3,Female,0,No,No,Fiber_optic,No,No,No,Yes,Yes,No,Yes,1,2019-12-01,548
5624-RYAMH,2019-05-01,No,Month-to-month,Yes,Electronic_check,19.5,178.85,Female,0,No,No,No,No,No,No,No,No,No,No,0,2020-02-01,276
0196-JTUQI,2019-05-01,No,Month-to-month,Yes,Credit_card_(automatic),75.2,633.85,Female,0,No,No,Fiber_optic,No,No,No,No,No,No,Yes,0,2020-02-01,276
7130-YXBRO,2016-02-01,No,Month-to-month,Yes,Bank_transfer_(automatic),111.45,5315.1,Male,0,Yes,No,Fiber_optic,Yes,Yes,Yes,No,Yes,Yes,Yes,0,2020-02-01,1461
9272-LSVYH,2019-04-01,No,Month-to-month,No,Mailed_check,70.15,735.5,Male,0,No,No,Fiber_optic,No,No,No,No,No,No,No,0,2020-02-01,306
7943-RQCHR,2019-01-01,2019-10-01 00:00:00,Month-to-month,Yes,Electronic_check,94.75,889.9,Female,0,No,No,Fiber_optic,No,No,No,No,Yes,Yes,Yes,1,2019-10-01,273
3793-MMFUH,2018-09-01,2019-10-01 00:00:00,Month-to-month,Yes,Electronic_check,95.05,1290.0,Female,1,No,No,Fiber_optic,No,No,No,No,Yes,Yes,Yes,1,2019-10-01,395
3249-ZPQRG,2019-06-01,2019-10-01 00:00:00,Month-to-month,No,Electronic_check,78.45,330.05,Male,0,No,No,Fiber_optic,No,Yes,No,No,No,No,Yes,1,2019-10-01,122
2568-BRGYX,2019-07-01,2019-11-01 00:00:00,Month-to-month,Yes,Electronic_check,70.2,237.95,Male,0,No,No,Fiber_optic,No,No,No,No,No,No,No,1,2019-11-01,123
3084-DOWLE,2014-02-01,No,Two_year,No,Bank_transfer_(automatic),92.0,6474.4,Female,0,Yes,No,DSL,Yes,Yes,Yes,Yes,Yes,Yes,Yes,0,2020-02-01,2191
1084-MNSMJ,2015-11-01,No,Two_year,No,Credit_card_(automatic),85.5,4421.95,Female,0,Yes,Yes,DSL,Yes,Yes,Yes,Yes,Yes,Yes,No,0,2020-02-01,1553
7721-JXEAW,2014-12-01,2019-11-01 00:00:00,Month-to-month,Yes,Bank_transfer_(automatic),41.05,2452.7,Male,0,Yes,No,DSL,No,Yes,No,No,No,Yes,No,1,2019-11-01,1796
7249-WBIYX,2019-01-01,2019-11-01 00:00:00,Month-to-month,Yes,Electronic_check,85.6,813.85,Male,0,Yes,No,Fiber_optic,No,No,No,No,Yes,No,Yes,1,2019-11-01,304
4238-HFHSN,2015-01-01,No,Month-to-month,Yes,Electronic_check,82.15,4904.85,Male,1,Yes,No,Fiber_optic,No,Yes,No,No,No,No,Yes,0,2020-02-01,1857
6250-CGGUN,2015-08-01,No,One_year,No,Electronic_check,84.4,4484.05,Male,0,No,No,Fiber_optic,Yes,No,Yes,Yes,No,No,No,0,2020-02-01,1645
5478-JJVZK,2017-05-01,No,Month-to-month,Yes,Mailed_check,60.9,2033.85,Female,0,No,No,DSL,Yes,Yes,No,No,No,No,Yes,0,2020-02-01,1006
7596-IIWYC,2017-11-01,No,Two_year,Yes,Bank_transfer_(automatic),20.25,538.2,Female,0,No,No,No,No,No,No,No,No,No,No,0,2020-02-01,822
6567-HOOPW,2019-11-01,2019-12-01 00:00:00,Month-to-month,Yes,Electronic_check,79.2,79.2,Female,1,No,No,Fiber_optic,No,No,No,No,Yes,No,No,1,2019-12-01,30
9793-WECQC,2018-03-01,No,Month-to-month,No,Mailed_check,95.3,2192.9,Male,0,No,No,Fiber_optic,No,Yes,No,No,Yes,Yes,No,0,2020-02-01,702
4291-HPAXL,2020-01-01,No,Month-to-month,No,Mailed_check,19.85,19.85,Male,0,No,Yes,No,No,No,No,No,No,No,No,0,2020-02-01,31
8999-YPYBV,2016-05-01,No,Two_year,Yes,Mailed_check,84.35,3858.05,Male,0,Yes,Yes,DSL,Yes,Yes,Yes,Yes,Yes,Yes,No,0,2020-02-01,1371
1839-FBNFR,2016-11-01,No,Two_year,Yes,Bank_transfer_(automatic),19.85,854.8,Female,0,Yes,Yes,No,No,No,No,No,No,No,No,0,2020-02-01,1187
3164-AALRN,2019-07-01,2019-12-01 00:00:00,One_year,Yes,Mailed_check,70.0,347.4,Male,0,No,No,DSL,No,No,Yes,No,Yes,Yes,No,1,2019-12-01,153
3071-MVJCD,2014-02-01,No,Two_year,No,Bank_transfer_(automatic),82.3,5815.15,Male,0,Yes,Yes,DSL,Yes,Yes,Yes,Yes,Yes,No,Yes,0,2020-02-01,2191
1697-BCSHV,2015-04-01,No,Month-to-month,Yes,Bank_transfer_(automatic),66.8,3970.4,Female,0,Yes,Yes,DSL,No,Yes,No,No,Yes,No,Yes,0,2020-02-01,1767
0562-KBDVM,2014-04-01,No,Two_year,Yes,Bank_transfer_(automatic),44.6,3058.15,Female,0,No,No,DSL,Yes,Yes,Yes,Yes,No,No,No,0,2020-02-01,2132
1131-SUEKT,2015-01-01,No,One_year,Yes,Bank_transfer_(automatic),98.45,6145.2,Male,0,Yes,Yes,Fiber_optic,No,Yes,No,Yes,Yes,Yes,No,0,2020-02-01,1857
3717-OEAUQ,2019-12-01,No,Month-to-month,No,Mailed_check,70.7,129.2,Male,0,No,No,Fiber_optic,No,No,No,No,No,No,No,0,2020-02-01,62
4538-WNTMJ,2016-04-01,No,One_year,No,Mailed_check,24.95,1165.9,Female,0,Yes,Yes,No,No,No,No,No,No,No,Yes,0,2020-02-01,1401
3334-CTHOL,2019-12-01,2020-01-01 00:00:00,Month-to-month,Yes,Bank_transfer_(automatic),49.95,49.95,Female,0,No,No,DSL,No,No,No,No,No,No,Yes,1,2020-01-01,31
4704-ERYFC,2018-03-01,2020-01-01 00:00:00,Month-to-month,Yes,Electronic_check,69.25,1554.0,Female,0,Yes,No,Fiber_optic,No,No,No,No,No,No,No,1,2020-01-01,671
9432-RUVSL,2016-02-01,No,Two_year,Yes,Credit_card_(automatic),102.5,4904.25,Female,0,No,No,Fiber_optic,Yes,No,Yes,Yes,Yes,Yes,No,0,2020-02-01,1461
8060-HIWJJ,2014-10-01,No,Two_year,No,Credit_card_(automatic),86.55,5632.55,Male,0,No,No,DSL,No,Yes,Yes,Yes,Yes,Yes,Yes,0,2020-02-01,1949
7684-XSZIY,2014-02-01,No,Two_year,No,Bank_transfer_(automatic),24.3,1643.25,Male,0,Yes,Yes,No,No,No,No,No,No,No,Yes,0,2020-02-01,2191
9089-UOWJG,2019-02-01,No,Month-to-month,Yes,Credit_card_(automatic),58.35,740.55,Female,0,Yes,Yes,DSL,No,No,Yes,No,Yes,No,No,0,2020-02-01,365
8621-MNIHH,2017-02-01,2019-12-01 00:00:00,Month-to-month,Yes,Electronic_check,94.25,3217.55,Female,1,Yes,No,Fiber_optic,No,Yes,Yes,No,No,Yes,Yes,1,2019-12-01,1033
8039-ACLPL,2014-02-01,No,Two_year,No,Credit_card_(automatic),68.75,4888.2,Female,0,Yes,Yes,DSL,Yes,Yes,Yes,No,No,Yes,No,0,2020-02-01,2191
9885-AIBVB,2017-09-01,No,Month-to-month,Yes,Electronic_check,85.8,2440.25,Male,0,Yes,No,Fiber_optic,No,Yes,Yes,No,No,No,Yes,0,2020-02-01,883
1934-MKPXS,2017-05-01,No,One_year,No,Credit_card_(automatic),20.1,620.55,Male,0,Yes,Yes,No,No,No,No,No,No,No,No,0,2020-02-01,1006
2592-YKDIF,2020-01-01,No,Month-to-month,No,Mailed_check,20.35,20.35,Female,0,No,No,No,No,No,No,No,No,No,No,0,2020-02-01,31
2272-JKMSI,2014-12-01,No,One_year,Yes,Electronic_check,110.8,6840.95,Female,0,Yes,Yes,Fiber_optic,No,Yes,Yes,Yes,Yes,Yes,Yes,0,2020-02-01,1888
0471-LVHGK,2016-08-01,2020-01-01 00:00:00,One_year,Yes,Electronic_check,73.0,3001.2,Male,0,Yes,No,DSL,No,No,Yes,No,Yes,Yes,Yes,1,2020-01-01,1248
9518-RWHZL,2014-07-01,2019-11-01 00:00:00,One_year,Yes,Credit_card_(automatic),100.05,6254.2,Female,0,No,No,Fiber_optic,No,No,Yes,No,Yes,Yes,Yes,1,2019-11-01,1949
8714-CTZJW,2019-10-01,No,Month-to-month,Yes,Credit_card_(automatic),82.85,319.6,Female,0,No,No,Fiber_optic,No,No,Yes,No,No,Yes,No,0,2020-02-01,123
3569-EDBPQ,2018-02-01,No,Month-to-month,Yes,Electronic_check,84.35,1938.05,Female,0,No,No,Fiber_optic,Yes,No,No,Yes,No,No,Yes,0,2020-02-01,730
3131-NWVFJ,2018-12-01,No,One_year,No,Mailed_check,19.55,294.5,Female,0,Yes,Yes,No,No,No,No,No,No,No,No,0,2020-02-01,427
7521-YXVZY,2019-11-01,No,Month-to-month,No,Mailed_check,19.95,58.3,Male,0,No,Yes,No,No,No,No,No,No,No,No,0,2020-02-01,92
5419-CONWX,2019-07-01,2019-11-01 00:00:00,Month-to-month,Yes,Credit_card_(automatic),99.8,442.85,Female,1,No,No,Fiber_optic,No,Yes,Yes,No,Yes,Yes,No,1,2019-11-01,123
6240-EURKS,2018-07-01,2020-01-01 00:00:00,Month-to-month,Yes,Electronic_check,35.0,553.0,Female,0,No,Yes,DSL,No,No,No,No,No,Yes,No,1,2020-01-01,549
2373-NTKOD,2019-06-01,No,Month-to-month,Yes,Electronic_check,66.25,546.45,Male,0,No,No,DSL,No,No,No,No,Yes,Yes,No,0,2020-02-01,245
1970-KKFWL,2017-03-01,No,Two_year,No,Bank_transfer_(automatic),23.3,797.1,Female,0,No,No,No,No,No,No,No,No,No,Yes,0,2020-02-01,1067
6960-HVYXR,2019-12-01,2020-01-01 00:00:00,Month-to-month,No,Electronic_check,76.0,76.0,Female,0,No,No,Fiber_optic,No,No,No,No,No,No,Yes,1,2020-01-01,31
9337-SRRNI,2014-08-01,No,Two_year,Yes,Credit_card_(automatic),25.3,1673.8,Male,0,No,Yes,No,No,No,No,No,No,No,Yes,0,2020-02-01,2010
0895-UADGO,2019-06-01,No,Two_year,Yes,Mailed_check,44.55,343.45,Male,0,No,Yes,DSL,Yes,No,No,Yes,No,Yes,No,0,2020-02-01,245
5678-VFNEQ,2014-03-01,No,One_year,Yes,Credit_card_(automatic),104.1,7412.25,Female,0,Yes,No,Fiber_optic,Yes,No,Yes,No,Yes,Yes,Yes,0,2020-02-01,2163
5977-CKHON,2016-07-01,No,Month-to-month,Yes,Bank_transfer_(automatic),92.55,4039.0,Female,0,Yes,Yes,Fiber_optic,No,No,Yes,No,No,Yes,Yes,0,2020-02-01,1310
7024-OHCCK,2019-08-01,2019-10-01 00:00:00,Month-to-month,Yes,Electronic_check,93.85,170.85,Female,1,No,No,Fiber_optic,No,No,No,No,Yes,Yes,Yes,1,2019-10-01,61
2692-BUCFV,2017-09-01,No,Month-to-month,Yes,Bank_transfer_(automatic),101.45,2948.6,Male,1,No,No,Fiber_optic,No,Yes,Yes,No,Yes,Yes,No,0,2020-02-01,883
7861-UVUFT,2018-10-01,2020-01-01 00:00:00,Month-to-month,Yes,Electronic_check,84.3,1308.4,Female,0,Yes,No,Fiber_optic,No,No,Yes,No,Yes,No,No,1,2020-01-01,457
1830-GGFNM,2014-09-01,No,Two_year,No,Credit_card_(automatic),94.55,6078.75,Male,0,Yes,Yes,Fiber_optic,Yes,Yes,Yes,Yes,No,No,Yes,0,2020-02-01,1979
5302-BDJNT,2017-03-01,No,Month-to-month,No,Electronic_check,95.5,3418.2,Male,0,No,No,Fiber_optic,No,No,Yes,Yes,Yes,No,Yes,0,2020-02-01,1067
5223-UZAVK,2014-10-01,No,One_year,Yes,Credit_card_(automatic),100.3,6603.8,Male,0,No,No,Fiber_optic,Yes,Yes,No,No,Yes,Yes,No,0,2020-02-01,1949
4859-ZSRDZ,2015-04-01,No,Two_year,Yes,Credit_card_(automatic),55.5,3166.9,Female,0,Yes,Yes,DSL,No,No,Yes,Yes,Yes,Yes,No,0,2020-02-01,1767
5651-WYIPH,2018-08-01,No,Month-to-month,Yes,Credit_card_(automatic),49.85,865.75,Female,1,No,No,DSL,No,Yes,No,No,No,No,No,0,2020-02-01,549
9350-VLHMB,2014-07-01,No,Month-to-month,Yes,Bank_transfer_(automatic),89.55,6373.1,Male,0,Yes,Yes,Fiber_optic,No,Yes,No,No,No,Yes,Yes,0,2020-02-01,2041
3498-LZGQZ,2014-11-01,No,Two_year,Yes,Mailed_check,19.15,1177.05,Male,0,Yes,Yes,No,No,No,No,No,No,No,No,0,2020-02-01,1918
8785-CJSHH,2015-02-01,No,Month-to-month,Yes,Electronic_check,99.8,5985.75,Female,0,Yes,No,Fiber_optic,No,Yes,No,No,Yes,Yes,Yes,0,2020-02-01,1826
5357-TZHPP,2019-03-01,2019-12-01 00:00:00,Month-to-month,Yes,Credit_card_(automatic),84.4,732.5,Male,1,No,No,Fiber_optic,No,No,No,No,No,Yes,Yes,1,2019-12-01,275
3870-SPZSI,2014-04-01,No,Two_year,Yes,Credit_card_(automatic),113.05,7869.05,Female,0,Yes,Yes,Fiber_optic,Yes,Yes,Yes,Yes,Yes,Yes,Yes,0,2020-02-01,2132
0680-DFNNY,2018-10-01,2020-01-01 00:00:00,Month-to-month,Yes,Electronic_check,101.1,1504.05,Male,0,Yes,No,Fiber_optic,No,No,Yes,No,Yes,Yes,Yes,1,2020-01-01,457
7560-QRBXH,2016-02-01,No,One_year,No,Mailed_check,19.95,936.7,Female,0,No,Yes,No,No,No,No,No,No,No,No,0,2020-02-01,1461
7077-XJMET,2019-02-01,No,Month-to-month,Yes,Electronic_check,74.15,741.4,Male,0,Yes,No,DSL,No,No,Yes,Yes,Yes,Yes,No,0,2020-02-01,365
8752-GHJFU,2014-03-01,No,One_year,Yes,Electronic_check,92.0,6585.2,Male,1,Yes,No,Fiber_optic,Yes,Yes,Yes,Yes,No,No,Yes,0,2020-02-01,2163
6896-SRVYQ,2016-06-01,No,Month-to-month,No,Electronic_check,73.85,3122.4,Male,1,No,No,Fiber_optic,No,No,Yes,No,No,No,No,0,2020-02-01,1340
7767-UXAGJ,2019-11-01,2019-12-01 00:00:00,Month-to-month,Yes,Electronic_check,50.45,50.45,Male,0,No,No,DSL,No,No,No,No,No,No,Yes,1,2019-12-01,30
4652-ODEVH,2016-05-01,No,Two_year,No,Mailed_check,24.45,1088.25,Male,0,Yes,Yes,No,No,No,No,No,No,No,Yes,0,2020-02-01,1371
6510-UPNKS,2018-03-01,No,One_year,No,Credit_card_(automatic),24.8,615.35,Female,0,No,No,No,No,No,No,No,No,No,Yes,0,2020-02-01,702
6718-BDGHG,2016-07-01,No,One_year,Yes,Bank_transfer_(automatic),64.85,2908.2,Female,0,Yes,No,DSL,No,No,No,Yes,Yes,No,Yes,0,2020-02-01,1310
9046-DQMTP,2017-03-01,No,Month-to-month,No,Bank_transfer_(automatic),20.75,739.9,Male,0,No,No,No,No,No,No,No,No,No,No,0,2020-02-01,1067
6439-LAJXL,2019-05-01,No,Month-to-month,Yes,Mailed_check,68.95,593.85,Male,0,Yes,No,DSL,Yes,Yes,No,Yes,Yes,No,No,0,2020-02-01,276
1571-SAVHK,2018-10-01,2019-10-01 00:00:00,Month-to-month,Yes,Mailed_check,99.95,1132.75,Male,0,No,No,Fiber_optic,No,No,No,Yes,Yes,Yes,Yes,1,2019-10-01,365
9052-VKDUW,2014-09-01,No,Month-to-month,Yes,Credit_card_(automatic),109.4,7227.45,Female,1,Yes,No,Fiber_optic,Yes,Yes,Yes,No,Yes,Yes,Yes,0,2020-02-01,1979
9546-CQJSU,2019-11-01,2020-01-01 00:00:00,Month-to-month,Yes,Electronic_check,91.4,193.6,Female,0,No,No,Fiber_optic,No,No,Yes,No,Yes,No,Yes,1,2020-01-01,61
1666-JZPZT,2017-11-01,No,Month-to-month,No,Mailed_check,49.0,1291.35,Male,0,No,No,DSL,No,No,No,No,No,No,Yes,0,2020-02-01,822
5777-KJIRB,2016-10-01,No,One_year,Yes,Mailed_check,50.25,2023.55,Female,0,No,No,DSL,No,No,Yes,No,No,No,No,0,2020-02-01,1218
0506-LVNGN,2019-06-01,2019-11-01 00:00:00,Month-to-month,Yes,Credit_card_(automatic),75.55,349.65,Female,1,No,No,Fiber_optic,No,No,Yes,No,No,No,No,1,2019-11-01,153
7677-SJJJK,2019-06-01,No,One_year,No,Credit_card_(automatic),19.9,153.95,Male,0,Yes,Yes,No,No,No,No,No,No,No,No,0,2020-02-01,245
2480-EJWYP,2015-04-01,No,One_year,Yes,Bank_transfer_(automatic),97.8,5458.8,Female,1,Yes,No,Fiber_optic,No,Yes,No,No,Yes,Yes,Yes,0,2020-02-01,1767
3253-HKOKL,2015-10-01,No,One_year,No,Electronic_check,100.3,5244.45,Female,0,Yes,Yes,Fiber_optic,Yes,No,Yes,No,Yes,Yes,No,0,2020-02-01,1584
7055-HNEOJ,2019-11-01,No,Month-to-month,Yes,Mailed_check,55.8,154.55,Male,0,Yes,No,DSL,No,No,Yes,Yes,No,No,No,0,2020-02-01,92
5514-YQENT,2016-09-01,No,Two_year,Yes,Electronic_check,111.15,4507.15,Male,0,No,Yes,Fiber_optic,Yes,Yes,Yes,Yes,Yes,Yes,No,0,2020-02-01,1248
3211-AAPKX,2018-06-01,No,Month-to-month,Yes,Mailed_check,98.55,2031.95,Male,0,No,No,Fiber_optic,No,No,No,Yes,Yes,Yes,Yes,0,2020-02-01,610
8445-DNBAE,2020-01-01,No,Month-to-month,Yes,Electronic_check,50.05,50.05,Male,0,No,Yes,DSL,No,No,No,No,No,No,Yes,0,2020-02-01,31
2951-QOQTK,2019-09-01,2020-01-01 00:00:00,Month-to-month,No,Credit_card_(automatic),80.8,332.45,Male,0,No,Yes,Fiber_optic,No,No,No,Yes,No,No,Yes,1,2020-01-01,122
2958-NHPPS,2018-03-01,No,Month-to-month,No,Electronic_check,20.85,473.9,Male,0,No,No,No,No,No,No,No,No,No,No,0,2020-02-01,702
6806-YDEUL,2019-08-01,No,Month-to-month,No,Bank_transfer_(automatic),19.5,106.8,Female,1,No,No,No,No,No,No,No,No,No,No,0,2020-02-01,184
1735-XMJVH,2019-06-01,No,Month-to-month,Yes,Mailed_check,19.35,152.6,Male,0,Yes,Yes,No,No,No,No,No,No,No,No,0,2020-02-01,245
6890-PFRQX,2018-08-01,No,Month-to-month,No,Mailed_check,69.5,1199.4,Male,0,No,No,DSL,Yes,No,Yes,No,Yes,No,Yes,0,2020-02-01,549
0222-CNVPT,2015-10-01,No,Month-to-month,Yes,Credit_card_(automatic),48.8,2555.05,Male,1,No,No,DSL,Yes,No,No,No,Yes,Yes,No,0,2020-02-01,1584
5899-OUVKV,2017-07-01,No,Month-to-month,Yes,Electronic_check,94.5,2979.2,Male,0,No,No,Fiber_optic,No,Yes,No,No,Yes,Yes,No,0,2020-02-01,945
8681-ICONS,2017-09-01,No,Month-to-month,Yes,Mailed_check,20.65,654.85,Male,0,Yes,Yes,No,No,No,No,No,No,No,No,0,2020-02-01,883
1621-YNCJH,2017-02-01,No,Two_year,Yes,Credit_card_(automatic),106.05,3834.4,Female,0,Yes,No,Fiber_optic,Yes,Yes,Yes,Yes,No,Yes,Yes,0,2020-02-01,1095
3473-XIIIT,2018-08-01,2019-12-01 00:00:00,Month-to-month,Yes,Electronic_check,100.0,1534.75,Female,0,Yes,No,Fiber_optic,No,Yes,No,No,Yes,Yes,Yes,1,2019-12-01,487
6362-QHAFM,2016-08-01,No,One_year,Yes,Electronic_check,108.3,4586.15,Male,0,Yes,No,Fiber_optic,No,No,Yes,Yes,Yes,Yes,Yes,0,2020-02-01,1279
7893-IXHRQ,2019-11-01,2019-12-01 00:00:00,Month-to-month,No,Electronic_check,20.55,20.55,Male,0,No,No,No,No,No,No,No,No,No,No,1,2019-12-01,30
3070-BDOQC,2015-02-01,No,Two_year,Yes,Electronic_check,99.65,5941.05,Female,0,No,No,Fiber_optic,No,Yes,Yes,No,Yes,Yes,No,0,2020-02-01,1826
2952-QAYZF,2019-06-01,2019-11-01 00:00:00,Month-to-month,Yes,Electronic_check,85.3,424.15,Male,0,No,No,Fiber_optic,No,Yes,Yes,No,No,No,Yes,1,2019-11-01,153
6234-PFPXL,2018-04-01,No,Month-to-month,No,Credit_card_(automatic),95.9,2234.95,Male,0,Yes,No,Fiber_optic,Yes,No,No,Yes,Yes,No,Yes,0,2020-02-01,671
9824-QCJPK,2017-02-01,No,One_year,No,Mailed_check,20.0,666.75,Male,0,Yes,No,No,No,No,No,No,No,No,No,0,2020-02-01,1095
4763-PGDPO,2019-08-01,2019-12-01 00:00:00,Month-to-month,No,Electronic_check,70.4,281.0,Female,0,No,No,Fiber_optic,No,No,No,No,No,No,No,1,2019-12-01,122
4283-IVYCI,2019-05-01,No,Month-to-month,No,Mailed_check,64.95,547.8,Male,0,No,No,DSL,Yes,No,No,Yes,No,Yes,No,0,2020-02-01,276
1866-OBPNR,2020-01-01,No,Month-to-month,No,Credit_card_(automatic),74.6,74.6,Male,0,Yes,Yes,Fiber_optic,No,Yes,No,No,No,No,No,0,2020-02-01,31
8205-MQUGY,2019-02-01,No,Month-to-month,Yes,Electronic_check,49.2,571.15,Male,0,Yes,Yes,DSL,Yes,No,No,No,No,No,No,0,2020-02-01,365
8970-ANWXO,2018-03-01,No,One_year,Yes,Mailed_check,73.75,1756.6,Female,0,No,No,DSL,No,No,No,Yes,Yes,Yes,Yes,0,2020-02-01,702
9480-BQJEI,2014-12-01,No,One_year,Yes,Bank_transfer_(automatic),92.3,5731.45,Male,0,No,No,Fiber_optic,Yes,Yes,No,No,No,Yes,Yes,0,2020-02-01,1888
5394-SVGJV,2016-10-01,2019-11-01 00:00:00,Month-to-month,No,Bank_transfer_(automatic),98.8,3475.55,Male,0,No,No,Fiber_optic,No,No,No,Yes,Yes,Yes,Yes,1,2019-11-01,1126
6979-TNDEU,2019-06-01,No,Month-to-month,No,Mailed_check,19.2,156.85,Female,0,No,No,No,No,No,No,No,No,No,No,0,2020-02-01,245
9777-WJJPR,2017-07-01,No,Month-to-month,No,Credit_card_(automatic),88.65,2683.2,Male,0,Yes,No,Fiber_optic,No,No,Yes,No,Yes,No,Yes,0,2020-02-01,945
9283-LZQOH,2018-11-01,2019-12-01 00:00:00,Month-to-month,Yes,Credit_card_(automatic),74.4,896.75,Male,0,Yes,Yes,Fiber_optic,No,No,No,No,No,No,Yes,1,2019-12-01,395
7079-QRCBC,2017-11-01,2019-11-01 00:00:00,Month-to-month,Yes,Electronic_check,98.75,2407.3,Female,0,No,No,Fiber_optic,No,No,Yes,No,Yes,Yes,Yes,1,2019-11-01,730
9495-SKLKD,2016-05-01,No,Month-to-month,Yes,Bank_transfer_(automatic),95.95,4456.65,Male,0,Yes,Yes,Fiber_optic,No,Yes,Yes,No,No,Yes,Yes,0,2020-02-01,1371
6048-UWKAL,2014-05-01,No,Two_year,No,Credit_card_(automatic),105.4,6998.95,Female,1,Yes,No,Fiber_optic,No,Yes,No,Yes,Yes,Yes,Yes,0,2020-02-01,2102
5067-DGXLL,2019-12-01,No,Month-to-month,No,Mailed_check,20.25,36.8,Male,0,No,No,No,No,No,No,No,No,No,No,0,2020-02-01,62
5469-CTCWN,2014-12-01,2020-01-01 00:00:00,One_year,Yes,Electronic_check,106.0,6547.7,Male,0,Yes,Yes,Fiber_optic,Yes,Yes,No,No,Yes,Yes,Yes,1,2020-01-01,1857
9851-QXEEQ,2016-06-01,2019-11-01 00:00:00,Month-to-month,Yes,Electronic_check,104.7,4346.4,Male,0,No,No,Fiber_optic,No,Yes,Yes,No,Yes,Yes,Yes,1,2019-11-01,1248
6281-FKEWS,2016-06-01,No,One_year,Yes,Electronic_check,49.05,2265.0,Female,0,No,No,DSL,No,No,Yes,No,Yes,Yes,No,0,2020-02-01,1340
8898-KASCD,2016-11-01,No,One_year,No,Mailed_check,35.55,1309.15,Male,0,No,No,DSL,No,No,Yes,Yes,No,No,No,0,2020-02-01,1187
9242-TKFSV,2014-02-01,No,Two_year,Yes,Credit_card_(automatic),65.1,4754.3,Male,0,Yes,Yes,DSL,Yes,Yes,Yes,Yes,Yes,Yes,No,0,2020-02-01,2191
9290-SHCMB,2019-01-01,No,Month-to-month,Yes,Electronic_check,96.85,1235.55,Female,1,No,No,Fiber_optic,No,No,Yes,No,Yes,Yes,No,0,2020-02-01,396
0743-HNPFG,2015-11-01,No,One_year,Yes,Credit_card_(automatic),69.75,3562.5,Female,0,Yes,Yes,DSL,Yes,Yes,No,Yes,No,Yes,No,0,2020-02-01,1553
2277-BKJKN,2014-03-01,No,Two_year,Yes,Electronic_check,99.2,7213.75,Female,1,Yes,No,Fiber_optic,No,Yes,Yes,No,Yes,Yes,No,0,2020-02-01,2163
9809-IMGCQ,2018-01-01,2019-11-01 00:00:00,Month-to-month,Yes,Electronic_check,96.7,2082.95,Male,1,No,No,Fiber_optic,No,No,No,No,Yes,Yes,Yes,1,2019-11-01,669
5208-HFSBT,2019-10-01,2019-12-01 00:00:00,Month-to-month,Yes,Credit_card_(automatic),55.05,102.75,Female,0,No,No,DSL,No,Yes,No,Yes,No,No,No,1,2019-12-01,61
5035-PGZXH,2015-06-01,No,One_year,Yes,Electronic_check,106.8,5914.4,Female,0,No,No,Fiber_optic,No,Yes,Yes,No,Yes,Yes,Yes,0,2020-02-01,1706
8695-WDYEA,2020-01-01,No,Month-to-month,No,Mailed_check,51.25,51.25,Male,0,No,No,DSL,Yes,No,No,No,No,No,No,0,2020-02-01,31
6543-JXSOO,2018-03-01,No,One_year,Yes,Mailed_check,57.75,1282.85,Female,0,Yes,Yes,DSL,Yes,Yes,No,Yes,No,No,No,0,2020-02-01,702
8016-ZMGMO,2014-08-01,No,One_year,Yes,Bank_transfer_(automatic),70.85,4738.85,Female,1,Yes,No,DSL,No,Yes,Yes,No,Yes,No,Yes,0,2020-02-01,2010
8605-ITULD,2020-01-01,No,Month-to-month,No,Mailed_check,19.55,19.55,Female,0,No,No,No,No,No,No,No,No,No,No,0,2020-02-01,31
3254-YRILK,2018-03-01,2019-10-01 00:00:00,Month-to-month,Yes,Electronic_check,88.2,1775.8,Male,1,No,No,Fiber_optic,No,Yes,No,No,Yes,No,Yes,1,2019-10-01,579
6416-YJTTB,2019-03-01,No,Month-to-month,Yes,Bank_transfer_(automatic),79.5,795.65,Male,0,No,No,Fiber_optic,Yes,No,Yes,No,No,No,No,0,2020-02-01,337
2667-WYLWJ,2019-02-01,2019-10-01 00:00:00,One_year,Yes,Mailed_check,19.75,145.0,Female,0,Yes,Yes,No,No,No,No,No,No,No,No,1,2019-10-01,242
4472-VESGY,2015-10-01,No,Month-to-month,No,Bank_transfer_(automatic),98.15,4993.4,Female,0,Yes,Yes,Fiber_optic,Yes,Yes,Yes,No,No,Yes,Yes,0,2020-02-01,1584
3195-TQDZX,2019-11-01,No,Month-to-month,Yes,Electronic_check,20.25,61.45,Male,0,No,No,No,No,No,No,No,No,No,No,0,2020-02-01,92
3128-YOVTD,2015-11-01,No,Month-to-month,Yes,Bank_transfer_(automatic),79.15,4018.55,Female,0,Yes,Yes,Fiber_optic,Yes,Yes,No,No,No,No,No,0,2020-02-01,1553
0529-ONKER,2018-10-01,2020-01-01 00:00:00,Month-to-month,No,Electronic_check,75.65,1146.65,Male,1,No,No,Fiber_optic,No,No,No,No,No,No,Yes,1,2020-01-01,457
1728-CXQBE,2014-10-01,No,Month-to-month,Yes,Electronic_check,94.25,6081.4,Male,1,Yes,No,Fiber_optic,No,Yes,Yes,No,No,Yes,Yes,0,2020-02-01,1949
7041-TXQJH,2017-01-01,No,Month-to-month,Yes,Credit_card_(automatic),40.2,1478.85,Female,0,No,No,DSL,No,No,Yes,No,No,Yes,No,0,2020-02-01,1126
5014-GSOUQ,2019-01-01,No,Two_year,No,Mailed_check,19.95,243.65,Male,0,No,No,No,No,No,No,No,No,No,No,0,2020-02-01,396
5724-BIDBU,2016-01-01,No,One_year,Yes,Electronic_check,55.35,2633.95,Male,0,Yes,No,DSL,Yes,No,No,No,No,No,Yes,0,2020-02-01,1492
0481-SUMCB,2016-05-01,No,One_year,Yes,Bank_transfer_(automatic),102.15,4735.35,Female,1,No,No,Fiber_optic,No,No,Yes,No,Yes,Yes,Yes,0,2020-02-01,1371
1769-GRUIK,2018-08-01,No,Month-to-month,Yes,Electronic_check,71.1,1247.75,Female,0,No,No,Fiber_optic,No,No,No,No,No,No,No,0,2020-02-01,549
5240-IJOQT,2019-09-01,2019-10-01 00:00:00,Month-to-month,Yes,Electronic_check,74.7,74.7,Male,1,No,No,Fiber_optic,No,No,No,No,No,No,Yes,1,2019-10-01,30
8819-WFGGJ,2014-06-01,No,Two_year,Yes,Bank_transfer_(automatic),54.1,3794.5,Male,0,Yes,No,DSL,Yes,No,Yes,No,Yes,Yes,No,0,2020-02-01,2071
7427-AUFPY,2015-08-01,No,Two_year,No,Credit_card_(automatic),19.65,1008.7,Male,0,No,No,No,No,No,No,No,No,No,No,0,2020-02-01,1645
2811-POVEX,2018-03-01,No,Month-to-month,Yes,Bank_transfer_(automatic),88.45,2130.55,Female,1,Yes,Yes,Fiber_optic,No,Yes,Yes,No,No,Yes,No,0,2020-02-01,702
1092-GANHU,2018-05-01,2019-10-01 00:00:00,Month-to-month,Yes,Electronic_check,76.65,1313.55,Male,0,No,No,Fiber_optic,No,No,Yes,No,No,No,No,1,2019-10-01,518
7898-PDWQE,2014-03-01,No,Two_year,No,Credit_card_(automatic),80.4,5727.15,Male,0,Yes,No,DSL,Yes,Yes,Yes,Yes,No,Yes,Yes,0,2020-02-01,2163
9972-EWRJS,2014-07-01,No,Two_year,Yes,Bank_transfer_(automatic),19.25,1372.9,Female,0,Yes,Yes,No,No,No,No,No,No,No,No,0,2020-02-01,2041
9314-IJWSQ,2018-12-01,No,Month-to-month,Yes,Electronic_check,84.8,1203.9,Female,0,Yes,Yes,Fiber_optic,No,No,No,No,Yes,No,Yes,0,2020-02-01,427
0661-XEYAN,2019-09-01,2019-10-01 00:00:00,Month-to-month,Yes,Mailed_check,25.8,25.8,Female,1,No,No,DSL,No,No,No,No,No,No,No,1,2019-10-01,30
5799-JRCZO,2014-11-01,No,Two_year,No,Credit_card_(automatic),19.5,1215.1,Female,0,No,Yes,No,No,No,No,No,No,No,No,0,2020-02-01,1918
1921-KYSAY,2016-09-01,No,One_year,Yes,Electronic_check,68.6,2877.05,Female,0,No,No,DSL,No,No,Yes,Yes,No,Yes,Yes,0,2020-02-01,1248
6198-RTPMF,2018-09-01,No,Month-to-month,No,Electronic_check,92.6,1579.7,Female,0,Yes,No,Fiber_optic,No,No,No,No,Yes,Yes,Yes,0,2020-02-01,518
2924-KHUVI,2015-06-01,No,One_year,Yes,Electronic_check,100.55,5514.95,Male,0,Yes,No,Fiber_optic,Yes,No,No,No,Yes,Yes,Yes,0,2020-02-01,1706
1925-GMVBW,2019-09-01,No,Month-to-month,No,Credit_card_(automatic),20.55,96.1,Female,0,No,No,No,No,No,No,No,No,No,No,0,2020-02-01,153
7881-EVUAD,2019-10-01,2019-12-01 00:00:00,Month-to-month,Yes,Electronic_check,42.6,72.4,Female,0,No,No,DSL,Yes,Yes,No,No,No,Yes,No,1,2019-12-01,61
6184-DYUOB,2019-11-01,No,Month-to-month,Yes,Mailed_check,19.6,55.25,Female,0,Yes,No,No,No,No,No,No,No,No,No,0,2020-02-01,92
9207-ZPANB,2017-01-01,No,One_year,No,Electronic_check,67.45,2443.3,Male,0,No,No,DSL,Yes,Yes,Yes,Yes,No,No,Yes,0,2020-02-01,1126
5766-XQXMQ,2017-06-01,2019-11-01 00:00:00,Month-to-month,Yes,Bank_transfer_(automatic),68.85,1970.5,Female,0,No,No,DSL,Yes,Yes,Yes,No,No,Yes,No,1,2019-11-01,883
9327-QSDED,2019-06-01,No,Month-to-month,No,Mailed_check,43.55,335.4,Male,0,No,No,DSL,No,No,No,No,No,No,No,0,2020-02-01,245
1656-DRSMG,2014-11-01,No,Month-to-month,Yes,Credit_card_(automatic),109.85,7002.95,Female,0,No,No,Fiber_optic,No,Yes,Yes,Yes,Yes,Yes,Yes,0,2020-02-01,1918
3012-VFFMN,2019-07-01,No,Month-to-month,No,Mailed_check,20.65,158.95,Female,0,Yes,Yes,No,No,No,No,No,No,No,No,0,2020-02-01,215
2984-AFWNC,2019-11-01,No,Month-to-month,No,Electronic_check,95.4,293.15,Female,0,No,No,Fiber_optic,No,Yes,No,No,Yes,Yes,No,0,2020-02-01,92
0640-YJTPY,2014-02-01,No,Two_year,No,Bank_transfer_(automatic),21.0,1493.75,Male,0,Yes,Yes,No,No,No,No,No,No,No,No,0,2020-02-01,2191
8096-LOIST,2018-07-01,No,Month-to-month,Yes,Electronic_check,56.2,1093.4,Female,0,No,No,DSL,No,No,No,No,No,Yes,No,0,2020-02-01,580
9764-REAFF,2015-03-01,No,Two_year,No,Bank_transfer_(automatic),18.4,1057.85,Female,0,Yes,No,No,No,No,No,No,No,No,No,0,2020-02-01,1798
3703-VAVCL,2019-08-01,2019-10-01 00:00:00,Month-to-month,No,Credit_card_(automatic),90.0,190.05,Male,0,Yes,Yes,Fiber_optic,No,No,Yes,Yes,No,Yes,No,1,2019-10-01,61
7107-UBYKY,2017-03-01,No,Month-to-month,Yes,Electronic_check,25.75,882.55,Female,0,Yes,Yes,No,No,No,No,No,No,No,Yes,0,2020-02-01,1067
4881-GQJTW,2018-12-01,No,Month-to-month,No,Credit_card_(automatic),19.6,300.4,Male,0,No,No,No,No,No,No,No,No,No,No,0,2020-02-01,427
8519-QJGJD,2018-10-01,2019-12-01 00:00:00,Month-to-month,No,Electronic_check,75.35,1025.95,Female,0,No,No,Fiber_optic,No,No,Yes,No,No,No,No,1,2019-12-01,426
7876-DNYAP,2014-05-01,No,Two_year,No,Credit_card_(automatic),19.8,1436.95,Female,0,Yes,Yes,No,No,No,No,No,No,No,No,0,2020-02-01,2102
7905-NJMXS,2019-07-01,No,Month-to-month,No,Electronic_check,64.2,475.0,Male,1,Yes,No,DSL,Yes,Yes,No,Yes,No,No,Yes,0,2020-02-01,215
2882-WDTBA,2014-05-01,No,Two_year,Yes,Bank_transfer_(automatic),75.75,5388.15,Male,0,Yes,Yes,DSL,Yes,Yes,Yes,Yes,Yes,No,No,0,2020-02-01,2102
2091-GPPIQ,2014-02-01,No,Two_year,Yes,Electronic_check,78.95,5730.15,Female,0,Yes,Yes,DSL,No,Yes,No,Yes,Yes,Yes,Yes,0,2020-02-01,2191
6326-MTTXK,2019-03-01,2019-11-01 00:00:00,Month-to-month,No,Electronic_check,100.85,819.55,Male,0,No,No,Fiber_optic,No,Yes,No,No,Yes,Yes,Yes,1,2019-11-01,245
5071-FBJFS,2019-10-01,No,Month-to-month,No,Electronic_check,50.3,217.1,Female,0,Yes,Yes,DSL,Yes,No,No,No,No,No,No,0,2020-02-01,123
2796-UUZZO,2014-11-01,No,Month-to-month,Yes,Credit_card_(automatic),80.3,4896.35,Male,0,Yes,Yes,Fiber_optic,No,Yes,Yes,No,No,No,No,0,2020-02-01,1918
2429-AYKKO,2014-02-01,No,Two_year,No,Bank_transfer_(automatic),19.85,1434.1,Male,0,No,No,No,No,No,No,No,No,No,No,0,2020-02-01,2191
9798-OPFEM,2016-04-01,No,Two_year,Yes,Electronic_check,21.1,937.1,Female,0,No,No,No,No,No,No,No,No,No,No,0,2020-02-01,1401
0330-IVZHA,2019-07-01,2019-12-01 00:00:00,Month-to-month,No,Electronic_check,69.95,330.15,Female,0,Yes,No,Fiber_optic,No,No,No,No,No,No,No,1,2019-12-01,153
3794-NFNCH,2017-08-01,No,Month-to-month,Yes,Mailed_check,50.0,1474.9,Male,0,Yes,No,DSL,No,No,Yes,No,No,No,No,0,2020-02-01,914
5193-QLVZB,2014-11-01,No,Two_year,Yes,Bank_transfer_(automatic),104.75,6536.5,Male,0,No,No,Fiber_optic,No,Yes,Yes,No,Yes,Yes,Yes,0,2020-02-01,1918
7114-AEOZE,2015-02-01,No,Two_year,No,Bank_transfer_(automatic),19.85,1128.1,Female,0,No,No,No,No,No,No,No,No,No,No,0,2020-02-01,1826
2886-KEFUM,2014-07-01,2019-10-01 00:00:00,One_year,Yes,Electronic_check,107.5,6873.75,Female,0,Yes,No,Fiber_optic,No,Yes,Yes,No,Yes,Yes,Yes,1,2019-10-01,1918
5522-NYKPB,2018-01-01,No,Month-to-month,No,Electronic_check,85.9,2199.05,Male,0,Yes,Yes,Fiber_optic,No,No,No,Yes,Yes,No,No,0,2020-02-01,761
4237-RLAQD,2019-10-01,2019-11-01 00:00:00,Month-to-month,Yes,Mailed_check,45.85,45.85,Male,0,No,No,DSL,No,No,No,No,No,No,No,1,2019-11-01,31
9957-YODKZ,2019-08-01,No,Month-to-month,Yes,Electronic_check,80.8,457.1,Male,1,Yes,No,Fiber_optic,No,No,Yes,No,No,No,Yes,0,2020-02-01,184
6518-KZXCB,2018-04-01,No,Two_year,No,Mailed_check,25.25,566.5,Male,0,No,No,No,No,No,No,No,No,No,Yes,0,2020-02-01,671
2245-ADZFJ,2017-07-01,No,Two_year,No,Bank_transfer_(automatic),80.55,2471.6,Female,0,Yes,Yes,DSL,No,Yes,No,Yes,Yes,Yes,Yes,0,2020-02-01,945
7776-QGYJC,2016-11-01,No,Month-to-month,Yes,Bank_transfer_(automatic),81.5,3107.3,Female,0,Yes,Yes,Fiber_optic,No,No,Yes,Yes,No,No,No,0,2020-02-01,1187
9313-QOLTZ,2017-12-01,No,Month-to-month,No,Mailed_check,20.9,518.3,Male,0,No,No,No,No,No,No,No,No,No,No,0,2020-02-01,792
9651-GTSAQ,2015-08-01,2020-01-01 00:00:00,One_year,Yes,Bank_transfer_(automatic),106.1,5769.75,Female,0,Yes,No,Fiber_optic,Yes,Yes,Yes,No,Yes,Yes,No,1,2020-01-01,1614
3186-BAXNB,2019-10-01,2019-11-01 00:00:00,Month-to-month,No,Electronic_check,91.7,91.7,Female,0,No,No,Fiber_optic,No,Yes,No,Yes,Yes,No,No,1,2019-11-01,31
4672-FOTSD,2019-02-01,No,Month-to-month,Yes,Electronic_check,67.25,832.3,Male,0,No,No,DSL,Yes,Yes,No,Yes,No,No,Yes,0,2020-02-01,365
0637-YLETY,2018-08-01,2019-12-01 00:00:00,Month-to-month,Yes,Credit_card_(automatic),95.6,1555.65,Female,0,No,No,Fiber_optic,No,Yes,Yes,No,No,Yes,Yes,1,2019-12-01,487
9818-XQCUV,2019-12-01,No,Month-to-month,No,Mailed_check,20.35,45.3,Female,0,No,No,No,No,No,No,No,No,No,No,0,2020-02-01,62
7338-ERIVA,2016-11-01,No,One_year,No,Bank_transfer_(automatic),45.05,1790.6,Male,0,No,Yes,DSL,Yes,No,No,Yes,Yes,No,No,0,2020-02-01,1187
1157-BQCUW,2019-10-01,2019-11-01 00:00:00,Month-to-month,Yes,Electronic_check,74.95,74.95,Male,0,No,No,Fiber_optic,No,No,No,No,No,No,Yes,1,2019-11-01,31
8259-NFJTV,2019-07-01,No,Month-to-month,No,Mailed_check,34.65,246.6,Female,0,Yes,Yes,DSL,Yes,No,No,Yes,No,No,No,0,2020-02-01,215
3223-DWFIO,2019-10-01,No,Month-to-month,No,Electronic_check,69.35,261.65,Male,1,No,No,Fiber_optic,No,No,No,No,No,No,No,0,2020-02-01,123
2660-EMUBI,2018-12-01,2019-10-01 00:00:00,Month-to-month,Yes,Electronic_check,95.35,898.35,Male,1,No,No,Fiber_optic,No,No,No,No,Yes,Yes,Yes,1,2019-10-01,304
6968-GMKPR,2015-07-01,No,Month-to-month,Yes,Electronic_check,81.55,4509.5,Female,0,No,No,Fiber_optic,No,Yes,Yes,No,No,No,No,0,2020-02-01,1676
4751-ERMAN,2014-02-01,No,Two_year,Yes,Bank_transfer_(automatic),75.4,5480.25,Male,0,Yes,Yes,DSL,No,Yes,Yes,No,Yes,Yes,No,0,2020-02-01,2191
1436-ZMJAN,2019-04-01,No,Month-to-month,Yes,Credit_card_(automatic),67.8,653.15,Female,0,Yes,No,DSL,No,No,Yes,No,Yes,Yes,No,0,2020-02-01,306
3292-PBZEJ,2019-03-01,No,Month-to-month,Yes,Electronic_check,111.4,1183.05,Male,1,No,No,Fiber_optic,No,Yes,Yes,Yes,Yes,Yes,Yes,0,2020-02-01,337
0799-DDIHE,2018-11-01,No,Month-to-month,No,Electronic_check,46.3,639.45,Female,0,Yes,Yes,DSL,No,No,No,No,No,No,No,0,2020-02-01,457
3070-FNFZQ,2018-03-01,No,Two_year,No,Bank_transfer_(automatic),20.4,478.75,Female,0,Yes,Yes,No,No,No,No,No,No,No,No,0,2020-02-01,702
2812-SFXMJ,2020-01-01,No,Month-to-month,No,Mailed_check,20.05,20.05,Male,0,No,Yes,No,No,No,No,No,No,No,No,0,2020-02-01,31
7675-OZCZG,2019-10-01,2020-01-01 00:00:00,Month-to-month,No,Electronic_check,45.0,127.1,Female,1,No,No,DSL,No,No,No,No,No,No,No,1,2020-01-01,92
5014-WUQMG,2016-03-01,No,One_year,Yes,Electronic_check,96.1,4391.45,Male,0,Yes,Yes,Fiber_optic,Yes,Yes,Yes,No,No,Yes,No,0,2020-02-01,1432
5312-TSZVC,2018-11-01,No,One_year,No,Mailed_check,19.65,270.6,Female,0,No,Yes,No,No,No,No,No,No,No,No,0,2020-02-01,457
2003-CKLOR,2014-05-01,2019-11-01 00:00:00,Month-to-month,No,Electronic_check,99.5,6710.5,Male,0,No,No,Fiber_optic,No,Yes,Yes,No,Yes,Yes,No,1,2019-11-01,2010
0993-OSGPT,2014-06-01,No,One_year,Yes,Bank_transfer_(automatic),60.65,3975.9,Female,1,Yes,No,DSL,No,Yes,Yes,Yes,No,No,No,0,2020-02-01,2071
9254-RBFON,2018-06-01,2019-11-01 00:00:00,One_year,No,Bank_transfer_(automatic),98.6,1704.95,Female,0,Yes,Yes,Fiber_optic,No,No,Yes,Yes,Yes,Yes,No,1,2019-11-01,518
1205-WNWPJ,2019-06-01,2020-01-01 00:00:00,Month-to-month,Yes,Mailed_check,59.5,415.95,Female,0,No,No,DSL,No,No,No,Yes,Yes,No,No,1,2020-01-01,214
9391-EOYLI,2019-01-01,2020-01-01 00:00:00,Month-to-month,Yes,Electronic_check,80.45,950.2,Male,1,Yes,No,Fiber_optic,No,No,No,No,No,Yes,No,1,2020-01-01,365
7108-DGVUU,2018-05-01,No,One_year,No,Bank_transfer_(automatic),71.7,1497.05,Female,1,Yes,No,DSL,No,Yes,Yes,No,No,Yes,Yes,0,2020-02-01,641
2782-JEEBU,2018-05-01,No,Month-to-month,Yes,Mailed_check,36.0,780.15,Male,0,No,No,DSL,No,Yes,No,Yes,No,No,No,0,2020-02-01,641
5127-BZENZ,2015-06-01,No,One_year,No,Bank_transfer_(automatic),65.2,3512.15,Female,0,Yes,Yes,DSL,Yes,No,No,No,Yes,No,Yes,0,2020-02-01,1706
2720-FVBQP,2019-08-01,No,Month-to-month,Yes,Credit_card_(automatic),48.95,273.25,Female,0,Yes,Yes,DSL,No,No,No,No,No,No,Yes,0,2020-02-01,184
9906-NHHVC,2014-09-01,No,Two_year,Yes,Bank_transfer_(automatic),53.5,3517.9,Female,1,No,No,DSL,No,Yes,Yes,No,Yes,Yes,No,0,2020-02-01,1979
4522-XRWWI,2016-08-01,No,One_year,No,Credit_card_(automatic),80.45,3375.9,Male,0,Yes,No,DSL,Yes,No,No,Yes,Yes,Yes,Yes,0,2020-02-01,1279
3766-EJLFL,2014-06-01,No,Two_year,Yes,Bank_transfer_(automatic),109.05,7508.55,Female,0,Yes,Yes,Fiber_optic,Yes,No,Yes,Yes,Yes,Yes,Yes,0,2020-02-01,2071
5939-SXWHM,2016-02-01,No,Two_year,No,Bank_transfer_(automatic),26.3,1245.05,Male,0,Yes,Yes,No,No,No,No,No,No,No,Yes,0,2020-02-01,1461
8152-UOBNY,2015-12-01,No,One_year,Yes,Electronic_check,106.8,5347.95,Female,1,No,No,Fiber_optic,No,Yes,No,Yes,Yes,Yes,Yes,0,2020-02-01,1523
7351-KYHQH,2019-07-01,No,Month-to-month,Yes,Electronic_check,64.95,493.65,Female,1,No,No,DSL,No,Yes,Yes,No,Yes,No,No,0,2020-02-01,215
7643-RCHXS,2014-11-01,No,Two_year,No,Electronic_check,19.35,1263.85,Female,0,Yes,Yes,No,No,No,No,No,No,No,No,0,2020-02-01,1918
8246-SHFGA,2018-09-01,No,Month-to-month,No,Credit_card_(automatic),21.1,385.55,Male,0,No,No,No,No,No,No,No,No,No,No,0,2020-02-01,518
8387-MOJJT,2016-05-01,2019-11-01 00:00:00,Month-to-month,Yes,Credit_card_(automatic),77.95,3384.0,Female,0,Yes,Yes,Fiber_optic,No,No,No,No,Yes,No,No,1,2019-11-01,1279
0620-XEFWH,2019-10-01,No,Month-to-month,No,Mailed_check,18.85,84.2,Male,0,Yes,Yes,No,No,No,No,No,No,No,No,0,2020-02-01,123
6485-QXWWE,2014-12-01,No,Two_year,No,Bank_transfer_(automatic),26.0,1638.7,Female,0,No,Yes,No,No,No,No,No,No,No,Yes,0,2020-02-01,1888
2761-OCIAX,2019-09-01,2019-11-01 00:00:00,Month-to-month,Yes,Electronic_check,74.7,165.4,Male,1,No,No,Fiber_optic,No,Yes,No,No,No,No,No,1,2019-11-01,61
7321-VGNKU,2019-12-01,No,Month-to-month,Yes,Electronic_check,70.35,120.25,Female,0,Yes,No,Fiber_optic,No,No,No,No,No,No,No,0,2020-02-01,62
5327-CNLUQ,2016-02-01,No,Two_year,Yes,Bank_transfer_(automatic),96.9,4473.45,Male,0,Yes,No,Fiber_optic,Yes,Yes,Yes,No,Yes,No,Yes,0,2020-02-01,1461
7552-KEYGT,2017-11-01,No,Two_year,No,Bank_transfer_(automatic),19.55,520.55,Male,0,Yes,No,No,No,No,No,No,No,No,No,0,2020-02-01,822
5816-JMLGY,2014-04-01,No,Two_year,Yes,Bank_transfer_(automatic),80.4,5717.85,Female,0,Yes,Yes,DSL,No,Yes,Yes,Yes,Yes,Yes,No,0,2020-02-01,2132
3068-OMWZA,2019-09-01,2019-10-01 00:00:00,Month-to-month,Yes,Electronic_check,88.8,88.8,Male,1,No,No,Fiber_optic,No,No,Yes,No,Yes,No,Yes,1,2019-10-01,30
2927-QRRQV,2016-04-01,No,One_year,Yes,Electronic_check,94.65,4312.5,Male,0,Yes,No,Fiber_optic,No,Yes,Yes,No,Yes,No,Yes,0,2020-02-01,1401
6032-KRXXO,2017-04-01,2019-10-01 00:00:00,Month-to-month,Yes,Electronic_check,90.25,2755.35,Male,0,No,No,Fiber_optic,No,No,No,No,Yes,Yes,No,1,2019-10-01,913
7459-RRWQZ,2018-09-01,2019-12-01 00:00:00,Month-to-month,Yes,Bank_transfer_(automatic),64.65,994.55,Female,0,No,No,DSL,Yes,No,No,No,No,Yes,Yes,1,2019-12-01,456
6265-SXWBU,2014-05-01,No,One_year,No,Credit_card_(automatic),95.75,6511.25,Male,0,Yes,Yes,Fiber_optic,No,Yes,Yes,No,Yes,No,Yes,0,2020-02-01,2102
7941-RCJOW,2014-09-01,No,Two_year,Yes,Credit_card_(automatic),19.55,1218.65,Male,0,No,No,No,No,No,No,No,No,No,No,0,2020-02-01,1979
6374-NTQLP,2014-02-01,No,Two_year,Yes,Credit_card_(automatic),104.1,7447.7,Male,1,Yes,Yes,Fiber_optic,Yes,No,Yes,Yes,Yes,Yes,No,0,2020-02-01,2191
4154-AQUGT,2018-12-01,2020-01-01 00:00:00,Month-to-month,Yes,Bank_transfer_(automatic),89.05,1169.35,Male,1,Yes,No,Fiber_optic,No,Yes,No,Yes,No,Yes,No,1,2020-01-01,396
2387-KDZQY,2018-09-01,No,One_year,Yes,Mailed_check,20.1,279.5,Male,0,No,No,No,No,No,No,No,No,No,No,0,2020-02-01,518
3584-WKTTW,2015-11-01,No,One_year,Yes,Electronic_check,111.55,5720.35,Male,0,Yes,No,Fiber_optic,Yes,No,Yes,Yes,Yes,Yes,Yes,0,2020-02-01,1553
3399-BMLVW,2015-11-01,No,Two_year,No,Credit_card_(automatic),60.5,3121.45,Male,0,Yes,Yes,DSL,Yes,Yes,No,Yes,No,No,No,0,2020-02-01,1553
1971-DTCZB,2014-02-01,No,Two_year,Yes,Bank_transfer_(automatic),90.95,6468.6,Female,0,Yes,No,DSL,Yes,Yes,Yes,Yes,Yes,Yes,Yes,0,2020-02-01,2191
3092-IGHWF,2014-06-01,2020-01-01 00:00:00,One_year,No,Electronic_check,87.4,5918.8,Male,0,Yes,Yes,Fiber_optic,No,Yes,Yes,No,No,No,Yes,1,2020-01-01,2040
3374-PZLXD,2017-04-01,No,Month-to-month,No,Mailed_check,19.7,675.6,Male,0,No,No,No,No,No,No,No,No,No,No,0,2020-02-01,1036
3813-DHBBB,2014-07-01,No,Two_year,Yes,Bank_transfer_(automatic),50.95,3521.7,Male,0,Yes,No,DSL,Yes,Yes,No,Yes,No,Yes,No,0,2020-02-01,2041
2812-REYAT,2016-01-01,No,One_year,Yes,Bank_transfer_(automatic),20.05,923.1,Female,0,Yes,No,No,No,No,No,No,No,No,No,0,2020-02-01,1492
6518-PPLMZ,2015-09-01,No,Two_year,Yes,Mailed_check,19.4,1110.35,Male,0,Yes,Yes,No,No,No,No,No,No,No,No,0,2020-02-01,1614
4939-KYYPY,2017-11-01,No,Month-to-month,No,Electronic_check,59.45,1611.65,Male,0,No,No,DSL,No,No,Yes,Yes,No,No,Yes,0,2020-02-01,822
8017-LXHFA,2018-02-01,2020-01-01 00:00:00,Month-to-month,Yes,Electronic_check,94.75,2293.6,Female,1,No,No,Fiber_optic,No,Yes,No,No,Yes,Yes,No,1,2020-01-01,699
5930-GBIWP,2014-05-01,No,Two_year,Yes,Credit_card_(automatic),81.5,5553.25,Male,0,No,No,DSL,Yes,Yes,Yes,Yes,No,Yes,Yes,0,2020-02-01,2102
6022-KOUQO,2019-12-01,No,Month-to-month,No,Bank_transfer_(automatic),29.05,44.75,Female,0,Yes,Yes,DSL,No,No,No,Yes,No,No,No,0,2020-02-01,62
6352-TWCAU,2017-01-01,2019-12-01 00:00:00,Month-to-month,Yes,Electronic_check,86.45,3029.1,Female,0,No,No,Fiber_optic,No,No,No,No,Yes,No,Yes,1,2019-12-01,1064
2361-UPSND,2016-04-01,No,One_year,No,Mailed_check,70.6,3231.05,Female,0,Yes,No,DSL,Yes,Yes,No,Yes,No,Yes,No,0,2020-02-01,1401
6035-RIIOM,2015-08-01,No,Two_year,Yes,Bank_transfer_(automatic),97.2,5129.45,Female,0,No,No,Fiber_optic,No,Yes,No,No,Yes,Yes,Yes,0,2020-02-01,1645
2929-QNSRW,2015-05-01,2020-01-01 00:00:00,One_year,Yes,Electronic_check,98.25,5508.35,Female,0,Yes,No,Fiber_optic,No,Yes,No,No,Yes,Yes,Yes,1,2020-01-01,1706
1262-OPMFY,2019-02-01,2019-11-01 00:00:00,Month-to-month,Yes,Bank_transfer_(automatic),75.75,655.9,Female,0,Yes,No,Fiber_optic,No,No,Yes,No,No,No,No,1,2019-11-01,273
9504-DSHWM,2018-06-01,No,Month-to-month,No,Bank_transfer_(automatic),59.2,1191.2,Male,0,No,No,DSL,Yes,No,No,Yes,No,No,Yes,0,2020-02-01,610
5035-BVCXS,2019-03-01,No,Month-to-month,Yes,Mailed_check,75.9,866.4,Male,0,No,No,Fiber_optic,No,Yes,No,No,No,No,No,0,2020-02-01,337
6267-DCFFZ,2017-08-01,No,Month-to-month,Yes,Electronic_check,90.05,2627.2,Female,1,Yes,No,Fiber_optic,No,Yes,No,No,Yes,No,Yes,0,2020-02-01,914
3533-UVMOM,2014-06-01,No,Two_year,No,Bank_transfer_(automatic),70.95,4741.45,Male,0,Yes,No,DSL,Yes,Yes,Yes,No,No,Yes,No,0,2020-02-01,2071
2439-LYPMQ,2016-12-01,No,Month-to-month,Yes,Electronic_check,102.6,4009.2,Male,1,Yes,No,Fiber_optic,No,Yes,Yes,No,Yes,Yes,Yes,0,2020-02-01,1157
4248-QPAVC,2018-06-01,2019-11-01 00:00:00,Month-to-month,Yes,Bank_transfer_(automatic),85.35,1463.45,Female,1,Yes,No,Fiber_optic,Yes,No,Yes,No,No,No,Yes,1,2019-11-01,518
1899-VXWXM,2015-12-01,2019-12-01 00:00:00,One_year,Yes,Credit_card_(automatic),106.1,5082.8,Male,0,No,No,Fiber_optic,No,Yes,Yes,No,Yes,Yes,Yes,1,2019-12-01,1461
1478-VPOAD,2020-01-01,No,Month-to-month,No,Electronic_check,43.8,43.8,Female,0,No,No,DSL,No,No,No,No,No,No,No,0,2020-02-01,31
9995-HOTOH,2014-11-01,No,Two_year,No,Electronic_check,59.0,3707.6,Male,0,Yes,Yes,DSL,Yes,Yes,Yes,No,Yes,Yes,No,0,2020-02-01,1918
2988-PLAHS,2019-11-01,No,One_year,Yes,Electronic_check,69.95,220.45,Female,0,No,No,DSL,No,No,Yes,No,Yes,Yes,No,0,2020-02-01,92
1371-OJCEK,2016-02-01,No,One_year,No,Bank_transfer_(automatic),24.35,1133.7,Female,0,No,No,No,No,No,No,No,No,No,Yes,0,2020-02-01,1461
4999-IEZLT,2014-08-01,No,One_year,No,Credit_card_(automatic),29.45,1983.15,Male,0,No,No,DSL,No,No,No,Yes,No,No,No,0,2020-02-01,2010
8883-ANODQ,2014-06-01,No,Two_year,Yes,Credit_card_(automatic),84.4,5746.75,Female,0,Yes,Yes,Fiber_optic,No,Yes,Yes,No,No,No,Yes,0,2020-02-01,2071
4690-LLKUA,2018-05-01,2019-10-01 00:00:00,Month-to-month,Yes,Electronic_check,45.05,770.6,Male,1,No,No,DSL,No,No,No,No,No,No,No,1,2019-10-01,518
2351-RRBUE,2019-07-01,No,One_year,No,Mailed_check,20.65,134.05,Female,0,Yes,Yes,No,No,No,No,No,No,No,No,0,2020-02-01,215
5980-BDHPY,2014-02-01,No,Two_year,Yes,Bank_transfer_(automatic),87.1,6230.1,Male,0,Yes,No,DSL,Yes,Yes,Yes,Yes,Yes,Yes,Yes,0,2020-02-01,2191
1498-DQNRX,2017-09-01,No,Month-to-month,No,Mailed_check,19.85,573.05,Female,0,Yes,No,No,No,No,No,No,No,No,No,0,2020-02-01,883
9469-WEJBT,2017-01-01,No,Month-to-month,Yes,Electronic_check,90.35,3419.3,Male,0,Yes,No,Fiber_optic,No,No,Yes,Yes,No,Yes,No,0,2020-02-01,1126
3331-HQDTW,2017-03-01,2020-01-01 00:00:00,Month-to-month,Yes,Mailed_check,109.8,3587.25,Female,0,No,No,Fiber_optic,Yes,Yes,Yes,No,Yes,Yes,Yes,1,2020-01-01,1036
9490-DFPMD,2016-04-01,2019-10-01 00:00:00,Month-to-month,Yes,Electronic_check,84.65,3541.35,Female,1,No,No,Fiber_optic,No,No,No,No,Yes,No,Yes,1,2019-10-01,1278
2581-VKIRT,2015-03-01,No,One_year,No,Mailed_check,65.5,3801.3,Female,0,Yes,Yes,DSL,Yes,Yes,No,Yes,No,No,Yes,0,2020-02-01,1798
5442-XSDCW,2019-02-01,2020-01-01 00:00:00,Month-to-month,Yes,Bank_transfer_(automatic),79.5,868.5,Male,0,Yes,Yes,Fiber_optic,No,No,No,No,Yes,No,No,1,2020-01-01,334
7426-WEIJX,2015-02-01,No,Month-to-month,Yes,Electronic_check,80.95,4859.1,Male,1,Yes,Yes,Fiber_optic,Yes,No,No,No,No,No,Yes,0,2020-02-01,1826
2851-MMUTZ,2017-11-01,No,Month-to-month,Yes,Mailed_check,56.15,1439.35,Female,0,No,No,DSL,No,Yes,No,Yes,No,No,No,0,2020-02-01,822
3049-NDXFL,2019-12-01,2020-01-01 00:00:00,Month-to-month,No,Mailed_check,85.8,85.8,Female,0,No,No,Fiber_optic,No,No,No,No,No,Yes,Yes,1,2020-01-01,31
8580-AECUZ,2019-12-01,2020-01-01 00:00:00,Month-to-month,Yes,Electronic_check,79.1,79.1,Male,1,No,No,Fiber_optic,No,No,No,No,Yes,No,No,1,2020-01-01,31
3307-TLCUD,2018-09-01,No,Month-to-month,No,Mailed_check,34.4,592.75,Male,0,Yes,No,DSL,Yes,No,Yes,No,No,No,No,0,2020-02-01,518
6625-FLENO,2015-04-01,No,Two_year,No,Mailed_check,20.75,1185.95,Male,0,Yes,No,No,No,No,No,No,No,No,No,0,2020-02-01,1767
2967-MXRAV,2020-01-01,No,One_year,No,Mailed_check,18.8,18.8,Male,0,Yes,Yes,No,No,No,No,No,No,No,No,0,2020-02-01,31
7963-GQRMY,2019-08-01,2019-11-01 00:00:00,Month-to-month,No,Mailed_check,44.3,134.5,Female,0,Yes,Yes,DSL,No,No,No,No,No,No,No,1,2019-11-01,92
8189-HBVRW,2015-09-01,No,Month-to-month,No,Electronic_check,90.8,4921.2,Female,0,No,No,Fiber_optic,Yes,Yes,Yes,No,No,No,Yes,0,2020-02-01,1614
4163-KIUHY,2017-03-01,No,Month-to-month,Yes,Electronic_check,25.6,901.25,Male,0,No,No,No,No,No,No,No,No,No,Yes,0,2020-02-01,1067
1228-FZFRV,2015-08-01,2019-10-01 00:00:00,Month-to-month,No,Credit_card_(automatic),105.95,5341.8,Male,0,Yes,Yes,Fiber_optic,Yes,No,Yes,No,Yes,Yes,Yes,1,2019-10-01,1522
3500-NSDOA,2014-06-01,No,Two_year,No,Credit_card_(automatic),70.8,4859.95,Male,0,Yes,Yes,DSL,No,Yes,No,Yes,No,Yes,Yes,0,2020-02-01,2071
1171-TYKUR,2016-03-01,No,Month-to-month,No,Electronic_check,25.4,1139.2,Male,0,Yes,No,No,No,No,No,No,No,No,Yes,0,2020-02-01,1432
3761-FLYZI,2014-09-01,No,Month-to-month,Yes,Bank_transfer_(automatic),108.8,7082.45,Female,1,Yes,No,Fiber_optic,No,Yes,Yes,No,Yes,Yes,Yes,0,2020-02-01,1979
2058-DCJBE,2019-06-01,2019-11-01 00:00:00,Month-to-month,Yes,Electronic_check,69.75,324.6,Male,0,No,No,Fiber_optic,No,No,No,No,No,No,No,1,2019-11-01,153
5364-XYIRR,2015-07-01,2019-10-01 00:00:00,Month-to-month,Yes,Electronic_check,94.65,4812.75,Male,0,Yes,No,Fiber_optic,No,No,No,No,Yes,Yes,Yes,1,2019-10-01,1553
4829-AUOAX,2015-12-01,2019-10-01 00:00:00,Month-to-month,No,Bank_transfer_(automatic),96.05,4399.5,Female,0,No,No,Fiber_optic,No,No,No,No,Yes,Yes,Yes,1,2019-10-01,1400
1219-NNDDO,2019-05-01,No,Month-to-month,Yes,Electronic_check,76.85,663.55,Female,0,No,No,Fiber_optic,No,No,No,No,No,No,Yes,0,2020-02-01,276
8388-DMKAE,2019-06-01,No,Two_year,No,Mailed_check,20.25,174.65,Female,0,No,No,No,No,No,No,No,No,No,No,0,2020-02-01,245
4403-BWPAY,2018-12-01,No,One_year,Yes,Credit_card_(automatic),24.8,321.7,Male,0,No,No,No,No,No,No,No,No,No,Yes,0,2020-02-01,427
9659-QEQSY,2016-05-01,No,Month-to-month,Yes,Electronic_check,115.65,5125.5,Female,0,No,No,Fiber_optic,Yes,Yes,Yes,Yes,Yes,Yes,Yes,0,2020-02-01,1371
5405-ZMYXQ,2019-06-01,No,Month-to-month,Yes,Credit_card_(automatic),74.6,548.9,Female,0,No,No,Fiber_optic,No,No,No,No,No,No,Yes,0,2020-02-01,245
5047-LHVLY,2019-09-01,2019-10-01 00:00:00,Month-to-month,Yes,Mailed_check,50.15,50.15,Male,1,No,Yes,DSL,No,No,Yes,No,No,No,No,1,2019-10-01,30
1442-OKRJE,2014-08-01,No,One_year,Yes,Bank_transfer_(automatic),103.15,7031.3,Male,0,Yes,Yes,Fiber_optic,Yes,Yes,Yes,No,Yes,Yes,No,0,2020-02-01,2010
4737-AQCPU,2014-02-01,No,Two_year,No,Credit_card_(automatic),72.1,5016.65,Male,0,Yes,Yes,DSL,Yes,Yes,Yes,Yes,No,No,Yes,0,2020-02-01,2191
9158-VCTQB,2016-05-01,2019-10-01 00:00:00,Month-to-month,Yes,Bank_transfer_(automatic),113.6,4594.95,Female,0,Yes,No,Fiber_optic,Yes,Yes,Yes,Yes,Yes,Yes,Yes,1,2019-10-01,1248
2808-CHTDM,2018-03-01,No,Two_year,No,Mailed_check,25.1,611.45,Female,0,Yes,Yes,No,No,No,No,No,No,No,Yes,0,2020-02-01,702
6311-UEUME,2017-07-01,2019-12-01 00:00:00,Month-to-month,Yes,Electronic_check,78.9,2384.15,Female,0,No,No,Fiber_optic,No,No,No,No,Yes,No,No,1,2019-12-01,883
0793-TWELN,2019-10-01,No,Month-to-month,Yes,Electronic_check,80.15,319.85,Female,0,No,No,Fiber_optic,Yes,No,No,No,No,No,Yes,0,2020-02-01,123
3283-WCWXT,2019-08-01,No,Two_year,No,Mailed_check,25.4,153.3,Male,0,Yes,Yes,No,No,No,No,No,No,No,Yes,0,2020-02-01,184
1060-ENTOF,2014-07-01,No,One_year,Yes,Credit_card_(automatic),105.4,7035.6,Female,1,Yes,No,Fiber_optic,Yes,Yes,Yes,Yes,No,Yes,Yes,0,2020-02-01,2041
0999-QXNSA,2019-07-01,No,Month-to-month,Yes,Mailed_check,45.75,344.2,Male,1,No,Yes,DSL,No,No,No,No,No,No,No,0,2020-02-01,215
5451-MHQOF,2015-06-01,No,One_year,Yes,Mailed_check,24.45,1431.65,Male,0,Yes,Yes,No,No,No,No,No,No,No,Yes,0,2020-02-01,1706
4836-WNFNO,2014-02-01,No,Two_year,No,Credit_card_(automatic),25.0,1849.2,Female,0,Yes,No,No,No,No,No,No,No,No,Yes,0,2020-02-01,2191
9225-BZLNZ,2014-02-01,No,Two_year,Yes,Electronic_check,85.25,6083.1,Male,0,Yes,No,DSL,Yes,Yes,Yes,No,Yes,Yes,Yes,0,2020-02-01,2191
0354-VXMJC,2018-03-01,No,Two_year,No,Credit_card_(automatic),19.6,426.65,Male,0,Yes,Yes,No,No,No,No,No,No,No,No,0,2020-02-01,702
4422-QVIJA,2017-03-01,No,Month-to-month,No,Mailed_check,50.15,1655.35,Female,0,No,Yes,DSL,No,No,No,No,No,No,Yes,0,2020-02-01,1067
9365-SRSZE,2017-11-01,No,Month-to-month,Yes,Electronic_check,70.55,1943.9,Male,1,Yes,No,Fiber_optic,No,No,No,No,No,No,No,0,2020-02-01,822
6839-ITVZJ,2017-08-01,2019-10-01 00:00:00,Month-to-month,Yes,Electronic_check,60.05,1616.15,Female,0,Yes,Yes,DSL,No,Yes,No,Yes,No,No,Yes,1,2019-10-01,791
8332-OSJDW,2019-02-01,No,One_year,No,Mailed_check,26.4,314.95,Male,0,Yes,Yes,No,No,No,No,No,No,No,Yes,0,2020-02-01,365
4735-BJKOU,2016-10-01,No,Two_year,No,Mailed_check,20.15,804.85,Female,0,No,No,No,No,No,No,No,No,No,No,0,2020-02-01,1218
0274-JKUJR,2019-07-01,No,Month-to-month,No,Mailed_check,58.85,465.7,Male,0,Yes,Yes,DSL,Yes,Yes,Yes,No,Yes,Yes,No,0,2020-02-01,215
5740-YHGTW,2014-04-01,No,Month-to-month,Yes,Credit_card_(automatic),97.55,6669.05,Male,0,Yes,Yes,Fiber_optic,Yes,Yes,No,No,Yes,No,Yes,0,2020-02-01,2132
8917-SZTTJ,2015-02-01,No,Two_year,No,Credit_card_(automatic),19.65,1161.75,Male,0,Yes,Yes,No,No,No,No,No,No,No,No,0,2020-02-01,1826
1696-MZVAU,2016-11-01,No,One_year,Yes,Credit_card_(automatic),25.25,947.75,Male,0,Yes,Yes,DSL,No,No,No,No,No,No,No,0,2020-02-01,1187
7359-WWYJV,2014-02-01,No,Two_year,No,Credit_card_(automatic),114.45,8375.05,Male,0,Yes,No,Fiber_optic,Yes,Yes,Yes,Yes,Yes,Yes,Yes,0,2020-02-01,2191
0375-HVGXO,2019-11-01,2019-12-01 00:00:00,Month-to-month,Yes,Electronic_check,34.7,34.7,Female,0,No,No,DSL,No,No,No,No,Yes,No,No,1,2019-12-01,30
4906-ZHGPK,2015-08-01,No,One_year,Yes,Electronic_check,70.7,3770.0,Male,0,Yes,Yes,DSL,No,Yes,No,Yes,Yes,No,Yes,0,2020-02-01,1645
8593-WHYHV,2019-10-01,2020-01-01 00:00:00,Month-to-month,Yes,Electronic_check,85.3,264.8,Male,0,No,No,Fiber_optic,No,No,No,No,No,Yes,Yes,1,2020-01-01,92
3795-GWTRD,2014-11-01,No,Two_year,No,Credit_card_(automatic),75.55,4707.85,Female,0,Yes,Yes,DSL,Yes,Yes,Yes,Yes,Yes,No,No,0,2020-02-01,1918
1298-PHBTI,2014-03-01,No,Two_year,Yes,Electronic_check,84.8,6152.4,Male,0,Yes,Yes,Fiber_optic,No,Yes,No,Yes,No,No,Yes,0,2020-02-01,2163
6223-DHJGV,2016-08-01,No,One_year,Yes,Mailed_check,20.65,958.1,Female,0,No,No,No,No,No,No,No,No,No,No,0,2020-02-01,1279
6961-MJKBO,2016-03-01,No,Two_year,No,Bank_transfer_(automatic),20.45,943.0,Male,0,No,No,No,No,No,No,No,No,No,No,0,2020-02-01,1432
6097-EQISJ,2014-04-01,2019-10-01 00:00:00,One_year,Yes,Credit_card_(automatic),102.45,6615.15,Female,0,Yes,Yes,Fiber_optic,No,Yes,Yes,No,Yes,Yes,Yes,1,2019-10-01,2009
4423-YLHDV,2018-02-01,2019-11-01 00:00:00,Month-to-month,Yes,Bank_transfer_(automatic),104.4,2200.25,Female,0,Yes,No,Fiber_optic,Yes,No,Yes,No,Yes,Yes,Yes,1,2019-11-01,638
8158-WPEZG,2019-03-01,No,Month-to-month,Yes,Electronic_check,35.65,425.1,Male,0,No,No,DSL,No,Yes,No,Yes,No,No,No,0,2020-02-01,337
0107-YHINA,2019-10-01,2019-11-01 00:00:00,Month-to-month,Yes,Electronic_check,99.75,99.75,Male,0,No,Yes,Fiber_optic,No,No,Yes,No,Yes,Yes,Yes,1,2019-11-01,31
4918-FYJNT,2015-07-01,No,Month-to-month,No,Electronic_check,90.45,5044.8,Female,1,Yes,No,Fiber_optic,No,Yes,Yes,Yes,No,No,Yes,0,2020-02-01,1676
0727-BNRLG,2014-05-01,No,Two_year,Yes,Credit_card_(automatic),97.65,6743.55,Male,0,No,No,Fiber_optic,No,Yes,Yes,Yes,Yes,No,Yes,0,2020-02-01,2102
4854-CIDCF,2019-11-01,No,Month-to-month,No,Electronic_check,73.85,196.4,Female,1,No,No,Fiber_optic,No,No,Yes,No,No,No,No,0,2020-02-01,92
8640-SDGKB,2019-08-01,2019-12-01 00:00:00,Month-to-month,Yes,Electronic_check,74.4,299.7,Male,0,No,No,DSL,No,No,Yes,Yes,Yes,Yes,No,1,2019-12-01,122
3280-MRDOF,2017-08-01,No,Two_year,Yes,Credit_card_(automatic),69.1,2093.9,Male,1,No,No,DSL,No,No,Yes,Yes,Yes,No,Yes,0,2020-02-01,914
6435-SRWBJ,2019-09-01,No,Month-to-month,Yes,Electronic_check,82.75,417.75,Female,0,No,No,Fiber_optic,No,No,Yes,Yes,No,No,Yes,0,2020-02-01,153
9964-WBQDJ,2014-03-01,No,Two_year,Yes,Credit_card_(automatic),24.4,1725.4,Female,0,Yes,No,No,No,No,No,No,No,No,Yes,0,2020-02-01,2163
6303-KFWSL,2017-09-01,No,One_year,Yes,Electronic_check,55.25,1620.2,Female,0,No,No,DSL,No,Yes,No,No,No,No,Yes,0,2020-02-01,883
1702-CCFNJ,2015-10-01,No,Month-to-month,No,Bank_transfer_(automatic),61.35,3169.55,Male,0,Yes,No,DSL,No,Yes,No,Yes,No,No,Yes,0,2020-02-01,1584
8932-CZHRQ,2014-06-01,No,One_year,No,Credit_card_(automatic),76.75,5233.25,Male,0,No,No,DSL,Yes,Yes,Yes,No,No,Yes,Yes,0,2020-02-01,2071
0386-CWRGM,2016-04-01,No,Two_year,No,Mailed_check,19.4,967.85,Female,0,Yes,Yes,No,No,No,No,No,No,No,No,0,2020-02-01,1401
5515-RUGKN,2019-06-01,No,Month-to-month,Yes,Credit_card_(automatic),54.75,438.05,Male,0,No,No,DSL,No,No,No,No,No,Yes,No,0,2020-02-01,245
0404-AHASP,2014-02-01,No,Two_year,No,Credit_card_(automatic),19.7,1421.9,Male,0,Yes,No,No,No,No,No,No,No,No,No,0,2020-02-01,2191
7279-NMVJC,2018-09-01,No,One_year,No,Bank_transfer_(automatic),19.9,323.15,Female,0,No,No,No,No,No,No,No,No,No,No,0,2020-02-01,518
2081-VEYEH,2019-11-01,No,Month-to-month,Yes,Electronic_check,107.95,318.6,Male,0,No,No,Fiber_optic,No,Yes,Yes,Yes,Yes,Yes,No,0,2020-02-01,92
6407-UTSLV,2019-12-01,No,Month-to-month,Yes,Bank_transfer_(automatic),83.8,163.7,Female,1,No,No,Fiber_optic,No,Yes,No,No,Yes,No,No,0,2020-02-01,62
4116-TZAQJ,2019-02-01,2019-11-01 00:00:00,Month-to-month,Yes,Credit_card_(automatic),74.25,639.65,Female,0,No,No,Fiber_optic,Yes,No,No,No,No,No,No,1,2019-11-01,273
9060-HJJRW,2015-11-01,No,One_year,Yes,Credit_card_(automatic),56.4,2928.5,Female,0,No,No,DSL,No,Yes,Yes,No,Yes,Yes,No,0,2020-02-01,1553
2587-YNLES,2019-08-01,No,Two_year,No,Mailed_check,20.1,100.35,Female,0,Yes,Yes,No,No,No,No,No,No,No,No,0,2020-02-01,184
7398-SKNQZ,2019-11-01,No,Month-to-month,No,Electronic_check,94.9,273.2,Female,0,Yes,No,Fiber_optic,No,No,No,No,Yes,Yes,Yes,0,2020-02-01,92
5935-FCCNB,2018-09-01,No,Month-to-month,Yes,Electronic_check,94.2,1608.15,Female,1,No,No,Fiber_optic,No,No,No,No,Yes,Yes,Yes,0,2020-02-01,518
1958-RNRKS,2017-08-01,No,Month-to-month,No,Electronic_check,49.9,1441.95,Male,0,Yes,No,DSL,No,No,No,No,No,No,Yes,0,2020-02-01,914
5136-RGMZO,2017-07-01,No,Month-to-month,Yes,Electronic_check,71.05,2168.15,Male,0,No,No,DSL,No,Yes,No,Yes,Yes,No,Yes,0,2020-02-01,945
8345-MVDYC,2016-05-01,No,Two_year,No,Bank_transfer_(automatic),81.65,3618.7,Female,0,No,No,DSL,Yes,No,Yes,Yes,Yes,Yes,No,0,2020-02-01,1371
8226-BXGES,2014-10-01,No,One_year,No,Bank_transfer_(automatic),89.45,5692.65,Male,0,Yes,No,Fiber_optic,Yes,Yes,Yes,No,No,No,Yes,0,2020-02-01,1949
3877-JRJIP,2019-11-01,2019-12-01 00:00:00,Month-to-month,Yes,Electronic_check,59.85,59.85,Male,0,No,No,DSL,No,No,No,No,Yes,No,Yes,1,2019-12-01,30
8375-DKEBR,2019-12-01,2020-01-01 00:00:00,Month-to-month,Yes,Electronic_check,69.6,69.6,Female,1,No,No,Fiber_optic,No,No,No,No,No,No,No,1,2020-01-01,31
9705-IOVQQ,2015-01-01,No,One_year,No,Electronic_check,99.0,5969.3,Male,1,Yes,Yes,Fiber_optic,No,Yes,No,No,Yes,Yes,Yes,0,2020-02-01,1857
1015-OWJKI,2020-01-01,No,Month-to-month,No,Mailed_check,19.05,19.05,Male,0,No,No,No,No,No,No,No,No,No,No,0,2020-02-01,31
7511-YMXVQ,2019-02-01,2019-11-01 00:00:00,Month-to-month,Yes,Electronic_check,45.4,418.8,Male,0,No,No,DSL,No,No,No,No,Yes,Yes,No,1,2019-11-01,273
2040-XBAVJ,2014-02-01,No,Two_year,No,Bank_transfer_(automatic),114.45,8100.55,Male,0,Yes,Yes,Fiber_optic,Yes,Yes,Yes,Yes,Yes,Yes,Yes,0,2020-02-01,2191
7551-JOHTI,2019-11-01,2019-12-01 00:00:00,Month-to-month,No,Mailed_check,19.5,19.5,Female,0,No,No,No,No,No,No,No,No,No,No,1,2019-12-01,30
8887-IPQNC,2019-07-01,No,Month-to-month,Yes,Mailed_check,44.25,313.45,Female,0,Yes,No,DSL,No,No,No,No,No,No,No,0,2020-02-01,215
8646-JCOMS,2014-08-01,No,One_year,Yes,Bank_transfer_(automatic),90.55,6130.95,Female,0,Yes,No,Fiber_optic,No,Yes,Yes,Yes,No,No,Yes,0,2020-02-01,2010
9804-ICWBG,2019-09-01,2019-10-01 00:00:00,Month-to-month,Yes,Electronic_check,69.9,69.9,Male,0,No,No,Fiber_optic,No,No,No,No,No,No,No,1,2019-10-01,30
1222-KJNZD,2016-10-01,No,Month-to-month,Yes,Bank_transfer_(automatic),20.4,745.3,Male,0,Yes,Yes,No,No,No,No,No,No,No,No,0,2020-02-01,1218
0106-GHRQR,2018-10-01,No,Month-to-month,Yes,Bank_transfer_(automatic),71.4,1212.1,Male,0,No,No,DSL,No,Yes,Yes,No,No,Yes,Yes,0,2020-02-01,488
5318-IXUZF,2019-10-01,2019-12-01 00:00:00,Month-to-month,Yes,Bank_transfer_(automatic),87.15,183.75,Female,0,No,No,Fiber_optic,No,Yes,No,No,Yes,No,No,1,2019-12-01,61
3768-VHXQO,2014-07-01,No,Two_year,No,Credit_card_(automatic),24.85,1583.5,Male,0,Yes,No,No,No,No,No,No,No,No,Yes,0,2020-02-01,2041
8952-WCVCD,2016-09-01,No,One_year,Yes,Bank_transfer_(automatic),104.45,4162.05,Female,0,Yes,No,Fiber_optic,Yes,Yes,Yes,No,Yes,Yes,No,0,2020-02-01,1248
2418-TPEUN,2015-06-01,No,Two_year,Yes,Credit_card_(automatic),19.8,1119.9,Female,0,Yes,Yes,No,No,No,No,No,No,No,No,0,2020-02-01,1706
3963-RYFNS,2014-02-01,No,Two_year,Yes,Bank_transfer_(automatic),116.45,8013.55,Female,0,No,No,Fiber_optic,Yes,Yes,Yes,Yes,Yes,Yes,Yes,0,2020-02-01,2191
3198-VELRD,2019-09-01,2019-12-01 00:00:00,Month-to-month,Yes,Bank_transfer_(automatic),84.75,264.85,Female,0,Yes,Yes,Fiber_optic,No,No,No,No,No,Yes,Yes,1,2019-12-01,91
8540-ZQGEA,2015-08-01,No,Two_year,No,Credit_card_(automatic),20.05,1102.4,Female,0,Yes,No,No,No,No,No,No,No,No,No,0,2020-02-01,1645
1320-REHCS,2015-10-01,No,Month-to-month,Yes,Electronic_check,110.75,5832.0,Male,1,No,No,Fiber_optic,No,Yes,Yes,Yes,Yes,Yes,Yes,0,2020-02-01,1584
4137-JOPHL,2015-12-01,No,Two_year,Yes,Bank_transfer_(automatic),89.7,4304.5,Female,0,No,No,Fiber_optic,No,No,Yes,Yes,No,Yes,No,0,2020-02-01,1523
9436-ZBZCT,2018-08-01,2019-10-01 00:00:00,Month-to-month,Yes,Electronic_check,89.95,1178.4,Male,0,No,No,Fiber_optic,No,No,No,Yes,Yes,No,Yes,1,2019-10-01,426
7801-CEDNV,2017-11-01,No,One_year,No,Credit_card_(automatic),48.7,1421.75,Male,0,Yes,No,DSL,Yes,No,No,No,No,No,No,0,2020-02-01,822
2057-BOYKM,2014-02-01,No,Two_year,Yes,Bank_transfer_(automatic),96.6,6827.5,Female,1,Yes,No,Fiber_optic,Yes,Yes,Yes,Yes,No,No,Yes,0,2020-02-01,2191
3658-QQJYD,2014-12-01,No,One_year,Yes,Credit_card_(automatic),74.3,4698.05,Male,0,No,No,DSL,Yes,Yes,No,No,Yes,Yes,No,0,2020-02-01,1888
1803-BGNBD,2019-02-01,No,Month-to-month,Yes,Electronic_check,54.3,654.5,Female,0,No,No,DSL,No,Yes,No,Yes,No,No,No,0,2020-02-01,365
0134-XWXCE,2016-06-01,No,One_year,No,Bank_transfer_(automatic),74.85,3268.05,Female,1,No,No,DSL,No,No,Yes,Yes,Yes,Yes,No,0,2020-02-01,1340
6950-TWMYB,2015-08-01,No,Two_year,Yes,Bank_transfer_(automatic),79.95,4362.05,Male,0,Yes,Yes,Fiber_optic,No,Yes,No,Yes,No,No,No,0,2020-02-01,1645
5848-FHRFC,2014-06-01,No,Two_year,No,Bank_transfer_(automatic),20.05,1386.9,Female,0,No,No,No,No,No,No,No,No,No,No,0,2020-02-01,2071
2243-FNMMI,2018-06-01,No,Month-to-month,No,Mailed_check,19.4,415.4,Male,0,No,No,No,No,No,No,No,No,No,No,0,2020-02-01,610
2511-MORQY,2015-12-01,No,One_year,No,Bank_transfer_(automatic),54.9,2614.1,Male,0,Yes,Yes,DSL,No,No,Yes,No,No,No,Yes,0,2020-02-01,1523
5356-KZCKT,2015-04-01,No,Two_year,Yes,Credit_card_(automatic),24.45,1513.6,Male,0,No,No,No,No,No,No,No,No,No,Yes,0,2020-02-01,1767
9470-XCCEM,2017-03-01,No,Month-to-month,Yes,Bank_transfer_(automatic),89.65,3161.6,Male,0,Yes,Yes,Fiber_optic,No,Yes,No,No,Yes,No,Yes,0,2020-02-01,1067
6519-CFDBX,2019-12-01,No,Month-to-month,Yes,Electronic_check,45.4,80.95,Female,0,No,No,DSL,No,No,No,No,No,No,No,0,2020-02-01,62
3902-MIVLE,2014-11-01,No,Two_year,No,Mailed_check,75.7,4676.7,Male,0,Yes,Yes,DSL,Yes,No,Yes,Yes,No,Yes,Yes,0,2020-02-01,1918
0409-WTMPL,2015-04-01,No,One_year,Yes,Credit_card_(automatic),110.65,6526.65,Female,0,Yes,No,Fiber_optic,Yes,Yes,Yes,No,Yes,Yes,Yes,0,2020-02-01,1767
8763-KIAFH,2017-11-01,No,One_year,Yes,Mailed_check,20.55,583.3,Female,0,Yes,Yes,No,No,No,No,No,No,No,No,0,2020-02-01,822
3669-WHAFY,2014-03-01,No,Two_year,Yes,Credit_card_(automatic),115.15,8078.1,Female,0,Yes,No,Fiber_optic,Yes,Yes,Yes,Yes,Yes,Yes,Yes,0,2020-02-01,2163
3055-VTCGS,2014-11-01,No,One_year,No,Credit_card_(automatic),58.55,3503.5,Female,0,No,No,DSL,No,No,Yes,No,No,Yes,No,0,2020-02-01,1918
3144-KMTWZ,2014-03-01,No,Month-to-month,Yes,Bank_transfer_(automatic),93.25,6669.45,Male,0,Yes,No,Fiber_optic,No,Yes,Yes,No,No,Yes,Yes,0,2020-02-01,2163
7279-BUYWN,2016-08-01,2020-01-01 00:00:00,Month-to-month,Yes,Electronic_check,113.2,4689.5,Female,1,No,No,Fiber_optic,Yes,Yes,Yes,No,Yes,Yes,Yes,1,2020-01-01,1248
7156-MHUGY,2018-11-01,2019-12-01 00:00:00,Month-to-month,Yes,Electronic_check,90.5,1201.15,Male,1,No,No,Fiber_optic,No,No,No,No,Yes,Yes,No,1,2019-12-01,395
7198-GLXTC,2019-09-01,2019-11-01 00:00:00,Month-to-month,No,Electronic_check,79.0,143.65,Male,0,No,No,Fiber_optic,No,No,No,No,Yes,No,No,1,2019-11-01,61
2007-QVGAW,2014-06-01,No,Two_year,Yes,Bank_transfer_(automatic),19.35,1292.65,Female,0,Yes,Yes,No,No,No,No,No,No,No,No,0,2020-02-01,2071
5207-PLSTK,2020-01-01,No,Month-to-month,Yes,Mailed_check,48.75,48.75,Male,0,Yes,Yes,DSL,Yes,No,No,No,No,No,No,0,2020-02-01,31
2307-FYNNL,2014-09-01,No,Two_year,Yes,Electronic_check,109.05,7108.2,Male,1,No,No,Fiber_optic,Yes,No,Yes,Yes,Yes,Yes,Yes,0,2020-02-01,1979
5605-XNWEN,2014-02-01,No,Two_year,Yes,Bank_transfer_(automatic),25.0,1802.55,Male,1,Yes,No,No,No,No,No,No,No,No,Yes,0,2020-02-01,2191
2155-AMQRX,2017-10-01,No,Month-to-month,Yes,Credit_card_(automatic),54.9,1505.15,Female,0,No,No,DSL,No,No,No,Yes,No,No,Yes,0,2020-02-01,853
6181-AXXYF,2014-02-01,No,Two_year,No,Credit_card_(automatic),24.75,1859.1,Male,0,Yes,Yes,No,No,No,No,No,No,No,Yes,0,2020-02-01,2191
5091-HFAZW,2019-12-01,No,Month-to-month,Yes,Electronic_check,91.15,168.5,Female,0,No,No,Fiber_optic,Yes,Yes,No,No,Yes,No,No,0,2020-02-01,62
0516-VRYBW,2018-07-01,2020-01-01 00:00:00,One_year,No,Bank_transfer_(automatic),20.15,390.85,Female,0,No,Yes,No,No,No,No,No,No,No,No,1,2020-01-01,549
2519-LBNQL,2015-02-01,No,One_year,Yes,Electronic_check,104.35,6339.45,Male,1,Yes,No,Fiber_optic,No,Yes,Yes,No,Yes,Yes,Yes,0,2020-02-01,1826
8623-ULFNQ,2017-12-01,No,Month-to-month,Yes,Electronic_check,66.05,1652.4,Female,1,No,No,DSL,No,No,No,Yes,No,Yes,Yes,0,2020-02-01,792
8380-PEFPE,2019-09-01,2019-10-01 00:00:00,Month-to-month,Yes,Electronic_check,71.65,71.65,Male,0,No,Yes,Fiber_optic,No,No,No,No,No,No,No,1,2019-10-01,30
5687-DKDTV,2019-07-01,2019-11-01 00:00:00,Month-to-month,No,Mailed_check,20.35,77.5,Female,0,No,No,No,No,No,No,No,No,No,No,1,2019-11-01,123
1568-LJSZU,2014-06-01,No,Two_year,Yes,Credit_card_(automatic),92.2,6392.85,Male,0,Yes,Yes,DSL,Yes,Yes,Yes,Yes,Yes,Yes,Yes,0,2020-02-01,2071
7530-HDYDS,2016-10-01,2019-12-01 00:00:00,Month-to-month,Yes,Credit_card_(automatic),84.25,3264.5,Female,0,No,No,Fiber_optic,No,Yes,Yes,Yes,No,No,No,1,2019-12-01,1156
7789-HKSBS,2016-08-01,No,One_year,Yes,Bank_transfer_(automatic),105.2,4599.15,Female,1,Yes,No,Fiber_optic,Yes,No,Yes,No,Yes,Yes,Yes,0,2020-02-01,1279
7416-CKTEP,2015-05-01,No,Two_year,Yes,Bank_transfer_(automatic),19.6,1134.25,Female,0,Yes,No,No,No,No,No,No,No,No,No,0,2020-02-01,1737
2586-CWXVV,2015-08-01,No,Month-to-month,No,Electronic_check,30.4,1621.35,Male,0,Yes,No,DSL,No,Yes,No,No,No,No,No,0,2020-02-01,1645
3096-IZETN,2018-10-01,2019-10-01 00:00:00,Month-to-month,No,Bank_transfer_(automatic),78.1,947.3,Female,0,No,No,Fiber_optic,No,No,No,No,No,Yes,No,1,2019-10-01,365
2348-KCJLT,2016-06-01,No,One_year,Yes,Mailed_check,61.5,2722.2,Female,0,Yes,No,DSL,Yes,Yes,Yes,No,No,No,No,0,2020-02-01,1340
8401-EMUWF,2016-08-01,No,Month-to-month,Yes,Bank_transfer_(automatic),69.4,3058.3,Male,0,Yes,Yes,DSL,Yes,Yes,No,No,Yes,No,Yes,0,2020-02-01,1279
4193-IBKSW,2014-02-01,No,Two_year,No,Bank_transfer_(automatic),24.75,1769.6,Male,0,Yes,Yes,No,No,No,No,No,No,No,Yes,0,2020-02-01,2191
5377-NDTOU,2014-03-01,No,Two_year,No,Mailed_check,91.05,6293.75,Female,0,Yes,Yes,DSL,Yes,Yes,Yes,Yes,Yes,Yes,Yes,0,2020-02-01,2163
5922-ABDVO,2018-06-01,2020-01-01 00:00:00,Month-to-month,No,Mailed_check,89.65,1761.05,Female,0,Yes,No,Fiber_optic,No,No,Yes,No,No,Yes,Yes,1,2020-01-01,579
2474-LCNUE,2018-03-01,No,Month-to-month,Yes,Credit_card_(automatic),73.65,1642.75,Female,0,Yes,No,DSL,No,No,No,Yes,Yes,Yes,Yes,0,2020-02-01,702
0839-QNXME,2017-08-01,No,Two_year,No,Credit_card_(automatic),19.4,578.5,Female,0,No,No,No,No,No,No,No,No,No,No,0,2020-02-01,914
3506-OVLKD,2017-03-01,No,One_year,No,Bank_transfer_(automatic),26.2,954.9,Male,0,No,No,No,No,No,No,No,No,No,Yes,0,2020-02-01,1067
9172-ANCRX,2019-03-01,2020-01-01 00:00:00,Month-to-month,Yes,Electronic_check,98.7,973.25,Female,0,No,No,Fiber_optic,Yes,No,No,No,Yes,Yes,Yes,1,2020-01-01,306
6650-VJONK,2020-01-01,No,Month-to-month,Yes,Bank_transfer_(automatic),43.85,43.85,Male,0,No,No,DSL,No,No,No,No,No,No,No,0,2020-02-01,31
2178-PMGCJ,2018-04-01,No,Month-to-month,Yes,Mailed_check,69.7,1490.4,Male,0,No,No,Fiber_optic,No,No,No,No,No,No,No,0,2020-02-01,671
7492-TAFJD,2019-07-01,No,Two_year,No,Mailed_check,38.55,280.0,Male,0,Yes,Yes,DSL,Yes,Yes,Yes,No,No,No,No,0,2020-02-01,215
2773-MADBQ,2017-02-01,No,Two_year,Yes,Mailed_check,53.1,1901.25,Female,0,No,No,DSL,Yes,Yes,Yes,Yes,No,Yes,No,0,2020-02-01,1095
6016-LVTJQ,2017-04-01,No,Month-to-month,No,Mailed_check,20.65,716.4,Female,0,Yes,Yes,No,No,No,No,No,No,No,No,0,2020-02-01,1036
7860-KSUGX,2014-02-01,No,Two_year,No,Credit_card_(automatic),64.45,4720.0,Male,0,Yes,Yes,DSL,Yes,Yes,Yes,No,No,No,Yes,0,2020-02-01,2191
8966-KZXXA,2017-02-01,No,Two_year,No,Credit_card_(automatic),25.1,930.95,Male,0,Yes,Yes,No,No,No,No,No,No,No,Yes,0,2020-02-01,1095
6910-HADCM,2019-09-01,2019-10-01 00:00:00,Month-to-month,No,Electronic_check,76.35,76.35,Female,0,No,No,Fiber_optic,No,No,Yes,No,No,No,No,1,2019-10-01,30
4816-LXZYW,2018-02-01,2020-01-01 00:00:00,Month-to-month,Yes,Electronic_check,79.15,1676.95,Female,0,No,No,Fiber_optic,No,Yes,No,No,No,No,Yes,1,2020-01-01,699
9606-PBKBQ,2017-03-01,2019-11-01 00:00:00,Month-to-month,Yes,Electronic_check,85.0,2642.05,Male,1,Yes,No,Fiber_optic,No,No,No,No,No,Yes,Yes,1,2019-11-01,975
5149-QYTTU,2014-03-01,No,One_year,Yes,Credit_card_(automatic),95.15,6770.85,Female,0,Yes,Yes,Fiber_optic,Yes,Yes,Yes,Yes,No,No,Yes,0,2020-02-01,2163
2070-XYMFH,2018-03-01,No,Month-to-month,Yes,Mailed_check,79.35,1835.3,Female,1,No,No,Fiber_optic,No,No,Yes,No,No,No,Yes,0,2020-02-01,702
2085-BOJKI,2018-09-01,No,One_year,Yes,Bank_transfer_(automatic),96.65,1588.25,Male,0,Yes,No,Fiber_optic,No,No,Yes,No,Yes,Yes,No,0,2020-02-01,518
0817-HSUSE,2020-01-01,No,Month-to-month,Yes,Electronic_check,75.5,75.5,Male,0,No,No,DSL,No,No,Yes,Yes,Yes,Yes,No,0,2020-02-01,31
5442-PPTJY,2019-02-01,No,Two_year,No,Mailed_check,19.7,258.35,Male,0,Yes,Yes,No,No,No,No,No,No,No,No,0,2020-02-01,365
1927-QEWMY,2014-02-01,No,Two_year,No,Credit_card_(automatic),20.5,1502.25,Female,0,Yes,No,No,No,No,No,No,No,No,No,0,2020-02-01,2191
1663-MHLHE,2020-01-01,No,Month-to-month,No,Mailed_check,19.2,19.2,Male,0,No,No,No,No,No,No,No,No,No,No,0,2020-02-01,31
5663-QBGIS,2014-02-01,No,Two_year,No,Bank_transfer_(automatic),98.35,6929.4,Male,1,Yes,No,Fiber_optic,No,Yes,No,No,Yes,Yes,Yes,0,2020-02-01,2191
4450-MDZFX,2015-02-01,No,Month-to-month,No,Bank_transfer_(automatic),74.35,4453.3,Male,0,Yes,Yes,Fiber_optic,No,No,No,No,No,No,Yes,0,2020-02-01,1826
6701-DHKWQ,2015-01-01,No,Two_year,No,Credit_card_(automatic),51.35,3244.4,Female,0,Yes,Yes,DSL,No,Yes,Yes,Yes,Yes,No,No,0,2020-02-01,1857
7554-AKDQF,2019-08-01,No,Month-to-month,No,Mailed_check,45.65,323.45,Female,0,Yes,No,DSL,No,No,No,No,No,No,No,0,2020-02-01,184
3536-IQCTX,2017-02-01,2019-10-01 00:00:00,Month-to-month,No,Electronic_check,85.3,2661.1,Male,1,Yes,No,Fiber_optic,No,No,No,No,No,Yes,Yes,1,2019-10-01,972
4911-BANWH,2017-04-01,2019-11-01 00:00:00,Month-to-month,Yes,Credit_card_(automatic),86.55,2697.4,Female,0,No,Yes,Fiber_optic,No,No,No,No,Yes,No,Yes,1,2019-11-01,944
8496-EJAUI,2018-06-01,2020-01-01 00:00:00,Month-to-month,Yes,Credit_card_(automatic),73.85,1424.5,Male,0,No,No,Fiber_optic,No,Yes,No,No,No,No,No,1,2020-01-01,579
0794-YVSGE,2014-02-01,No,Two_year,No,Bank_transfer_(automatic),20.3,1401.15,Male,0,Yes,Yes,No,No,No,No,No,No,No,No,0,2020-02-01,2191
5423-BHIXO,2017-06-01,No,Month-to-month,Yes,Electronic_check,54.2,1739.6,Female,0,No,No,DSL,No,Yes,No,No,No,No,Yes,0,2020-02-01,975
6908-VVYHM,2014-09-01,No,Month-to-month,Yes,Electronic_check,90.65,5931.0,Male,0,Yes,No,Fiber_optic,No,Yes,No,No,No,Yes,Yes,0,2020-02-01,1979
2959-EEXWB,2016-05-01,No,Month-to-month,Yes,Bank_transfer_(automatic),50.9,2333.85,Female,0,Yes,Yes,DSL,Yes,No,No,No,Yes,Yes,No,0,2020-02-01,1371
1839-UMACK,2016-08-01,No,One_year,No,Electronic_check,25.05,949.85,Male,0,No,No,No,No,No,No,No,No,No,Yes,0,2020-02-01,1279
3030-YDNRM,2019-06-01,No,Month-to-month,Yes,Electronic_check,74.85,572.45,Male,0,No,No,Fiber_optic,No,No,No,No,No,No,Yes,0,2020-02-01,245
7321-KKSDU,2017-06-01,No,Two_year,No,Mailed_check,20.5,696.8,Male,0,No,Yes,No,No,No,No,No,No,No,No,0,2020-02-01,975
3402-XRIUO,2018-04-01,No,Month-to-month,Yes,Mailed_check,63.55,1381.8,Female,1,Yes,No,DSL,Yes,Yes,No,Yes,No,No,Yes,0,2020-02-01,671
3132-TVFDZ,2015-01-01,2019-10-01 00:00:00,Month-to-month,Yes,Electronic_check,44.85,2572.95,Male,1,Yes,No,DSL,No,No,No,No,Yes,Yes,No,1,2019-10-01,1734
8286-AFUYI,2020-01-01,No,Month-to-month,No,Electronic_check,47.95,47.95,Male,0,No,No,DSL,Yes,No,No,No,No,No,No,0,2020-02-01,31
8080-DDEMJ,2019-12-01,2020-01-01 00:00:00,Month-to-month,No,Electronic_check,45.1,45.1,Male,1,No,No,DSL,No,No,No,No,No,No,No,1,2020-01-01,31
8356-WUAOJ,2020-01-01,No,Month-to-month,Yes,Electronic_check,45.0,45.0,Female,0,Yes,No,DSL,No,No,No,No,No,No,No,0,2020-02-01,31
6365-MTGZX,2017-12-01,2019-12-01 00:00:00,Month-to-month,Yes,Electronic_check,96.0,2122.45,Male,0,No,No,Fiber_optic,No,No,No,Yes,Yes,Yes,No,1,2019-12-01,730
1349-WXNGG,2019-12-01,2020-01-01 00:00:00,Month-to-month,No,Bank_transfer_(automatic),20.05,20.05,Male,0,No,No,No,No,No,No,No,No,No,No,1,2020-01-01,31
8058-DMYRU,2015-08-01,No,Month-to-month,Yes,Electronic_check,90.05,4931.8,Male,1,No,No,Fiber_optic,No,Yes,No,No,No,Yes,Yes,0,2020-02-01,1645
9350-ZXYJC,2019-10-01,No,Two_year,Yes,Credit_card_(automatic),25.3,116.95,Female,0,No,No,No,No,No,No,No,No,No,Yes,0,2020-02-01,123
6990-YNRIO,2014-08-01,2020-01-01 00:00:00,Two_year,No,Bank_transfer_(automatic),108.65,6937.95,Male,0,Yes,Yes,Fiber_optic,Yes,No,Yes,Yes,Yes,Yes,Yes,1,2020-01-01,1979
8958-JPTRR,2015-06-01,No,One_year,No,Electronic_check,24.3,1261.7,Female,0,Yes,No,No,No,No,No,No,No,No,Yes,0,2020-02-01,1706
6959-GQEGV,2016-05-01,No,Month-to-month,Yes,Electronic_check,75.95,3273.8,Male,0,No,No,DSL,Yes,No,Yes,No,Yes,Yes,No,0,2020-02-01,1371
3173-WSSUE,2014-03-01,No,Two_year,No,Credit_card_(automatic),19.7,1415.85,Female,0,Yes,Yes,No,No,No,No,No,No,No,No,0,2020-02-01,2163
1265-HVPZB,2015-03-01,No,One_year,No,Credit_card_(automatic),66.4,3958.2,Male,0,Yes,No,DSL,Yes,Yes,Yes,No,Yes,No,No,0,2020-02-01,1798
4115-UMJFQ,2014-05-01,No,One_year,Yes,Bank_transfer_(automatic),35.75,2492.25,Male,0,No,No,DSL,No,Yes,Yes,No,No,No,No,0,2020-02-01,2102
7369-TRPFD,2018-07-01,No,One_year,No,Mailed_check,18.8,279.2,Male,0,No,No,No,No,No,No,No,No,No,No,0,2020-02-01,580
1098-KFQEC,2015-07-01,No,Two_year,No,Credit_card_(automatic),19.4,1083.0,Female,0,Yes,Yes,No,No,No,No,No,No,No,No,0,2020-02-01,1676
7190-XHTWJ,2016-12-01,No,One_year,No,Mailed_check,19.3,755.5,Female,0,No,No,No,No,No,No,No,No,No,No,0,2020-02-01,1157
0621-TWIEM,2019-02-01,2019-12-01 00:00:00,Month-to-month,Yes,Electronic_check,45.55,402.6,Male,0,No,No,DSL,No,No,No,No,No,No,No,1,2019-12-01,303
3537-RYBHH,2016-03-01,No,Month-to-month,Yes,Credit_card_(automatic),67.45,3252.0,Female,1,Yes,No,DSL,Yes,Yes,Yes,No,No,No,Yes,0,2020-02-01,1432
2485-ITVKB,2019-09-01,2019-11-01 00:00:00,Month-to-month,Yes,Electronic_check,35.1,68.75,Female,0,Yes,No,DSL,No,No,No,No,No,Yes,No,1,2019-11-01,61
3669-OYSJI,2019-11-01,2019-12-01 00:00:00,Month-to-month,No,Credit_card_(automatic),46.2,46.2,Male,0,No,No,DSL,No,No,No,No,No,No,No,1,2019-12-01,30
1612-EOHDH,2019-09-01,2019-10-01 00:00:00,Month-to-month,No,Electronic_check,45.15,45.15,Female,0,No,No,DSL,No,No,No,No,No,No,No,1,2019-10-01,30
6702-OHFWR,2019-11-01,2019-12-01 00:00:00,Month-to-month,Yes,Electronic_check,43.3,43.3,Male,1,No,No,DSL,No,Yes,Yes,No,No,Yes,No,1,2019-12-01,30
5296-BFCYD,2016-04-01,No,Two_year,Yes,Mailed_check,20.1,936.85,Male,0,Yes,Yes,No,No,No,No,No,No,No,No,0,2020-02-01,1401
4510-PYUSH,2016-08-01,2019-10-01 00:00:00,Month-to-month,Yes,Credit_card_(automatic),57.15,2250.65,Female,1,No,No,DSL,Yes,Yes,No,No,No,No,No,1,2019-10-01,1156
9359-JANWS,2014-09-01,No,Two_year,No,Credit_card_(automatic),58.9,3857.1,Female,0,Yes,No,DSL,Yes,No,Yes,Yes,No,No,No,0,2020-02-01,1979
7517-SAWMO,2018-05-01,2019-12-01 00:00:00,Month-to-month,Yes,Electronic_check,73.2,1441.1,Female,0,Yes,No,Fiber_optic,Yes,No,No,No,No,No,No,1,2019-12-01,579
4143-HHPMK,2015-08-01,2019-12-01 00:00:00,Month-to-month,Yes,Electronic_check,85.35,4338.6,Male,0,No,No,Fiber_optic,No,Yes,No,No,No,Yes,No,1,2019-12-01,1583
3279-DYZQM,2014-03-01,No,Two_year,No,Mailed_check,19.45,1378.45,Male,0,Yes,Yes,No,No,No,No,No,No,No,No,0,2020-02-01,2163
7054-LGEQW,2019-09-01,2019-10-01 00:00:00,Month-to-month,No,Mailed_check,45.95,45.95,Female,0,No,No,DSL,No,No,No,No,No,No,No,1,2019-10-01,30
0523-VNGTF,2015-10-01,No,Month-to-month,Yes,Electronic_check,50.5,2566.3,Female,1,No,No,DSL,No,Yes,Yes,Yes,Yes,No,No,0,2020-02-01,1584
9575-IWCAZ,2019-08-01,No,One_year,No,Mailed_check,25.1,171.0,Male,0,Yes,No,No,No,No,No,No,No,No,Yes,0,2020-02-01,184
7105-MXJLL,2017-12-01,No,One_year,No,Mailed_check,60.7,1597.4,Female,1,Yes,No,DSL,No,No,Yes,No,No,Yes,No,0,2020-02-01,792
7064-FRRSW,2016-02-01,No,One_year,Yes,Electronic_check,99.0,4744.35,Male,1,No,No,Fiber_optic,No,Yes,No,No,Yes,Yes,Yes,0,2020-02-01,1461
7940-UQQUG,2014-10-01,No,One_year,Yes,Bank_transfer_(automatic),104.4,6721.6,Female,0,Yes,Yes,Fiber_optic,Yes,No,No,Yes,Yes,Yes,Yes,0,2020-02-01,1949
0923-PNFUB,2019-07-01,2019-10-01 00:00:00,Month-to-month,No,Electronic_check,83.75,247.25,Female,0,No,No,Fiber_optic,No,Yes,No,No,Yes,No,No,1,2019-10-01,92
3961-SXAXY,2020-01-01,No,Month-to-month,Yes,Bank_transfer_(automatic),44.05,44.05,Male,0,No,No,DSL,No,No,No,No,No,No,No,0,2020-02-01,31
7010-BRBUU,2014-02-01,No,Two_year,No,Credit_card_(automatic),24.1,1734.65,Male,0,Yes,Yes,No,No,No,No,No,No,No,Yes,0,2020-02-01,2191
3566-HJGPK,2020-01-01,No,Month-to-month,Yes,Mailed_check,45.55,45.55,Male,0,No,No,DSL,No,No,No,No,No,No,No,0,2020-02-01,31
3062-ICYZQ,2015-11-01,No,Month-to-month,Yes,Electronic_check,93.8,4539.35,Female,0,Yes,Yes,Fiber_optic,Yes,Yes,No,No,No,Yes,Yes,0,2020-02-01,1553
9938-PRCVK,2016-09-01,No,Two_year,No,Bank_transfer_(automatic),19.7,804.25,Female,0,Yes,Yes,No,No,No,No,No,No,No,No,0,2020-02-01,1248
0973-KYVNF,2014-02-01,No,Two_year,Yes,Credit_card_(automatic),70.65,5011.15,Female,0,Yes,Yes,DSL,Yes,Yes,Yes,No,Yes,No,No,0,2020-02-01,2191
5129-HHMZC,2016-07-01,No,Two_year,No,Credit_card_(automatic),86.45,3574.5,Female,0,Yes,No,DSL,Yes,Yes,No,Yes,Yes,Yes,Yes,0,2020-02-01,1310
9637-CDTKZ,2014-02-01,No,Two_year,Yes,Credit_card_(automatic),114.1,8086.4,Male,0,Yes,No,Fiber_optic,Yes,Yes,Yes,Yes,Yes,Yes,Yes,0,2020-02-01,2191
3946-JEWRQ,2016-03-01,No,One_year,Yes,Credit_card_(automatic),95.2,4563.0,Male,0,Yes,No,Fiber_optic,No,No,No,No,Yes,Yes,Yes,0,2020-02-01,1432
7873-CVMAW,2014-02-01,No,Two_year,No,Credit_card_(automatic),88.55,6362.35,Male,0,No,No,DSL,Yes,Yes,Yes,Yes,Yes,Yes,Yes,0,2020-02-01,2191
0463-WZZKO,2019-11-01,No,Month-to-month,Yes,Credit_card_(automatic),20.75,67.1,Male,0,No,No,No,No,No,No,No,No,No,No,0,2020-02-01,92
3494-JCHRQ,2019-12-01,2020-01-01 00:00:00,Month-to-month,Yes,Electronic_check,70.05,70.05,Male,0,No,No,Fiber_optic,No,No,No,No,No,No,No,1,2020-01-01,31
6474-FVJLC,2019-10-01,2019-12-01 00:00:00,Month-to-month,Yes,Electronic_check,86.0,165.45,Male,0,No,No,Fiber_optic,No,No,No,No,No,Yes,Yes,1,2019-12-01,61
4524-QCSSM,2017-12-01,No,Month-to-month,Yes,Bank_transfer_(automatic),44.65,1156.55,Male,0,No,No,DSL,Yes,Yes,No,No,No,Yes,No,0,2020-02-01,792
5832-EXGTT,2017-09-01,No,Month-to-month,Yes,Mailed_check,60.2,1834.15,Male,0,Yes,Yes,DSL,Yes,No,No,No,No,Yes,No,0,2020-02-01,883
8840-DQLGN,2016-11-01,2019-10-01 00:00:00,Month-to-month,Yes,Bank_transfer_(automatic),100.5,3653.35,Female,1,Yes,No,Fiber_optic,Yes,Yes,No,Yes,Yes,No,Yes,1,2019-10-01,1064
2039-JONDJ,2017-11-01,No,One_year,No,Bank_transfer_(automatic),55.45,1477.65,Male,0,No,No,DSL,Yes,Yes,No,No,No,No,No,0,2020-02-01,822
7217-JYHOQ,2018-02-01,No,Month-to-month,Yes,Credit_card_(automatic),70.3,1706.45,Male,0,Yes,Yes,DSL,Yes,Yes,No,Yes,No,Yes,No,0,2020-02-01,730
6695-FRVEC,2014-07-01,No,Two_year,Yes,Bank_transfer_(automatic),60.4,3953.7,Male,0,Yes,Yes,DSL,Yes,No,Yes,Yes,No,No,No,0,2020-02-01,2041
4547-LYTDD,2018-08-01,2019-12-01 00:00:00,Month-to-month,No,Electronic_check,72.65,1194.3,Female,0,No,No,Fiber_optic,No,No,No,No,No,No,Yes,1,2019-12-01,487
9894-QMIMJ,2018-03-01,No,One_year,No,Bank_transfer_(automatic),55.8,1327.85,Female,0,No,No,DSL,No,Yes,Yes,No,No,No,No,0,2020-02-01,702
8069-YQQAJ,2018-12-01,No,Month-to-month,Yes,Mailed_check,31.1,419.7,Male,0,No,No,DSL,No,Yes,No,No,No,No,No,0,2020-02-01,427
6770-XUAGN,2019-09-01,2019-10-01 00:00:00,Month-to-month,Yes,Electronic_check,21.0,21.0,Female,0,Yes,Yes,No,No,No,No,No,No,No,No,1,2019-10-01,30
4193-ORFCL,2019-10-01,2019-11-01 00:00:00,Month-to-month,No,Mailed_check,45.1,45.1,Female,1,No,No,DSL,No,No,No,No,No,No,No,1,2019-11-01,31
1636-NTNCO,2019-10-01,No,Month-to-month,Yes,Credit_card_(automatic),50.95,207.35,Male,1,No,No,DSL,No,Yes,No,No,Yes,Yes,No,0,2020-02-01,123
3466-WAESX,2018-10-01,No,Month-to-month,Yes,Electronic_check,69.1,1083.7,Male,0,No,Yes,DSL,Yes,Yes,No,No,No,Yes,Yes,0,2020-02-01,488
9281-PKKZE,2016-04-01,No,Month-to-month,Yes,Electronic_check,43.95,2007.85,Female,0,Yes,No,DSL,No,No,No,No,Yes,Yes,No,0,2020-02-01,1401
3638-VBZTA,2014-06-01,No,Two_year,Yes,Bank_transfer_(automatic),86.5,5882.75,Male,0,No,Yes,DSL,Yes,Yes,No,Yes,Yes,Yes,Yes,0,2020-02-01,2071
7459-IMVYU,2016-12-01,No,Month-to-month,No,Electronic_check,69.95,2657.55,Male,0,No,No,DSL,Yes,Yes,Yes,Yes,No,No,Yes,0,2020-02-01,1157
7776-QWNFX,2017-06-01,2019-12-01 00:00:00,Month-to-month,Yes,Bank_transfer_(automatic),50.4,1527.5,Male,1,Yes,No,DSL,No,Yes,No,No,No,No,No,1,2019-12-01,913
6689-TCZHQ,2019-07-01,2019-12-01 00:00:00,Month-to-month,No,Electronic_check,78.95,378.4,Female,1,No,No,Fiber_optic,No,No,No,No,No,Yes,No,1,2019-12-01,153
8563-OYMQY,2018-09-01,No,Month-to-month,Yes,Credit_card_(automatic),90.95,1612.2,Male,0,No,No,Fiber_optic,No,Yes,Yes,No,No,Yes,No,0,2020-02-01,518
0754-EEBDC,2019-10-01,No,Two_year,No,Mailed_check,19.9,76.65,Male,0,Yes,Yes,No,No,No,No,No,No,No,No,0,2020-02-01,123
5777-ZPQNC,2019-02-01,No,One_year,No,Electronic_check,20.15,260.7,Female,0,No,No,No,No,No,No,No,No,No,No,0,2020-02-01,365
1951-IEYXM,2014-02-01,No,Two_year,Yes,Credit_card_(automatic),90.6,6441.85,Male,0,Yes,Yes,DSL,Yes,Yes,Yes,Yes,Yes,Yes,Yes,0,2020-02-01,2191
3318-NMQXL,2019-11-01,No,Month-to-month,Yes,Electronic_check,92.0,266.8,Male,0,No,No,Fiber_optic,No,No,No,No,Yes,Yes,No,0,2020-02-01,92
3143-ILDAL,2015-05-01,2020-01-01 00:00:00,Month-to-month,Yes,Electronic_check,94.45,5124.6,Male,0,No,No,Fiber_optic,No,Yes,No,Yes,No,Yes,Yes,1,2020-01-01,1706
1022-RKXDR,2016-09-01,No,One_year,Yes,Mailed_check,24.85,962.25,Female,0,No,No,No,No,No,No,No,No,No,Yes,0,2020-02-01,1248
2361-FJWNO,2016-10-01,No,One_year,No,Credit_card_(automatic),36.0,1382.9,Male,0,No,No,DSL,No,Yes,No,Yes,No,No,No,0,2020-02-01,1218
2272-UOINI,2019-07-01,No,Month-to-month,Yes,Electronic_check,78.5,571.05,Female,0,No,No,DSL,Yes,Yes,No,Yes,Yes,Yes,No,0,2020-02-01,215
8232-UTFOZ,2014-05-01,No,Two_year,No,Credit_card_(automatic),19.95,1399.35,Male,0,No,No,No,No,No,No,No,No,No,No,0,2020-02-01,2102
3750-YHRYO,2019-07-01,No,One_year,No,Mailed_check,20.65,150.0,Male,0,Yes,Yes,No,No,No,No,No,No,No,No,0,2020-02-01,215
6637-KYRCV,2019-09-01,No,Month-to-month,Yes,Electronic_check,30.5,167.2,Female,0,Yes,Yes,DSL,No,Yes,No,No,No,No,No,0,2020-02-01,153
5668-MEISB,2014-02-01,No,Two_year,No,Credit_card_(automatic),106.1,7657.4,Female,0,Yes,Yes,Fiber_optic,Yes,Yes,Yes,Yes,Yes,No,Yes,0,2020-02-01,2191
0129-QMPDR,2016-06-01,No,One_year,Yes,Bank_transfer_(automatic),20.5,865.05,Male,0,Yes,Yes,No,No,No,No,No,No,No,No,0,2020-02-01,1340
7188-CBBBA,2014-09-01,No,One_year,Yes,Electronic_check,95.5,6153.85,Female,0,No,No,Fiber_optic,No,Yes,Yes,No,Yes,No,Yes,0,2020-02-01,1979
5356-CSVSQ,2019-11-01,No,Month-to-month,No,Electronic_check,64.6,174.2,Female,0,No,No,DSL,No,No,No,Yes,Yes,No,Yes,0,2020-02-01,92
3221-CJMSG,2018-02-01,No,Month-to-month,Yes,Credit_card_(automatic),51.1,1269.6,Male,0,No,No,DSL,No,No,No,Yes,No,No,No,0,2020-02-01,730
4720-VSTSI,2016-02-01,2019-10-01 00:00:00,Month-to-month,Yes,Bank_transfer_(automatic),84.8,3862.55,Female,0,No,No,Fiber_optic,No,Yes,Yes,No,No,No,Yes,1,2019-10-01,1338
3219-JQRSL,2014-02-01,No,Two_year,No,Credit_card_(automatic),89.1,6352.4,Female,1,Yes,No,DSL,Yes,Yes,Yes,Yes,Yes,Yes,Yes,0,2020-02-01,2191
2801-NISEI,2018-02-01,No,Month-to-month,No,Electronic_check,54.95,1348.5,Male,0,No,No,DSL,Yes,No,No,Yes,No,No,No,0,2020-02-01,730
3946-MHCZW,2019-09-01,2019-10-01 00:00:00,Month-to-month,No,Mailed_check,50.9,50.9,Male,0,No,No,DSL,No,No,Yes,No,No,No,No,1,2019-10-01,30
4623-ZKHLY,2018-04-01,No,Month-to-month,Yes,Bank_transfer_(automatic),20.45,471.55,Male,0,Yes,No,No,No,No,No,No,No,No,No,0,2020-02-01,671
6732-VAILE,2014-04-01,No,Two_year,Yes,Credit_card_(automatic),85.95,5931.75,Male,0,Yes,Yes,DSL,No,Yes,Yes,Yes,Yes,Yes,Yes,0,2020-02-01,2132
8201-AAXCB,2018-01-01,No,Month-to-month,No,Electronic_check,60.35,1404.65,Male,0,Yes,Yes,DSL,No,No,No,No,Yes,No,Yes,0,2020-02-01,761
7696-CFTAT,2017-01-01,No,Two_year,No,Bank_transfer_(automatic),19.8,726.1,Male,0,Yes,Yes,No,No,No,No,No,No,No,No,0,2020-02-01,1126
1845-CSBRZ,2018-04-01,No,Month-to-month,No,Bank_transfer_(automatic),85.35,1961.6,Female,1,Yes,Yes,Fiber_optic,No,No,No,No,Yes,No,Yes,0,2020-02-01,671
2123-VSCOT,2015-03-01,No,Two_year,Yes,Bank_transfer_(automatic),72.1,4194.85,Female,0,Yes,Yes,DSL,No,No,Yes,Yes,Yes,No,Yes,0,2020-02-01,1798
6651-AZVTJ,2015-10-01,2019-11-01 00:00:00,Month-to-month,Yes,Electronic_check,99.8,4872.45,Male,0,Yes,Yes,Fiber_optic,No,No,Yes,No,Yes,Yes,Yes,1,2019-11-01,1492
4566-GOLUK,2016-02-01,2020-01-01 00:00:00,Month-to-month,Yes,Bank_transfer_(automatic),107.35,5118.95,Male,0,Yes,Yes,Fiber_optic,No,No,Yes,Yes,Yes,Yes,Yes,1,2020-01-01,1430
2484-DGXPZ,2017-06-01,2020-01-01 00:00:00,Month-to-month,Yes,Mailed_check,19.55,658.95,Female,0,Yes,Yes,No,No,No,No,No,No,No,No,1,2020-01-01,944
2018-QKYGT,2020-01-01,No,Month-to-month,Yes,Electronic_check,81.05,81.05,Male,0,Yes,Yes,Fiber_optic,No,No,No,No,No,Yes,No,0,2020-02-01,31
2792-VPPET,2019-11-01,No,Month-to-month,Yes,Electronic_check,20.5,76.95,Male,0,No,No,No,No,No,No,No,No,No,No,0,2020-02-01,92
7409-JURKQ,2015-09-01,No,One_year,Yes,Bank_transfer_(automatic),111.8,5809.75,Female,0,Yes,No,Fiber_optic,No,Yes,Yes,Yes,Yes,Yes,Yes,0,2020-02-01,1614
3247-MHJKM,2020-01-01,No,Month-to-month,No,Mailed_check,20.2,20.2,Male,0,No,No,No,No,No,No,No,No,No,No,0,2020-02-01,31
1964-SVLEA,2018-06-01,No,One_year,Yes,Mailed_check,19.7,415.9,Male,0,No,No,No,No,No,No,No,No,No,No,0,2020-02-01,610
4587-NUKOX,2019-10-01,2020-01-01 00:00:00,Month-to-month,Yes,Electronic_check,79.1,246.5,Female,0,No,No,Fiber_optic,Yes,Yes,No,No,No,No,No,1,2020-01-01,92
7297-DVYGA,2015-11-01,No,One_year,Yes,Bank_transfer_(automatic),19.85,996.95,Female,0,No,No,No,No,No,No,No,No,No,No,0,2020-02-01,1553
2239-CGBUZ,2015-11-01,No,One_year,Yes,Bank_transfer_(automatic),60.5,3145.15,Female,0,Yes,No,DSL,Yes,Yes,No,Yes,No,No,No,0,2020-02-01,1553
0854-UYHZD,2019-01-01,No,Two_year,No,Mailed_check,19.55,265.3,Female,0,Yes,Yes,No,No,No,No,No,No,No,No,0,2020-02-01,396
7243-LCGGZ,2020-01-01,No,Month-to-month,No,Mailed_check,20.9,20.9,Female,0,No,No,No,No,No,No,No,No,No,No,0,2020-02-01,31
8267-KFGYD,2020-01-01,No,Month-to-month,Yes,Mailed_check,21.05,21.05,Male,0,No,Yes,No,No,No,No,No,No,No,No,0,2020-02-01,31
4890-VMUAV,2014-11-01,No,One_year,No,Electronic_check,71.5,4576.3,Male,0,No,No,DSL,Yes,Yes,Yes,Yes,No,No,Yes,0,2020-02-01,1918
9261-WDCAF,2019-11-01,No,Month-to-month,No,Mailed_check,54.65,189.1,Male,0,No,No,DSL,No,No,No,No,No,Yes,No,0,2020-02-01,92
3764-MNMOI,2016-04-01,No,Two_year,No,Credit_card_(automatic),19.2,908.15,Male,0,No,No,No,No,No,No,No,No,No,No,0,2020-02-01,1401
7442-YGZFK,2020-01-01,No,Month-to-month,Yes,Credit_card_(automatic),49.8,49.8,Male,0,No,No,DSL,No,No,No,No,No,No,Yes,0,2020-02-01,31
0420-BWTPW,2019-02-01,2019-10-01 00:00:00,Month-to-month,No,Mailed_check,25.5,215.2,Male,0,No,Yes,DSL,No,No,No,No,No,No,No,1,2019-10-01,242
8229-BUJHX,2014-03-01,No,Two_year,No,Bank_transfer_(automatic),20.5,1500.95,Female,0,Yes,Yes,No,No,No,No,No,No,No,No,0,2020-02-01,2163
7449-HVPIV,2015-07-01,No,Month-to-month,Yes,Credit_card_(automatic),90.4,5099.15,Male,0,Yes,Yes,Fiber_optic,No,No,Yes,No,Yes,No,Yes,0,2020-02-01,1676
5504-WSIUR,2014-04-01,No,One_year,Yes,Bank_transfer_(automatic),90.25,6385.95,Female,0,No,No,Fiber_optic,No,Yes,Yes,Yes,No,No,Yes,0,2020-02-01,2132
8183-ONMXC,2019-10-01,2019-12-01 00:00:00,Month-to-month,No,Electronic_check,80.75,159.45,Female,0,No,No,Fiber_optic,No,No,No,No,No,Yes,No,1,2019-12-01,61
8466-PZBLH,2014-07-01,No,Two_year,No,Bank_transfer_(automatic),104.6,6885.75,Male,0,Yes,Yes,Fiber_optic,Yes,No,No,Yes,Yes,Yes,Yes,0,2020-02-01,2041
9614-RMGHA,2014-07-01,2019-12-01 00:00:00,Month-to-month,Yes,Bank_transfer_(automatic),91.85,5940.85,Male,0,Yes,No,Fiber_optic,No,Yes,No,No,Yes,No,Yes,1,2019-12-01,1979
8735-IJJEG,2018-12-01,No,Month-to-month,No,Credit_card_(automatic),50.2,668.85,Male,0,Yes,No,DSL,No,No,Yes,No,No,No,No,0,2020-02-01,427
0564-MUUQK,2018-06-01,No,Month-to-month,Yes,Bank_transfer_(automatic),95.5,1916.2,Female,0,Yes,Yes,Fiber_optic,No,No,Yes,Yes,No,Yes,Yes,0,2020-02-01,610
5054-IEXZT,2019-11-01,2019-12-01 00:00:00,Month-to-month,Yes,Electronic_check,75.35,75.35,Male,0,No,Yes,Fiber_optic,No,Yes,No,No,No,No,No,1,2019-12-01,30
5834-ASPWA,2019-11-01,2019-12-01 00:00:00,Month-to-month,Yes,Electronic_check,75.45,75.45,Male,0,No,No,Fiber_optic,No,No,No,No,No,No,Yes,1,2019-12-01,30
0701-RFGFI,2016-01-01,No,Month-to-month,Yes,Bank_transfer_(automatic),95.4,4613.95,Female,0,Yes,Yes,Fiber_optic,No,No,No,No,Yes,Yes,Yes,0,2020-02-01,1492
0019-EFAEP,2014-02-01,No,Two_year,Yes,Bank_transfer_(automatic),101.3,7261.25,Female,0,No,No,Fiber_optic,Yes,Yes,Yes,No,Yes,No,Yes,0,2020-02-01,2191
5619-PTMIK,2016-04-01,No,Month-to-month,No,Electronic_check,53.1,2459.8,Female,0,Yes,No,DSL,Yes,No,No,No,No,No,Yes,0,2020-02-01,1401
3737-XBQDD,2018-02-01,No,Month-to-month,Yes,Bank_transfer_(automatic),84.85,2048.8,Male,0,No,No,Fiber_optic,No,Yes,Yes,No,No,No,Yes,0,2020-02-01,730
5882-CMAZQ,2019-09-01,No,Month-to-month,No,Electronic_check,34.25,163.55,Female,0,Yes,Yes,DSL,No,Yes,No,Yes,No,No,No,0,2020-02-01,153
5846-QFDFI,2017-05-01,No,Month-to-month,No,Credit_card_(automatic),88.6,2888.7,Female,0,Yes,Yes,Fiber_optic,No,Yes,Yes,Yes,No,No,Yes,0,2020-02-01,1006
4445-KWOKW,2016-08-01,No,One_year,Yes,Bank_transfer_(automatic),60.15,2421.6,Female,0,No,No,DSL,Yes,Yes,No,No,No,No,Yes,0,2020-02-01,1279
3511-APPBJ,2018-03-01,No,One_year,Yes,Credit_card_(automatic),99.95,2292.75,Male,0,No,No,Fiber_optic,Yes,No,Yes,No,Yes,Yes,No,0,2020-02-01,702
7967-HYCDE,2019-06-01,No,Month-to-month,No,Bank_transfer_(automatic),70.7,553.4,Male,0,No,No,Fiber_optic,No,No,No,No,No,No,No,0,2020-02-01,245
2430-RRYUW,2014-08-01,No,One_year,Yes,Mailed_check,54.8,3465.7,Male,0,No,No,DSL,Yes,Yes,No,No,No,No,No,0,2020-02-01,2010
3948-XHGNA,2017-11-01,2019-11-01 00:00:00,Month-to-month,Yes,Bank_transfer_(automatic),49.55,1210.4,Male,0,No,No,DSL,Yes,No,No,No,No,No,No,1,2019-11-01,730
3723-BFBGR,2018-02-01,No,Month-to-month,No,Credit_card_(automatic),54.8,1291.3,Male,1,No,No,DSL,No,Yes,No,No,No,No,Yes,0,2020-02-01,730
0565-IYCGT,2014-01-01,2019-10-01 00:00:00,One_year,Yes,Credit_card_(automatic),78.6,5356.45,Male,0,No,No,DSL,Yes,Yes,Yes,Yes,No,Yes,Yes,1,2019-10-01,2099
5447-WZAFP,2015-09-01,No,One_year,Yes,Mailed_check,100.3,5200.8,Female,0,No,No,Fiber_optic,No,Yes,Yes,No,Yes,Yes,No,0,2020-02-01,1614
5110-CHOPY,2015-02-01,No,Two_year,No,Electronic_check,53.6,3237.05,Female,0,No,No,DSL,Yes,No,Yes,No,Yes,Yes,No,0,2020-02-01,1826
5445-UTODQ,2019-04-01,2019-11-01 00:00:00,Month-to-month,Yes,Electronic_check,81.1,576.65,Female,0,Yes,No,Fiber_optic,No,No,No,No,Yes,No,No,1,2019-11-01,214
4425-OWHWB,2018-06-01,No,One_year,Yes,Credit_card_(automatic),19.35,433.75,Female,0,No,No,No,No,No,No,No,No,No,No,0,2020-02-01,610
7892-QVYKW,2018-03-01,No,Month-to-month,No,Electronic_check,85.6,1868.4,Female,0,Yes,Yes,Fiber_optic,No,No,No,No,No,Yes,Yes,0,2020-02-01,702
9675-ICXCT,2014-02-01,No,Two_year,Yes,Electronic_check,80.8,5728.55,Male,0,Yes,Yes,DSL,Yes,No,Yes,Yes,Yes,Yes,No,0,2020-02-01,2191
1024-VRZHF,2019-02-01,2020-01-01 00:00:00,Month-to-month,Yes,Electronic_check,74.95,825.7,Male,0,Yes,No,Fiber_optic,No,No,No,No,No,No,Yes,1,2020-01-01,334
4703-MQYKT,2018-05-01,No,Two_year,No,Mailed_check,19.6,390.4,Male,0,No,No,No,No,No,No,No,No,No,No,0,2020-02-01,641
9497-QCMMS,2019-12-01,2020-01-01 00:00:00,Month-to-month,Yes,Electronic_check,93.55,93.55,Male,1,No,No,Fiber_optic,No,No,No,No,Yes,Yes,Yes,1,2020-01-01,31
5692-ICXLW,2017-07-01,No,Month-to-month,Yes,Electronic_check,90.7,2845.15,Male,1,No,No,Fiber_optic,No,Yes,No,No,Yes,No,Yes,0,2020-02-01,945
0602-DDUML,2015-05-01,No,Two_year,No,Mailed_check,69.75,3894.4,Female,0,No,No,DSL,No,Yes,Yes,Yes,Yes,No,No,0,2020-02-01,1737
2208-MPXIO,2016-05-01,No,Two_year,Yes,Bank_transfer_(automatic),20.0,886.4,Female,0,Yes,Yes,No,No,No,No,No,No,No,No,0,2020-02-01,1371
1960-UYCNN,2019-04-01,No,Month-to-month,Yes,Electronic_check,95.25,1021.55,Male,0,No,No,Fiber_optic,No,Yes,Yes,No,No,Yes,Yes,0,2020-02-01,306
0348-SDKOL,2015-02-01,2019-12-01 00:00:00,Month-to-month,Yes,Credit_card_(automatic),102.1,5885.4,Female,0,Yes,No,Fiber_optic,No,No,Yes,Yes,Yes,Yes,Yes,1,2019-12-01,1764
3190-FZATL,2018-12-01,No,Month-to-month,No,Mailed_check,19.95,268.4,Male,0,No,Yes,No,No,No,No,No,No,No,No,0,2020-02-01,427
7336-RLLRH,2017-11-01,No,One_year,No,Mailed_check,80.85,2204.35,Male,0,Yes,No,DSL,Yes,No,No,Yes,Yes,Yes,Yes,0,2020-02-01,822
4373-MAVJG,2018-11-01,2020-01-01 00:00:00,Month-to-month,Yes,Bank_transfer_(automatic),90.9,1259.0,Female,0,Yes,Yes,Fiber_optic,No,Yes,No,No,No,Yes,Yes,1,2020-01-01,426
8901-HJXTF,2018-12-01,2019-12-01 00:00:00,Month-to-month,No,Mailed_check,29.2,309.1,Female,0,Yes,Yes,DSL,No,Yes,No,No,No,No,No,1,2019-12-01,365
7710-JSYOA,2014-05-01,No,Two_year,Yes,Bank_transfer_(automatic),93.3,6398.05,Female,0,Yes,Yes,Fiber_optic,No,Yes,No,Yes,No,Yes,Yes,0,2020-02-01,2102
5419-KLXBN,2017-12-01,2020-01-01 00:00:00,Month-to-month,Yes,Bank_transfer_(automatic),89.15,2257.75,Female,0,Yes,Yes,Fiber_optic,No,Yes,Yes,No,Yes,No,No,1,2020-01-01,761
3424-NMNBO,2015-03-01,2020-01-01 00:00:00,One_year,Yes,Electronic_check,108.85,6287.25,Male,1,Yes,No,Fiber_optic,Yes,Yes,Yes,No,Yes,Yes,Yes,1,2020-01-01,1767
9885-MFVSU,2017-03-01,No,Two_year,Yes,Credit_card_(automatic),46.35,1662.05,Female,0,Yes,Yes,DSL,Yes,No,No,Yes,Yes,No,No,0,2020-02-01,1067
4514-GFCFI,2018-06-01,2019-10-01 00:00:00,Month-to-month,Yes,Electronic_check,84.75,1350.15,Female,1,No,No,Fiber_optic,No,No,No,No,Yes,No,Yes,1,2019-10-01,487
0607-MVMGC,2016-05-01,No,One_year,No,Credit_card_(automatic),78.75,3600.65,Male,0,Yes,Yes,DSL,No,Yes,Yes,No,Yes,Yes,Yes,0,2020-02-01,1371
3365-SAIGS,2018-09-01,No,Month-to-month,Yes,Electronic_check,83.55,1329.15,Female,0,No,No,Fiber_optic,No,Yes,No,No,Yes,No,No,0,2020-02-01,518
9828-AOQLM,2019-11-01,2019-12-01 00:00:00,Month-to-month,Yes,Electronic_check,45.7,45.7,Female,0,Yes,Yes,DSL,No,No,No,No,No,No,No,1,2019-12-01,30
8022-BECSI,2018-04-01,No,One_year,No,Mailed_check,19.6,422.5,Male,0,No,No,No,No,No,No,No,No,No,No,0,2020-02-01,671
8000-REIQB,2019-10-01,2019-11-01 00:00:00,Month-to-month,Yes,Electronic_check,69.95,69.95,Female,1,No,No,Fiber_optic,No,No,No,No,No,No,No,1,2019-11-01,31
9993-LHIEB,2014-07-01,No,Two_year,No,Mailed_check,67.85,4627.65,Male,0,Yes,Yes,DSL,Yes,No,Yes,Yes,No,Yes,No,0,2020-02-01,2041
0266-CLZKZ,2014-07-01,No,Two_year,Yes,Bank_transfer_(automatic),105.65,6717.9,Female,0,Yes,Yes,Fiber_optic,No,No,Yes,Yes,Yes,Yes,Yes,0,2020-02-01,2041
7615-ESMYF,2019-08-01,2019-10-01 00:00:00,Month-to-month,No,Electronic_check,44.6,97.1,Female,0,Yes,No,DSL,No,No,No,No,Yes,Yes,No,1,2019-10-01,61
3858-VOBET,2017-12-01,2019-11-01 00:00:00,Month-to-month,Yes,Electronic_check,74.95,1710.45,Male,0,No,No,Fiber_optic,No,No,No,No,No,No,Yes,1,2019-11-01,700
7020-OZKXZ,2019-05-01,No,Month-to-month,No,Credit_card_(automatic),75.5,637.4,Female,1,No,No,Fiber_optic,No,No,Yes,No,No,No,No,0,2020-02-01,276
3977-QCRSL,2019-09-01,No,Month-to-month,No,Mailed_check,20.15,117.95,Female,0,No,No,No,No,No,No,No,No,No,No,0,2020-02-01,153
0017-DINOC,2015-08-01,No,Two_year,No,Credit_card_(automatic),45.2,2460.55,Male,0,No,No,DSL,Yes,No,No,Yes,Yes,No,No,0,2020-02-01,1645
1447-PJGGA,2015-02-01,2019-11-01 00:00:00,Two_year,Yes,Electronic_check,95.25,5464.65,Female,0,No,No,Fiber_optic,No,No,Yes,No,Yes,Yes,No,1,2019-11-01,1734
8565-CLBZW,2017-12-01,2019-12-01 00:00:00,Month-to-month,Yes,Mailed_check,89.85,2165.05,Male,0,No,No,Fiber_optic,No,No,Yes,No,Yes,No,Yes,1,2019-12-01,730
9139-WQQDY,2015-10-01,2019-11-01 00:00:00,One_year,No,Mailed_check,100.45,4941.8,Female,0,Yes,Yes,Fiber_optic,No,Yes,No,No,Yes,Yes,Yes,1,2019-11-01,1492
0224-HJAPT,2019-05-01,2019-10-01 00:00:00,Month-to-month,No,Electronic_check,47.15,223.15,Male,0,No,No,DSL,No,No,No,No,No,No,Yes,1,2019-10-01,153
8086-OVPWV,2019-10-01,2019-12-01 00:00:00,Month-to-month,Yes,Electronic_check,80.2,181.1,Male,0,No,No,Fiber_optic,No,No,No,No,No,Yes,No,1,2019-12-01,61
9430-FRQOC,2019-06-01,2019-10-01 00:00:00,Month-to-month,Yes,Mailed_check,87.1,341.45,Female,0,No,Yes,Fiber_optic,No,No,Yes,Yes,No,No,Yes,1,2019-10-01,122
7639-OPLNG,2014-04-01,No,Two_year,Yes,Bank_transfer_(automatic),79.25,5731.85,Male,0,Yes,Yes,DSL,Yes,Yes,Yes,Yes,Yes,No,Yes,0,2020-02-01,2132
3074-GQWYX,2019-06-01,2019-11-01 00:00:00,Month-to-month,Yes,Bank_transfer_(automatic),75.9,357.75,Male,0,No,No,Fiber_optic,No,No,No,No,No,No,Yes,1,2019-11-01,153
1492-QGCLU,2015-09-01,No,Month-to-month,No,Electronic_check,85.7,4616.1,Male,0,Yes,Yes,DSL,Yes,No,Yes,Yes,Yes,Yes,Yes,0,2020-02-01,1614
6845-RGTYS,2015-11-01,2019-10-01 00:00:00,Month-to-month,Yes,Electronic_check,98.75,4533.7,Female,0,Yes,No,Fiber_optic,Yes,Yes,Yes,No,Yes,No,Yes,1,2019-10-01,1430
7328-OWMOM,2017-07-01,No,One_year,No,Credit_card_(automatic),20.1,589.25,Female,0,No,Yes,No,No,No,No,No,No,No,No,0,2020-02-01,945
4418-LZMSV,2019-01-01,No,Month-to-month,No,Bank_transfer_(automatic),61.8,750.1,Male,0,Yes,Yes,DSL,No,Yes,Yes,Yes,No,No,No,0,2020-02-01,396
5155-AZQPB,2017-10-01,No,Month-to-month,No,Mailed_check,49.9,1410.25,Female,0,Yes,Yes,DSL,No,No,No,No,No,No,Yes,0,2020-02-01,853
8861-HGGKB,2019-02-01,2019-12-01 00:00:00,Month-to-month,No,Electronic_check,86.45,830.85,Female,0,No,No,Fiber_optic,No,No,No,No,No,Yes,Yes,1,2019-12-01,303
1087-GRUYI,2016-12-01,No,Two_year,No,Bank_transfer_(automatic),20.4,743.5,Male,0,Yes,No,No,No,No,No,No,No,No,No,0,2020-02-01,1157
7065-YUNRY,2019-10-01,2019-11-01 00:00:00,Month-to-month,Yes,Mailed_check,45.3,45.3,Female,0,No,No,DSL,No,No,No,No,No,No,No,1,2019-11-01,31
7694-VLBWQ,2014-04-01,2019-11-01 00:00:00,One_year,No,Electronic_check,104.1,7040.85,Male,0,Yes,No,Fiber_optic,No,Yes,Yes,No,Yes,Yes,Yes,1,2019-11-01,2040
2546-KZAAT,2015-10-01,No,One_year,Yes,Mailed_check,75.4,3865.45,Male,0,Yes,No,DSL,Yes,Yes,No,No,Yes,Yes,No,0,2020-02-01,1584
0181-RITDD,2014-12-01,No,Two_year,No,Mailed_check,108.15,6825.65,Male,0,Yes,Yes,Fiber_optic,Yes,Yes,Yes,Yes,Yes,Yes,No,0,2020-02-01,1888
5989-PGKJB,2018-10-01,No,Month-to-month,Yes,Electronic_check,86.25,1340.1,Female,0,No,No,Fiber_optic,No,Yes,No,No,No,Yes,No,0,2020-02-01,488
4795-KTRTH,2019-05-01,2019-10-01 00:00:00,Month-to-month,Yes,Electronic_check,81.0,371.65,Female,1,Yes,No,Fiber_optic,No,Yes,No,No,No,No,Yes,1,2019-10-01,153
8272-ONJLV,2019-02-01,No,One_year,No,Electronic_check,95.7,1184.0,Male,0,No,No,Fiber_optic,No,No,Yes,No,Yes,Yes,No,0,2020-02-01,365
1488-PBLJN,2014-02-01,No,Two_year,Yes,Bank_transfer_(automatic),116.85,8477.7,Female,0,Yes,Yes,Fiber_optic,Yes,Yes,Yes,Yes,Yes,Yes,Yes,0,2020-02-01,2191
0308-GIQJT,2014-03-01,No,One_year,No,Bank_transfer_(automatic),105.75,7382.85,Male,1,No,No,Fiber_optic,No,Yes,No,Yes,Yes,Yes,Yes,0,2020-02-01,2163
3778-FOAQW,2018-02-01,No,One_year,No,Mailed_check,20.15,456.85,Female,0,Yes,No,No,No,No,No,No,No,No,No,0,2020-02-01,730
4452-ROHMO,2018-11-01,No,Two_year,No,Mailed_check,19.6,331.6,Female,0,No,No,No,No,No,No,No,No,No,No,0,2020-02-01,457
6481-OGDOO,2014-03-01,2019-10-01 00:00:00,One_year,Yes,Credit_card_(automatic),90.6,6056.15,Male,0,Yes,No,Fiber_optic,Yes,Yes,No,No,No,Yes,No,1,2019-10-01,2040
3090-LETTY,2019-12-01,No,Month-to-month,No,Bank_transfer_(automatic),60.95,134.6,Male,0,No,Yes,DSL,Yes,Yes,No,No,No,No,Yes,0,2020-02-01,62
5349-AZPEW,2019-09-01,No,Month-to-month,No,Mailed_check,25.05,125.5,Female,0,Yes,Yes,DSL,No,No,No,No,No,No,No,0,2020-02-01,153
3753-TSEMP,2018-08-01,2019-11-01 00:00:00,Month-to-month,No,Electronic_check,88.15,1390.6,Female,0,Yes,No,Fiber_optic,No,No,No,No,Yes,Yes,No,1,2019-11-01,457
8305-VHZBZ,2019-09-01,2019-10-01 00:00:00,Month-to-month,Yes,Mailed_check,20.2,20.2,Male,0,No,No,No,No,No,No,No,No,No,No,1,2019-10-01,30
9720-JJJOR,2016-09-01,No,One_year,Yes,Bank_transfer_(automatic),60.3,2511.3,Male,0,Yes,Yes,DSL,Yes,Yes,Yes,No,No,No,No,0,2020-02-01,1248
8100-HZZLJ,2016-07-01,No,Month-to-month,Yes,Electronic_check,63.95,2737.05,Female,0,No,Yes,DSL,Yes,Yes,No,No,No,Yes,No,0,2020-02-01,1310
8775-ERLNB,2020-01-01,No,Month-to-month,No,Electronic_check,74.3,74.3,Male,1,Yes,No,Fiber_optic,No,No,No,No,No,No,Yes,0,2020-02-01,31
8309-IEYJD,2020-01-01,No,Month-to-month,Yes,Mailed_check,70.6,70.6,Female,1,No,No,Fiber_optic,No,No,No,No,No,No,No,0,2020-02-01,31
9172-JITSM,2017-11-01,2020-01-01 00:00:00,Month-to-month,Yes,Electronic_check,90.8,2361.8,Female,0,Yes,Yes,Fiber_optic,No,No,No,No,Yes,Yes,No,1,2020-01-01,791
6298-QDFNH,2018-02-01,2019-12-01 00:00:00,Month-to-month,Yes,Electronic_check,79.35,1730.35,Male,0,No,No,Fiber_optic,No,Yes,No,No,No,No,Yes,1,2019-12-01,668
7398-HPYZQ,2014-03-01,No,Two_year,No,Bank_transfer_(automatic),90.55,6404.0,Male,0,Yes,No,DSL,Yes,Yes,Yes,Yes,Yes,Yes,Yes,0,2020-02-01,2163
3546-GHEAE,2019-07-01,No,Two_year,No,Mailed_check,19.45,165.35,Male,0,No,No,No,No,No,No,No,No,No,No,0,2020-02-01,215
7361-YPXFS,2017-10-01,No,Month-to-month,No,Bank_transfer_(automatic),64.45,1867.6,Female,1,No,No,DSL,No,Yes,Yes,Yes,No,No,Yes,0,2020-02-01,853
6557-BZXLQ,2018-10-01,No,Month-to-month,No,Electronic_check,69.65,1043.3,Male,1,No,No,Fiber_optic,No,No,No,No,No,No,No,0,2020-02-01,488
2550-QHZGP,2019-07-01,No,One_year,No,Mailed_check,19.5,128.6,Male,0,No,No,No,No,No,No,No,No,No,No,0,2020-02-01,215
7519-JTWQH,2014-05-01,No,Two_year,Yes,Bank_transfer_(automatic),110.5,7455.45,Female,0,No,No,Fiber_optic,No,Yes,Yes,Yes,Yes,Yes,Yes,0,2020-02-01,2102
2538-OIMXF,2020-01-01,No,Month-to-month,No,Mailed_check,24.7,24.7,Female,0,No,Yes,DSL,No,No,No,No,No,No,No,0,2020-02-01,31
8543-MSDMF,2019-11-01,No,Month-to-month,Yes,Electronic_check,77.4,206.15,Male,0,No,No,DSL,Yes,No,Yes,No,Yes,Yes,No,0,2020-02-01,92
9961-JBNMK,2018-03-01,2019-12-01 00:00:00,Month-to-month,Yes,Bank_transfer_(automatic),96.8,2030.3,Male,1,No,No,Fiber_optic,No,No,Yes,No,Yes,Yes,No,1,2019-12-01,640
1170-SASML,2014-05-01,No,Month-to-month,Yes,Bank_transfer_(automatic),85.4,5869.4,Female,0,Yes,No,Fiber_optic,No,Yes,Yes,No,No,No,Yes,0,2020-02-01,2102
4872-JCVCA,2014-03-01,No,Two_year,Yes,Bank_transfer_(automatic),47.6,3377.8,Female,0,Yes,No,DSL,Yes,Yes,Yes,Yes,No,No,No,0,2020-02-01,2163
5346-BZCHP,2014-05-01,No,Two_year,No,Mailed_check,19.4,1346.2,Female,0,Yes,Yes,No,No,No,No,No,No,No,No,0,2020-02-01,2102
2038-LLMLM,2016-02-01,No,Month-to-month,Yes,Electronic_check,103.85,4946.05,Female,0,No,No,Fiber_optic,No,No,Yes,Yes,Yes,Yes,Yes,0,2020-02-01,1461
6173-ITPWD,2016-02-01,2020-01-01 00:00:00,Month-to-month,Yes,Bank_transfer_(automatic),83.35,4065.0,Male,0,Yes,No,Fiber_optic,No,Yes,Yes,No,No,No,Yes,1,2020-01-01,1430
9734-UYXQI,2019-11-01,2020-01-01 00:00:00,Month-to-month,Yes,Electronic_check,49.4,106.55,Female,0,No,No,DSL,No,No,No,No,No,No,Yes,1,2020-01-01,61
1216-BGTSP,2016-05-01,No,Month-to-month,Yes,Credit_card_(automatic),108.45,4964.7,Male,0,No,No,Fiber_optic,Yes,No,Yes,Yes,Yes,Yes,Yes,0,2020-02-01,1371
4138-NAXED,2015-11-01,No,Month-to-month,No,Bank_transfer_(automatic),81.0,4085.75,Male,0,No,No,Fiber_optic,No,Yes,No,No,No,No,Yes,0,2020-02-01,1553
2189-UXTKY,2018-02-01,2019-12-01 00:00:00,Month-to-month,Yes,Electronic_check,79.2,1742.75,Female,0,Yes,No,DSL,Yes,No,No,Yes,Yes,Yes,Yes,1,2019-12-01,668
0744-BIKKF,2014-02-01,No,Two_year,No,Bank_transfer_(automatic),86.65,6224.8,Male,0,No,No,DSL,Yes,Yes,Yes,Yes,Yes,Yes,Yes,0,2020-02-01,2191
7483-IQWIB,2017-01-01,No,Month-to-month,Yes,Electronic_check,92.95,3415.25,Male,0,Yes,Yes,Fiber_optic,No,Yes,Yes,No,Yes,No,Yes,0,2020-02-01,1126
5248-KWLAR,2014-03-01,No,Two_year,No,Electronic_check,90.35,6325.25,Male,0,Yes,Yes,DSL,Yes,Yes,Yes,Yes,Yes,Yes,Yes,0,2020-02-01,2163
4958-GZWIY,2019-04-01,2019-11-01 00:00:00,Month-to-month,No,Electronic_check,48.7,340.25,Male,0,Yes,Yes,DSL,No,No,Yes,No,No,No,No,1,2019-11-01,214
7996-MHXLW,2014-08-01,No,Two_year,Yes,Credit_card_(automatic),25.15,1683.6,Female,0,No,No,No,No,No,No,No,No,No,Yes,0,2020-02-01,2010
7833-PKIHD,2015-11-01,No,One_year,Yes,Bank_transfer_(automatic),76.4,3966.3,Male,0,Yes,Yes,DSL,Yes,No,No,Yes,Yes,Yes,No,0,2020-02-01,1553
7061-OVMIM,2017-08-01,No,One_year,No,Bank_transfer_(automatic),19.55,608.5,Female,0,Yes,Yes,No,No,No,No,No,No,No,No,0,2020-02-01,914
5153-RTHKF,2017-04-01,No,Month-to-month,No,Electronic_check,85.35,2896.6,Female,0,No,No,Fiber_optic,No,No,No,No,Yes,No,Yes,0,2020-02-01,1036
1852-QSWCD,2014-10-01,No,Two_year,Yes,Mailed_check,24.8,1514.85,Male,0,Yes,Yes,No,No,No,No,No,No,No,Yes,0,2020-02-01,1949
4832-VRBMR,2014-09-01,No,One_year,Yes,Bank_transfer_(automatic),103.15,6792.45,Male,1,Yes,No,Fiber_optic,No,Yes,Yes,No,Yes,Yes,Yes,0,2020-02-01,1979
9079-LWTFD,2016-03-01,No,Month-to-month,No,Mailed_check,100.75,4669.2,Male,0,No,No,Fiber_optic,Yes,Yes,No,Yes,Yes,No,Yes,0,2020-02-01,1432
6356-ELRKD,2019-11-01,2019-12-01 00:00:00,Month-to-month,Yes,Electronic_check,95.6,95.6,Female,0,No,No,Fiber_optic,Yes,No,No,No,Yes,Yes,No,1,2019-12-01,30
8624-GIOUT,2015-10-01,2019-11-01 00:00:00,Month-to-month,Yes,Credit_card_(automatic),59.75,2934.3,Female,0,No,No,DSL,Yes,Yes,No,No,No,No,Yes,1,2019-11-01,1492
3392-EHMNK,2014-07-01,No,Two_year,No,Credit_card_(automatic),94.1,6302.8,Female,0,Yes,Yes,Fiber_optic,No,Yes,No,Yes,Yes,No,Yes,0,2020-02-01,2041
5986-WWXDV,2016-11-01,No,One_year,No,Bank_transfer_(automatic),19.35,779.2,Male,0,No,Yes,No,No,No,No,No,No,No,No,0,2020-02-01,1187
3061-BCKYI,2018-12-01,No,Month-to-month,No,Mailed_check,19.9,283.75,Male,0,No,No,No,No,No,No,No,No,No,No,0,2020-02-01,427
6179-GJPSO,2016-04-01,2019-11-01 00:00:00,Month-to-month,Yes,Credit_card_(automatic),108.15,4600.7,Female,1,No,No,Fiber_optic,Yes,Yes,No,Yes,Yes,Yes,No,1,2019-11-01,1309
7901-TBKJX,2015-06-01,No,Month-to-month,Yes,Electronic_check,101.05,5594.0,Male,1,No,No,Fiber_optic,No,No,Yes,No,Yes,Yes,Yes,0,2020-02-01,1706
7228-PAQPD,2018-12-01,No,One_year,No,Credit_card_(automatic),59.1,772.85,Female,0,No,No,DSL,No,No,No,Yes,No,Yes,No,0,2020-02-01,427
3177-LASXD,2019-09-01,2019-10-01 00:00:00,Month-to-month,No,Electronic_check,71.35,71.35,Female,0,No,No,Fiber_optic,No,No,No,No,No,No,No,1,2019-10-01,30
7746-QYVCO,2018-10-01,No,One_year,Yes,Mailed_check,55.85,857.8,Male,0,Yes,Yes,DSL,Yes,Yes,No,No,No,No,No,0,2020-02-01,488
5804-HYIEZ,2014-04-01,No,Month-to-month,Yes,Electronic_check,106.05,7554.05,Male,0,Yes,Yes,Fiber_optic,Yes,Yes,No,No,Yes,Yes,Yes,0,2020-02-01,2132
9919-FZDED,2014-02-01,No,Two_year,Yes,Credit_card_(automatic),84.1,5981.65,Male,1,Yes,No,DSL,Yes,Yes,Yes,No,Yes,Yes,Yes,0,2020-02-01,2191
5934-TSSAU,2018-03-01,No,Month-to-month,Yes,Credit_card_(automatic),75.3,1702.9,Female,0,Yes,Yes,Fiber_optic,No,No,Yes,No,No,No,No,0,2020-02-01,702
3486-KHMLI,2018-05-01,No,Month-to-month,No,Mailed_check,24.7,467.15,Male,0,No,Yes,No,No,No,No,No,No,No,Yes,0,2020-02-01,641
4897-QSUYC,2019-11-01,2019-12-01 00:00:00,Month-to-month,Yes,Mailed_check,20.15,20.15,Female,0,No,No,No,No,No,No,No,No,No,No,1,2019-12-01,30
1084-UQCHV,2019-12-01,2020-01-01 00:00:00,Month-to-month,No,Bank_transfer_(automatic),69.75,69.75,Male,0,No,Yes,Fiber_optic,No,No,No,No,No,No,No,1,2020-01-01,31
8290-YWKHZ,2017-03-01,2019-11-01 00:00:00,Month-to-month,Yes,Electronic_check,93.2,2931.0,Female,1,Yes,No,Fiber_optic,No,No,No,No,Yes,Yes,Yes,1,2019-11-01,975
2955-BJZHG,2018-08-01,2020-01-01 00:00:00,Month-to-month,No,Electronic_check,80.85,1400.85,Male,0,Yes,Yes,Fiber_optic,No,No,No,No,Yes,No,No,1,2020-01-01,518
3806-DXQOM,2019-09-01,2020-01-01 00:00:00,Month-to-month,Yes,Electronic_check,33.65,137.85,Female,0,No,No,DSL,Yes,Yes,No,No,No,No,No,1,2020-01-01,122
6784-XYJAE,2017-02-01,No,One_year,No,Electronic_check,55.8,1941.5,Female,0,No,No,DSL,No,No,Yes,No,No,No,Yes,0,2020-02-01,1095
3933-DQPWX,2015-12-01,No,Two_year,No,Credit_card_(automatic),39.7,1932.75,Female,0,No,No,DSL,No,Yes,Yes,Yes,No,No,No,0,2020-02-01,1523
6661-EIPZC,2016-02-01,No,Month-to-month,Yes,Credit_card_(automatic),29.5,1423.05,Female,0,Yes,Yes,DSL,No,No,No,Yes,No,No,No,0,2020-02-01,1461
8957-THMOA,2015-12-01,No,Two_year,No,Credit_card_(automatic),20.15,970.85,Female,0,No,Yes,No,No,No,No,No,No,No,No,0,2020-02-01,1523
2251-PYLPB,2014-02-01,No,Two_year,No,Credit_card_(automatic),79.55,5810.9,Male,0,Yes,No,DSL,Yes,Yes,Yes,Yes,No,Yes,Yes,0,2020-02-01,2191
5555-RNPGT,2019-04-01,No,Month-to-month,No,Credit_card_(automatic),24.8,223.9,Male,0,No,Yes,No,No,No,No,No,No,No,Yes,0,2020-02-01,306
1057-FOGLZ,2018-08-01,No,Month-to-month,No,Mailed_check,19.65,391.7,Female,0,No,No,No,No,No,No,No,No,No,No,0,2020-02-01,549
9300-RENDD,2019-09-01,2019-10-01 00:00:00,Month-to-month,Yes,Electronic_check,79.95,79.95,Male,0,No,No,Fiber_optic,No,No,No,No,Yes,No,No,1,2019-10-01,30
0761-AETCS,2019-11-01,2019-12-01 00:00:00,Month-to-month,No,Electronic_check,19.3,19.3,Female,0,No,No,No,No,No,No,No,No,No,No,1,2019-12-01,30
8087-LGYHQ,2019-05-01,No,Month-to-month,Yes,Electronic_check,94.05,811.65,Male,0,No,No,Fiber_optic,No,No,Yes,No,Yes,Yes,No,0,2020-02-01,276
4137-BTIKL,2019-12-01,No,Month-to-month,No,Mailed_check,90.75,174.75,Male,0,No,No,Fiber_optic,Yes,No,No,No,No,Yes,Yes,0,2020-02-01,62
2190-BCXEC,2016-10-01,No,Month-to-month,Yes,Credit_card_(automatic),78.85,3126.85,Female,0,Yes,No,Fiber_optic,No,No,No,Yes,No,No,Yes,0,2020-02-01,1218
6227-FBDXH,2014-05-01,No,One_year,No,Bank_transfer_(automatic),99.5,6841.45,Male,0,Yes,No,Fiber_optic,No,No,Yes,No,Yes,Yes,Yes,0,2020-02-01,2102
2153-MREFK,2016-09-01,2019-10-01 00:00:00,One_year,Yes,Electronic_check,99.2,3754.6,Female,0,Yes,No,Fiber_optic,Yes,No,Yes,Yes,No,Yes,Yes,1,2019-10-01,1125
2911-WDXMV,2018-08-01,No,Month-to-month,Yes,Credit_card_(automatic),80.55,1406.65,Male,0,No,Yes,Fiber_optic,No,No,Yes,No,No,No,Yes,0,2020-02-01,549
7206-PQBBZ,2019-03-01,No,Month-to-month,Yes,Electronic_check,70.2,834.7,Male,1,Yes,No,Fiber_optic,No,No,No,No,No,No,No,0,2020-02-01,337
3106-ULWFW,2019-03-01,2019-11-01 00:00:00,Month-to-month,Yes,Credit_card_(automatic),85.2,627.4,Female,0,Yes,No,Fiber_optic,No,No,No,No,No,Yes,Yes,1,2019-11-01,245
0925-VYDLG,2019-09-01,2019-12-01 00:00:00,Month-to-month,No,Electronic_check,75.25,242.0,Female,0,No,No,Fiber_optic,No,No,No,No,No,No,Yes,1,2019-12-01,91
4547-FZJWE,2015-07-01,No,One_year,No,Credit_card_(automatic),59.45,3157.0,Male,0,Yes,Yes,DSL,Yes,No,No,No,No,Yes,No,0,2020-02-01,1676
7422-WNBTY,2017-05-01,No,Month-to-month,Yes,Electronic_check,93.35,3092.0,Male,0,Yes,No,Fiber_optic,No,Yes,Yes,No,No,Yes,Yes,0,2020-02-01,1006
0842-IWYCP,2016-04-01,No,Month-to-month,No,Bank_transfer_(automatic),44.95,2168.9,Female,0,No,No,DSL,No,No,No,No,No,No,No,0,2020-02-01,1401
3521-HTQTV,2017-04-01,No,Two_year,No,Bank_transfer_(automatic),26.1,980.35,Male,0,No,No,No,No,No,No,No,No,No,Yes,0,2020-02-01,1036
3744-ZBHON,2019-11-01,No,Month-to-month,No,Electronic_check,20.2,65.95,Female,0,No,No,No,No,No,No,No,No,No,No,0,2020-02-01,92
3373-DIUUN,2017-08-01,No,Two_year,No,Mailed_check,21.25,711.9,Male,0,Yes,Yes,No,No,No,No,No,No,No,No,0,2020-02-01,914
8383-SGHJU,2017-05-01,No,One_year,No,Electronic_check,59.4,1952.8,Female,0,No,No,DSL,Yes,No,No,Yes,No,No,Yes,0,2020-02-01,1006
7607-QKKTJ,2016-05-01,No,One_year,Yes,Credit_card_(automatic),95.0,4368.85,Male,0,Yes,Yes,Fiber_optic,No,Yes,Yes,No,No,Yes,Yes,0,2020-02-01,1371
7707-PYBBH,2016-10-01,No,Month-to-month,Yes,Mailed_check,61.9,2647.1,Male,0,No,No,DSL,Yes,Yes,No,Yes,No,No,No,0,2020-02-01,1218
8984-HPEMB,2014-03-01,No,Two_year,Yes,Electronic_check,118.65,8477.6,Female,0,No,No,Fiber_optic,Yes,Yes,Yes,Yes,Yes,Yes,Yes,0,2020-02-01,2163
4349-GFQHK,2019-09-01,2019-10-01 00:00:00,Month-to-month,No,Electronic_check,54.35,54.35,Male,0,No,No,DSL,No,No,Yes,No,No,No,Yes,1,2019-10-01,30
4139-DETXS,2014-02-01,No,Two_year,No,Bank_transfer_(automatic),64.45,4528.0,Female,0,Yes,Yes,DSL,Yes,Yes,Yes,Yes,Yes,Yes,No,0,2020-02-01,2191
9779-DPNEJ,2018-04-01,No,Month-to-month,Yes,Electronic_check,80.15,1790.65,Female,0,Yes,Yes,Fiber_optic,No,No,No,No,No,Yes,No,0,2020-02-01,671
9805-FILKB,2016-04-01,No,One_year,Yes,Bank_transfer_(automatic),20.2,845.6,Male,0,Yes,Yes,No,No,No,No,No,No,No,No,0,2020-02-01,1401
5793-YOLJN,2015-07-01,No,Two_year,No,Mailed_check,21.0,1210.3,Female,0,Yes,Yes,No,No,No,No,No,No,No,No,0,2020-02-01,1676
0673-IGUQO,2020-01-01,No,Month-to-month,No,Mailed_check,20.45,20.45,Male,0,No,No,No,No,No,No,No,No,No,No,0,2020-02-01,31
4123-FCVCB,2019-02-01,No,One_year,Yes,Mailed_check,75.85,854.45,Female,0,No,No,DSL,No,No,No,Yes,Yes,Yes,Yes,0,2020-02-01,365
8819-IMISP,2017-07-01,No,Month-to-month,Yes,Electronic_check,80.45,2429.1,Male,0,No,No,Fiber_optic,No,Yes,No,No,No,No,Yes,0,2020-02-01,945
7802-EFKNY,2019-08-01,2020-01-01 00:00:00,Month-to-month,Yes,Electronic_check,24.95,100.4,Male,0,Yes,No,DSL,No,No,No,No,No,No,No,1,2020-01-01,153
8311-UEUAB,2014-07-01,No,Two_year,Yes,Electronic_check,75.5,5229.45,Female,0,Yes,Yes,DSL,Yes,No,No,No,Yes,Yes,Yes,0,2020-02-01,2041
5858-EAFCZ,2020-01-01,No,Month-to-month,No,Mailed_check,44.45,44.45,Male,0,No,No,DSL,No,No,No,No,No,No,No,0,2020-02-01,31
8035-BUYVG,2016-06-01,2019-10-01 00:00:00,One_year,Yes,Electronic_check,42.35,1716.45,Male,0,Yes,No,DSL,Yes,Yes,Yes,No,No,No,No,1,2019-10-01,1217
1163-ONYEY,2016-09-01,No,Month-to-month,Yes,Credit_card_(automatic),74.55,3023.55,Male,0,Yes,Yes,DSL,Yes,Yes,Yes,No,Yes,No,Yes,0,2020-02-01,1248
9787-XVQIU,2019-10-01,2019-11-01 00:00:00,Month-to-month,Yes,Electronic_check,75.3,75.3,Male,0,No,No,Fiber_optic,No,No,No,No,No,No,Yes,1,2019-11-01,31
8945-MUQUF,2015-08-01,2019-11-01 00:00:00,One_year,Yes,Electronic_check,94.8,4837.6,Male,0,No,No,Fiber_optic,Yes,Yes,No,No,Yes,No,Yes,1,2019-11-01,1553
5656-MJEFC,2016-08-01,No,Two_year,No,Credit_card_(automatic),48.15,2032.3,Male,0,Yes,Yes,DSL,Yes,No,Yes,Yes,Yes,No,No,0,2020-02-01,1279
6082-OQFBA,2018-03-01,No,One_year,No,Mailed_check,19.65,436.9,Male,0,Yes,Yes,No,No,No,No,No,No,No,No,0,2020-02-01,702
8051-HJRLT,2019-09-01,2019-10-01 00:00:00,Month-to-month,Yes,Electronic_check,70.55,70.55,Female,1,No,No,Fiber_optic,No,No,No,No,No,No,No,1,2019-10-01,30
8974-OVACP,2020-01-01,No,Month-to-month,No,Mailed_check,20.15,20.15,Female,0,No,No,No,No,No,No,No,No,No,No,0,2020-02-01,31
4010-YLMVT,2015-06-01,No,Month-to-month,Yes,Credit_card_(automatic),106.6,5893.95,Female,0,No,No,Fiber_optic,Yes,Yes,No,No,Yes,Yes,Yes,0,2020-02-01,1706
1379-FRVEB,2018-11-01,No,Month-to-month,Yes,Electronic_check,91.0,1430.05,Male,0,No,Yes,Fiber_optic,No,Yes,No,No,Yes,No,Yes,0,2020-02-01,457
8612-GXIDD,2019-02-01,No,Two_year,Yes,Bank_transfer_(automatic),25.4,313.0,Male,0,Yes,Yes,No,No,No,No,No,No,No,Yes,0,2020-02-01,365
6288-CHQJB,2015-08-01,No,Two_year,No,Bank_transfer_(automatic),69.95,3871.85,Female,0,Yes,Yes,DSL,Yes,No,Yes,Yes,No,Yes,No,0,2020-02-01,1645
8160-HOWOX,2019-07-01,No,Month-to-month,Yes,Electronic_check,66.85,458.1,Female,0,No,No,DSL,No,No,No,No,Yes,Yes,No,0,2020-02-01,215
3023-GFLBR,2017-03-01,2019-12-01 00:00:00,Month-to-month,No,Credit_card_(automatic),86.15,2745.7,Female,0,Yes,Yes,Fiber_optic,No,No,No,No,No,Yes,Yes,1,2019-12-01,1005
6648-INWPS,2018-10-01,No,Month-to-month,No,Electronic_check,20.15,341.35,Male,0,Yes,Yes,No,No,No,No,No,No,No,No,0,2020-02-01,488
4223-BKEOR,2018-05-01,No,One_year,No,Mailed_check,64.85,1336.8,Female,0,No,Yes,DSL,Yes,No,Yes,No,No,Yes,No,0,2020-02-01,641
4079-VTGLK,2017-08-01,No,Two_year,No,Electronic_check,74.85,2181.75,Male,1,Yes,No,DSL,No,No,Yes,No,Yes,Yes,Yes,0,2020-02-01,914
1763-WQFUK,2019-11-01,No,Month-to-month,Yes,Mailed_check,50.5,147.75,Male,0,No,No,DSL,No,No,No,Yes,No,No,No,0,2020-02-01,92
1391-UBDAR,2019-03-01,No,Month-to-month,No,Electronic_check,72.9,818.45,Male,0,No,No,Fiber_optic,No,No,Yes,No,No,No,No,0,2020-02-01,337
8894-JVDCV,2014-12-01,No,One_year,Yes,Credit_card_(automatic),115.05,7133.45,Female,0,No,No,Fiber_optic,Yes,Yes,Yes,Yes,Yes,Yes,Yes,0,2020-02-01,1888
2023-VQFDL,2018-08-01,No,Month-to-month,No,Electronic_check,19.0,348.8,Male,0,No,No,No,No,No,No,No,No,No,No,0,2020-02-01,549
1345-GKDZZ,2019-08-01,No,Month-to-month,No,Mailed_check,19.55,128.6,Male,0,No,Yes,No,No,No,No,No,No,No,No,0,2020-02-01,184
2014-MKGMH,2016-04-01,No,One_year,Yes,Electronic_check,101.1,4674.4,Female,0,No,No,Fiber_optic,No,No,Yes,No,Yes,Yes,Yes,0,2020-02-01,1401
5628-FCGYG,2018-05-01,No,Month-to-month,Yes,Electronic_check,84.1,1737.45,Male,0,No,No,Fiber_optic,No,No,No,No,No,Yes,Yes,0,2020-02-01,641
2560-WBWXF,2014-06-01,No,Two_year,Yes,Bank_transfer_(automatic),24.15,1498.85,Male,0,No,No,No,No,No,No,No,No,No,Yes,0,2020-02-01,2071
0248-IPDFW,2020-01-01,No,Month-to-month,Yes,Electronic_check,50.1,50.1,Female,0,No,No,DSL,No,No,No,No,No,No,Yes,0,2020-02-01,31
7978-DKUQH,2018-01-01,No,Month-to-month,Yes,Electronic_check,74.6,1797.75,Female,0,Yes,No,Fiber_optic,No,No,Yes,No,No,No,No,0,2020-02-01,761
4335-UPJSI,2018-02-01,No,Two_year,No,Mailed_check,19.75,498.1,Female,0,No,Yes,No,No,No,No,No,No,No,No,0,2020-02-01,730
0524-IAVZO,2017-05-01,2019-11-01 00:00:00,Month-to-month,Yes,Electronic_check,85.0,2624.25,Female,0,Yes,No,Fiber_optic,No,No,No,No,No,Yes,Yes,1,2019-11-01,914
2737-YNGYW,2019-11-01,2020-01-01 00:00:00,Month-to-month,No,Electronic_check,80.55,184.1,Female,0,No,No,Fiber_optic,No,No,No,No,No,Yes,No,1,2020-01-01,61
1784-EZDKJ,2015-11-01,No,One_year,Yes,Bank_transfer_(automatic),106.8,5498.8,Male,0,Yes,No,Fiber_optic,No,Yes,Yes,No,Yes,Yes,Yes,0,2020-02-01,1553
9297-FVVDH,2015-05-01,No,Two_year,Yes,Electronic_check,84.5,4845.4,Female,0,Yes,Yes,DSL,Yes,No,Yes,Yes,Yes,Yes,Yes,0,2020-02-01,1737
8007-YYPWD,2018-11-01,No,Two_year,No,Bank_transfer_(automatic),25.05,369.1,Female,0,No,No,No,No,No,No,No,No,No,Yes,0,2020-02-01,457
7101-HRBLJ,2014-02-01,No,Two_year,Yes,Bank_transfer_(automatic),83.7,6096.9,Female,0,Yes,Yes,DSL,Yes,Yes,Yes,Yes,Yes,Yes,No,0,2020-02-01,2191
5159-YFPKQ,2019-11-01,2020-01-01 00:00:00,Month-to-month,Yes,Electronic_check,75.8,160.75,Female,0,No,No,Fiber_optic,No,No,Yes,No,No,No,No,1,2020-01-01,61
6635-CPNUN,2017-10-01,No,Month-to-month,No,Credit_card_(automatic),96.6,2684.35,Male,0,Yes,No,Fiber_optic,No,Yes,Yes,No,Yes,No,Yes,0,2020-02-01,853
4021-RQSNY,2017-05-01,2019-10-01 00:00:00,Month-to-month,Yes,Electronic_check,98.5,3004.15,Male,1,Yes,No,Fiber_optic,No,No,Yes,No,Yes,Yes,Yes,1,2019-10-01,883
5453-YBTWV,2014-04-01,No,Two_year,Yes,Credit_card_(automatic),101.1,6994.8,Male,0,Yes,Yes,Fiber_optic,Yes,Yes,Yes,Yes,Yes,No,No,0,2020-02-01,2132
5039-LZRQT,2019-01-01,No,One_year,No,Mailed_check,20.2,273.25,Female,0,No,No,No,No,No,No,No,No,No,No,0,2020-02-01,396
2931-VUVJN,2015-03-01,No,One_year,Yes,Electronic_check,94.05,5483.9,Female,1,Yes,No,Fiber_optic,Yes,Yes,Yes,Yes,No,No,Yes,0,2020-02-01,1798
9061-TIHDA,2018-11-01,2019-12-01 00:00:00,Month-to-month,Yes,Electronic_check,95.25,1233.65,Male,1,Yes,No,Fiber_optic,No,No,No,No,Yes,Yes,Yes,1,2019-12-01,395
8699-ASUFO,2019-06-01,2020-01-01 00:00:00,Month-to-month,Yes,Mailed_check,74.4,527.9,Male,1,Yes,No,Fiber_optic,No,No,No,No,No,No,Yes,1,2020-01-01,214
6418-PIQSP,2014-12-01,No,Two_year,No,Mailed_check,81.0,4985.9,Female,0,Yes,No,DSL,Yes,No,Yes,Yes,Yes,Yes,No,0,2020-02-01,1888
8220-OCUFY,2018-05-01,No,One_year,Yes,Electronic_check,60.25,1258.35,Female,0,No,No,DSL,Yes,No,Yes,Yes,No,No,No,0,2020-02-01,641
3995-WFCSM,2019-12-01,No,Month-to-month,No,Electronic_check,60.85,111.4,Female,0,No,No,DSL,No,No,Yes,No,No,Yes,No,0,2020-02-01,62
1895-QTKDO,2020-01-01,No,Month-to-month,No,Credit_card_(automatic),43.95,43.95,Female,0,No,No,DSL,No,No,No,No,No,No,No,0,2020-02-01,31
2038-OEQZH,2019-10-01,No,Month-to-month,No,Electronic_check,86.05,308.1,Male,0,No,No,Fiber_optic,No,No,Yes,No,No,Yes,No,0,2020-02-01,123
1178-PZGAB,2018-07-01,No,One_year,No,Credit_card_(automatic),20.25,383.65,Female,0,No,No,No,No,No,No,No,No,No,No,0,2020-02-01,580
7927-AUXBZ,2017-07-01,2020-01-01 00:00:00,Month-to-month,No,Electronic_check,85.15,2555.9,Female,0,No,No,Fiber_optic,No,No,No,Yes,Yes,No,No,1,2020-01-01,914
2626-VEEWG,2014-07-01,No,Two_year,Yes,Credit_card_(automatic),19.4,1284.2,Male,0,Yes,Yes,No,No,No,No,No,No,No,No,0,2020-02-01,2041
2878-RMWXY,2014-02-01,No,Two_year,Yes,Credit_card_(automatic),102.65,7550.3,Male,1,Yes,No,Fiber_optic,Yes,Yes,Yes,No,No,Yes,Yes,0,2020-02-01,2191
1657-DYMBM,2015-09-01,No,Two_year,No,Credit_card_(automatic),19.9,1110.05,Male,0,Yes,No,No,No,No,No,No,No,No,No,0,2020-02-01,1614
7311-MQJCH,2019-09-01,No,One_year,No,Electronic_check,19.55,99.6,Female,0,No,No,No,No,No,No,No,No,No,No,0,2020-02-01,153
7375-WMVMT,2014-03-01,No,Two_year,Yes,Credit_card_(automatic),95.5,6707.15,Male,1,Yes,No,Fiber_optic,No,Yes,Yes,Yes,No,Yes,No,0,2020-02-01,2163
1136-XGEQU,2015-12-01,No,One_year,Yes,Credit_card_(automatic),84.15,4164.4,Female,0,Yes,Yes,DSL,No,Yes,Yes,Yes,Yes,Yes,Yes,0,2020-02-01,1523
2530-FMFXO,2015-06-01,No,Two_year,Yes,Electronic_check,103.2,5873.75,Male,0,Yes,Yes,Fiber_optic,No,No,Yes,Yes,Yes,Yes,Yes,0,2020-02-01,1706
6844-DZKRF,2019-12-01,No,Month-to-month,Yes,Credit_card_(automatic),50.2,109.25,Male,0,No,No,DSL,No,No,No,Yes,No,No,No,0,2020-02-01,62
4695-WJZUE,2019-11-01,2020-01-01 00:00:00,Month-to-month,Yes,Electronic_check,88.55,179.25,Female,1,No,No,Fiber_optic,No,No,Yes,No,No,Yes,Yes,1,2020-01-01,61
7619-ODSGN,2018-01-01,2020-01-01 00:00:00,Month-to-month,No,Electronic_check,54.75,1338.15,Male,0,Yes,Yes,DSL,Yes,No,No,No,No,No,Yes,1,2020-01-01,730
5970-GHJAW,2016-04-01,No,Two_year,No,Credit_card_(automatic),19.95,862.4,Male,0,Yes,Yes,No,No,No,No,No,No,No,No,0,2020-02-01,1401
8879-XUAHX,2014-03-01,No,Two_year,Yes,Electronic_check,116.25,8564.75,Male,0,Yes,No,Fiber_optic,Yes,Yes,Yes,Yes,Yes,Yes,Yes,0,2020-02-01,2163
3689-MOZGR,2017-09-01,No,Month-to-month,Yes,Electronic_check,31.2,926.2,Female,0,No,No,DSL,No,No,No,Yes,No,No,No,0,2020-02-01,883
4195-PNGZS,2014-05-01,No,Two_year,No,Bank_transfer_(automatic),24.45,1718.2,Male,0,Yes,Yes,No,No,No,No,No,No,No,Yes,0,2020-02-01,2102
5003-XZWWO,2014-03-01,No,Two_year,No,Credit_card_(automatic),84.2,5956.85,Male,0,Yes,No,DSL,No,Yes,Yes,Yes,Yes,Yes,Yes,0,2020-02-01,2163
3988-RQIXO,2019-10-01,2019-11-01 00:00:00,Month-to-month,Yes,Electronic_check,91.3,91.3,Female,1,No,No,Fiber_optic,No,No,No,No,Yes,Yes,No,1,2019-11-01,31
7622-FWGEW,2015-06-01,No,Two_year,Yes,Bank_transfer_(automatic),85.65,4824.45,Male,1,Yes,No,DSL,Yes,Yes,Yes,Yes,Yes,Yes,No,0,2020-02-01,1706
6922-NCEDI,2015-06-01,No,One_year,Yes,Mailed_check,21.2,1238.65,Male,0,No,Yes,No,No,No,No,No,No,No,No,0,2020-02-01,1706
2514-GINMM,2019-09-01,2019-10-01 00:00:00,Month-to-month,Yes,Electronic_check,79.5,79.5,Male,0,No,No,Fiber_optic,No,No,No,No,Yes,No,No,1,2019-10-01,30
9891-NQDBD,2017-10-01,No,One_year,No,Mailed_check,25.55,672.2,Female,0,Yes,No,No,No,No,No,No,No,No,Yes,0,2020-02-01,853
6131-IUNXN,2018-07-01,No,Month-to-month,No,Mailed_check,20.2,382.2,Female,0,Yes,Yes,No,No,No,No,No,No,No,No,0,2020-02-01,580
8548-AWOFC,2014-08-01,No,Month-to-month,No,Electronic_check,63.85,4264.6,Male,0,Yes,No,DSL,No,No,No,Yes,No,Yes,Yes,0,2020-02-01,2010
9798-DRYDS,2018-09-01,No,One_year,Yes,Mailed_check,61.95,1070.7,Female,0,Yes,Yes,DSL,No,No,Yes,Yes,No,No,Yes,0,2020-02-01,518
8532-UEFWH,2015-10-01,No,Two_year,No,Mailed_check,25.75,1345.85,Male,0,Yes,Yes,No,No,No,No,No,No,No,Yes,0,2020-02-01,1584
6296-DDOOR,2018-07-01,No,One_year,No,Electronic_check,58.2,1045.25,Female,0,No,No,DSL,No,Yes,No,No,Yes,No,No,0,2020-02-01,580
7951-VRDVK,2017-02-01,No,One_year,No,Bank_transfer_(automatic),85.85,3003.55,Female,0,No,No,DSL,Yes,Yes,Yes,Yes,Yes,Yes,No,0,2020-02-01,1095
5931-FLJJF,2019-05-01,2019-12-01 00:00:00,Month-to-month,Yes,Mailed_check,70.1,467.55,Male,1,Yes,No,Fiber_optic,No,No,No,No,No,No,No,1,2019-12-01,214
4815-YOSUK,2014-02-01,No,One_year,Yes,Credit_card_(automatic),104.9,7537.5,Male,0,Yes,Yes,Fiber_optic,Yes,Yes,Yes,Yes,No,Yes,Yes,0,2020-02-01,2191
2659-VXMWZ,2014-05-01,2019-12-01 00:00:00,One_year,Yes,Electronic_check,111.3,7482.1,Male,0,Yes,Yes,Fiber_optic,Yes,Yes,Yes,No,Yes,Yes,Yes,1,2019-12-01,2040
0380-NEAVX,2017-04-01,No,One_year,Yes,Electronic_check,99.85,3343.15,Male,1,No,No,Fiber_optic,No,Yes,Yes,No,Yes,Yes,No,0,2020-02-01,1036
3207-OYBWH,2015-03-01,2019-12-01 00:00:00,Month-to-month,Yes,Bank_transfer_(automatic),95.25,5427.05,Male,1,Yes,No,Fiber_optic,No,Yes,Yes,No,No,Yes,Yes,1,2019-12-01,1736
4285-GYRQC,2019-03-01,2019-10-01 00:00:00,Month-to-month,Yes,Electronic_check,86.25,587.1,Female,0,Yes,No,Fiber_optic,No,No,Yes,No,Yes,No,No,1,2019-10-01,214
7216-EWTRS,2019-11-01,2019-12-01 00:00:00,Month-to-month,Yes,Electronic_check,100.8,100.8,Female,1,Yes,No,Fiber_optic,No,No,Yes,No,Yes,Yes,Yes,1,2019-12-01,30
4365-MSDYN,2019-06-01,No,Month-to-month,Yes,Bank_transfer_(automatic),19.55,161.15,Male,0,Yes,No,No,No,No,No,No,No,No,No,0,2020-02-01,245
7036-TYDEC,2014-05-01,No,Two_year,No,Electronic_check,104.0,7028.5,Female,0,No,No,Fiber_optic,No,No,Yes,Yes,Yes,Yes,Yes,0,2020-02-01,2102
5802-ADBRC,2015-12-01,No,One_year,Yes,Mailed_check,104.4,5232.9,Female,0,Yes,No,Fiber_optic,Yes,No,Yes,No,Yes,Yes,Yes,0,2020-02-01,1523
8076-FEZKJ,2019-04-01,No,One_year,No,Mailed_check,19.5,225.85,Male,0,No,No,No,No,No,No,No,No,No,No,0,2020-02-01,306
5197-YPYBZ,2019-02-01,No,Two_year,No,Credit_card_(automatic),25.25,274.7,Female,0,Yes,Yes,No,No,No,No,No,No,No,Yes,0,2020-02-01,365
8337-MSSXB,2018-09-01,2019-11-01 00:00:00,Month-to-month,Yes,Electronic_check,86.3,1180.95,Female,0,No,No,Fiber_optic,No,Yes,No,No,No,Yes,No,1,2019-11-01,426
4312-GVYNH,2014-04-01,No,Two_year,Yes,Bank_transfer_(automatic),49.85,3370.2,Female,0,Yes,No,DSL,Yes,No,Yes,Yes,No,Yes,No,0,2020-02-01,2132
8495-LJDFO,2014-10-01,No,Month-to-month,Yes,Bank_transfer_(automatic),108.95,7111.3,Female,1,No,No,Fiber_optic,Yes,No,Yes,Yes,Yes,Yes,Yes,0,2020-02-01,1949
0839-JTCUD,2014-08-01,No,Two_year,No,Credit_card_(automatic),89.9,5958.85,Female,0,Yes,Yes,DSL,Yes,Yes,Yes,Yes,Yes,Yes,Yes,0,2020-02-01,2010
5494-WOZRZ,2014-03-01,No,Two_year,Yes,Credit_card_(automatic),82.0,5999.85,Female,0,Yes,Yes,DSL,Yes,No,Yes,Yes,Yes,Yes,No,0,2020-02-01,2163
1302-UHBDD,2018-06-01,No,Month-to-month,No,Electronic_check,89.95,1648.45,Male,1,No,No,Fiber_optic,No,No,No,No,Yes,Yes,No,0,2020-02-01,610
2234-EOFPT,2014-02-01,No,Two_year,Yes,Bank_transfer_(automatic),79.35,5753.25,Male,0,Yes,No,DSL,Yes,Yes,No,Yes,Yes,Yes,No,0,2020-02-01,2191
8619-IJNDK,2014-03-01,No,Two_year,No,Credit_card_(automatic),64.05,4492.9,Female,0,Yes,Yes,DSL,Yes,Yes,Yes,Yes,No,No,No,0,2020-02-01,2163
8378-LKJAF,2016-12-01,No,Month-to-month,Yes,Credit_card_(automatic),101.15,3956.7,Male,0,Yes,Yes,Fiber_optic,No,No,Yes,No,Yes,Yes,Yes,0,2020-02-01,1157
8182-BJDSI,2017-07-01,2019-11-01 00:00:00,Month-to-month,Yes,Electronic_check,89.95,2625.55,Female,0,No,No,Fiber_optic,No,Yes,No,No,No,Yes,Yes,1,2019-11-01,853
2528-HFYZX,2018-07-01,2019-12-01 00:00:00,Month-to-month,Yes,Electronic_check,76.45,1233.4,Male,1,Yes,No,Fiber_optic,No,Yes,No,No,No,No,No,1,2019-12-01,518
1153-GNOLC,2017-05-01,No,One_year,Yes,Electronic_check,39.1,1309.0,Male,0,No,No,DSL,No,Yes,No,No,Yes,No,No,0,2020-02-01,1006
3298-QEICA,2018-03-01,No,Two_year,No,Mailed_check,34.6,813.45,Female,0,Yes,Yes,DSL,Yes,No,No,Yes,No,No,No,0,2020-02-01,702
0788-DXBFY,2015-04-01,No,One_year,Yes,Electronic_check,19.55,1108.8,Male,0,Yes,Yes,No,No,No,No,No,No,No,No,0,2020-02-01,1767
3597-YASZG,2014-04-01,No,Two_year,Yes,Bank_transfer_(automatic),104.45,7349.35,Female,1,Yes,No,Fiber_optic,No,Yes,No,Yes,Yes,Yes,Yes,0,2020-02-01,2132
3496-LFSZU,2019-10-01,No,Month-to-month,No,Electronic_check,70.5,294.2,Male,0,Yes,No,Fiber_optic,No,No,No,No,No,No,No,0,2020-02-01,123
5242-UOWHD,2016-05-01,No,Two_year,No,Mailed_check,20.35,929.2,Male,0,Yes,Yes,No,No,No,No,No,No,No,No,0,2020-02-01,1371
2482-CZGBB,2019-02-01,2019-12-01 00:00:00,Month-to-month,Yes,Electronic_check,70.0,740.0,Male,0,No,No,Fiber_optic,No,No,No,No,No,No,No,1,2019-12-01,303
6479-SZPLM,2017-02-01,No,Two_year,No,Credit_card_(automatic),19.45,754.5,Male,0,Yes,Yes,No,No,No,No,No,No,No,No,0,2020-02-01,1095
8097-VBQTZ,2015-08-01,No,Month-to-month,Yes,Mailed_check,69.9,3883.3,Male,0,No,No,DSL,Yes,Yes,No,Yes,Yes,No,No,0,2020-02-01,1645
4500-HKANN,2018-03-01,No,Two_year,No,Mailed_check,59.7,1414.2,Male,0,Yes,Yes,DSL,No,Yes,No,Yes,No,No,Yes,0,2020-02-01,702
9917-KWRBE,2016-09-01,No,One_year,Yes,Credit_card_(automatic),78.35,3211.2,Female,0,Yes,Yes,DSL,Yes,Yes,Yes,No,Yes,No,Yes,0,2020-02-01,1248
3420-ZDBMA,2019-09-01,No,Month-to-month,Yes,Mailed_check,71.45,371.6,Male,1,No,No,Fiber_optic,No,No,No,No,No,No,No,0,2020-02-01,153
2212-LYASK,2017-11-01,No,One_year,Yes,Credit_card_(automatic),45.85,1246.4,Male,0,Yes,Yes,DSL,No,Yes,Yes,No,No,Yes,No,0,2020-02-01,822
1393-IMKZG,2020-01-01,No,Month-to-month,Yes,Electronic_check,95.85,95.85,Female,0,No,No,Fiber_optic,No,No,No,Yes,Yes,Yes,No,0,2020-02-01,31
8069-RHUXK,2014-07-01,No,Two_year,No,Credit_card_(automatic),35.7,2545.7,Female,0,Yes,Yes,DSL,Yes,No,No,Yes,No,No,No,0,2020-02-01,2041
3398-GCPMU,2014-02-01,No,Two_year,Yes,Credit_card_(automatic),89.55,6448.85,Female,1,Yes,Yes,DSL,Yes,Yes,Yes,Yes,Yes,Yes,Yes,0,2020-02-01,2191
2908-WGAXL,2015-06-01,No,Two_year,Yes,Credit_card_(automatic),24.95,1468.9,Female,0,Yes,Yes,No,No,No,No,No,No,No,Yes,0,2020-02-01,1706
3378-AJRAO,2016-06-01,No,One_year,No,Electronic_check,24.85,1013.6,Male,0,Yes,Yes,No,No,No,No,No,No,No,Yes,0,2020-02-01,1340
1013-QCWAM,2014-08-01,No,Month-to-month,Yes,Electronic_check,100.8,6690.75,Female,1,Yes,No,Fiber_optic,No,Yes,No,No,Yes,Yes,Yes,0,2020-02-01,2010
0866-QLSIR,2017-01-01,2019-11-01 00:00:00,One_year,Yes,Mailed_check,64.4,2088.75,Female,0,No,No,DSL,Yes,Yes,No,Yes,No,No,Yes,1,2019-11-01,1034
6050-FFXES,2014-05-01,No,Two_year,No,Bank_transfer_(automatic),105.35,7240.65,Female,0,Yes,No,Fiber_optic,No,No,Yes,Yes,Yes,Yes,Yes,0,2020-02-01,2102
7181-BQYBV,2019-10-01,2019-11-01 00:00:00,Month-to-month,Yes,Electronic_check,102.45,102.45,Female,0,Yes,Yes,Fiber_optic,Yes,No,Yes,No,Yes,Yes,Yes,1,2019-11-01,31
0362-RAOQO,2016-10-01,No,Two_year,No,Credit_card_(automatic),19.65,830.25,Female,0,No,No,No,No,No,No,No,No,No,No,0,2020-02-01,1218
9554-DFKIC,2017-08-01,No,Month-to-month,Yes,Bank_transfer_(automatic),54.45,1588.7,Male,0,Yes,Yes,DSL,Yes,No,No,No,No,No,Yes,0,2020-02-01,914
5527-ACHSO,2019-03-01,No,Month-to-month,No,Mailed_check,70.5,829.3,Female,0,No,No,DSL,No,No,No,Yes,Yes,Yes,No,0,2020-02-01,337
0829-DDVLK,2018-11-01,No,One_year,No,Credit_card_(automatic),20.1,302.45,Female,0,No,No,No,No,No,No,No,No,No,No,0,2020-02-01,457
1399-UBQIU,2019-03-01,No,Month-to-month,Yes,Electronic_check,69.35,712.25,Male,0,No,No,DSL,No,No,Yes,No,Yes,Yes,No,0,2020-02-01,337
1813-JLKWR,2014-10-01,No,One_year,No,Bank_transfer_(automatic),19.8,1336.65,Female,0,Yes,Yes,No,No,No,No,No,No,No,No,0,2020-02-01,1949
0336-PIKEI,2014-02-01,No,Two_year,No,Bank_transfer_(automatic),74.4,5360.75,Male,1,Yes,No,DSL,Yes,Yes,Yes,Yes,Yes,No,No,0,2020-02-01,2191
7322-OCWHC,2014-02-01,No,Two_year,Yes,Bank_transfer_(automatic),93.05,6735.05,Male,1,Yes,No,Fiber_optic,Yes,Yes,Yes,Yes,No,No,Yes,0,2020-02-01,2191
9537-VHDTA,2020-01-01,No,Month-to-month,No,Mailed_check,51.2,51.2,Female,0,No,Yes,DSL,Yes,No,No,No,No,No,No,0,2020-02-01,31
4957-TIALW,2018-11-01,No,One_year,No,Credit_card_(automatic),65.6,1010.0,Female,0,No,Yes,DSL,Yes,Yes,Yes,Yes,No,No,No,0,2020-02-01,457
2054-PJOCK,2015-02-01,No,One_year,No,Credit_card_(automatic),80.55,4847.05,Female,0,No,No,DSL,No,No,Yes,Yes,Yes,Yes,Yes,0,2020-02-01,1826
9150-HEPMB,2015-06-01,No,One_year,No,Mailed_check,52.7,3019.7,Male,0,No,No,DSL,Yes,No,Yes,No,No,No,No,0,2020-02-01,1706
9030-QGZNL,2019-06-01,No,Two_year,No,Mailed_check,20.85,161.65,Female,0,No,No,No,No,No,No,No,No,No,No,0,2020-02-01,245
6204-IEUXJ,2019-08-01,2019-11-01 00:00:00,Month-to-month,No,Credit_card_(automatic),80.1,217.55,Female,0,No,No,Fiber_optic,No,No,Yes,Yes,No,No,No,1,2019-11-01,92
3126-WQMGH,2016-01-01,No,Month-to-month,Yes,Credit_card_(automatic),52.15,2583.75,Female,0,Yes,No,DSL,No,No,No,No,No,No,Yes,0,2020-02-01,1492
4529-CKBCL,2019-11-01,2020-01-01 00:00:00,Month-to-month,Yes,Electronic_check,80.2,146.05,Female,0,No,No,Fiber_optic,No,No,No,No,Yes,No,No,1,2020-01-01,61
2506-CLAKW,2019-05-01,2019-11-01 00:00:00,Month-to-month,Yes,Bank_transfer_(automatic),98.15,567.45,Female,0,No,No,Fiber_optic,Yes,Yes,Yes,Yes,No,Yes,No,1,2019-11-01,184
7176-WRTNX,2014-04-01,No,Two_year,Yes,Bank_transfer_(automatic),114.95,7711.25,Male,0,No,No,Fiber_optic,Yes,Yes,Yes,Yes,Yes,Yes,Yes,0,2020-02-01,2132
1583-IHQZE,2018-11-01,2019-11-01 00:00:00,Month-to-month,Yes,Mailed_check,112.95,1384.75,Male,0,No,No,Fiber_optic,No,Yes,Yes,Yes,Yes,Yes,Yes,1,2019-11-01,365
5732-IKGQH,2015-10-01,No,One_year,Yes,Bank_transfer_(automatic),104.45,5481.25,Male,1,Yes,No,Fiber_optic,Yes,No,Yes,Yes,Yes,Yes,No,0,2020-02-01,1584
9239-GZHZE,2014-02-01,No,Two_year,Yes,Credit_card_(automatic),113.65,8124.2,Female,0,Yes,No,Fiber_optic,Yes,Yes,Yes,Yes,Yes,Yes,Yes,0,2020-02-01,2191
7205-BAIAD,2016-10-01,No,Two_year,Yes,Bank_transfer_(automatic),20.6,827.3,Female,0,No,No,No,No,No,No,No,No,No,No,0,2020-02-01,1218
0151-ONTOV,2019-11-01,2019-12-01 00:00:00,Month-to-month,No,Mailed_check,70.9,70.9,Female,0,No,No,Fiber_optic,No,No,No,No,No,No,No,1,2019-12-01,30
4140-MUHUG,2019-08-01,2019-11-01 00:00:00,Month-to-month,Yes,Electronic_check,86.85,220.95,Female,1,No,No,Fiber_optic,No,No,Yes,No,Yes,No,No,1,2019-11-01,92
0093-EXYQL,2016-10-01,No,Month-to-month,Yes,Electronic_check,91.55,3673.6,Female,1,No,No,Fiber_optic,No,No,No,No,Yes,Yes,No,0,2020-02-01,1218
8064-RAVOH,2020-01-01,No,Month-to-month,Yes,Electronic_check,49.85,49.85,Male,0,No,Yes,DSL,No,No,Yes,No,No,No,No,0,2020-02-01,31
0219-QAERP,2017-08-01,No,One_year,No,Credit_card_(automatic),19.8,576.65,Male,0,Yes,No,No,No,No,No,No,No,No,No,0,2020-02-01,914
0320-JDNQG,2017-12-01,2019-11-01 00:00:00,Month-to-month,Yes,Electronic_check,99.85,2331.3,Male,0,Yes,Yes,Fiber_optic,Yes,No,No,Yes,Yes,Yes,No,1,2019-11-01,700
7180-PISOG,2019-11-01,2019-12-01 00:00:00,Month-to-month,Yes,Electronic_check,74.5,74.5,Male,0,Yes,Yes,Fiber_optic,No,No,No,No,No,No,Yes,1,2019-12-01,30
9168-INPSZ,2016-06-01,No,Month-to-month,No,Electronic_check,104.15,4495.65,Female,1,Yes,No,Fiber_optic,No,No,Yes,Yes,Yes,Yes,Yes,0,2020-02-01,1340
3571-RFHAR,2014-08-01,2020-01-01 00:00:00,Month-to-month,Yes,Electronic_check,109.15,6941.2,Male,0,No,No,Fiber_optic,No,Yes,Yes,Yes,Yes,Yes,Yes,1,2020-01-01,1979
0015-UOCOJ,2019-07-01,No,Month-to-month,Yes,Electronic_check,48.2,340.35,Female,1,No,No,DSL,Yes,No,No,No,No,No,No,0,2020-02-01,215
5334-AFQJB,2014-02-01,No,Two_year,Yes,Credit_card_(automatic),25.1,1789.9,Male,1,No,No,No,No,No,No,No,No,No,Yes,0,2020-02-01,2191
2754-SDJRD,2019-06-01,No,Month-to-month,Yes,Credit_card_(automatic),100.15,908.55,Female,1,No,No,Fiber_optic,No,No,No,Yes,Yes,Yes,Yes,0,2020-02-01,245
9578-VRMNM,2018-08-01,2019-12-01 00:00:00,Month-to-month,Yes,Credit_card_(automatic),65.2,1043.35,Female,0,No,No,DSL,No,No,Yes,No,No,Yes,Yes,1,2019-12-01,487
1587-FKLZB,2014-07-01,2020-01-01 00:00:00,Month-to-month,Yes,Credit_card_(automatic),99.5,6822.15,Male,1,Yes,Yes,Fiber_optic,No,No,Yes,No,Yes,Yes,Yes,1,2020-01-01,2010
6140-QNRQQ,2019-10-01,2019-11-01 00:00:00,Month-to-month,Yes,Mailed_check,71.55,71.55,Male,0,No,No,Fiber_optic,No,No,No,No,No,No,No,1,2019-11-01,31
8963-JLGJT,2019-11-01,No,Month-to-month,No,Mailed_check,55.9,157.55,Male,0,No,Yes,DSL,Yes,No,Yes,No,No,No,No,0,2020-02-01,92
4307-KTUMW,2015-05-01,2019-10-01 00:00:00,Month-to-month,No,Electronic_check,93.9,5029.2,Male,0,Yes,No,Fiber_optic,Yes,No,Yes,No,No,Yes,Yes,1,2019-10-01,1614
1465-LNTLJ,2019-06-01,No,Month-to-month,Yes,Credit_card_(automatic),64.4,581.7,Male,1,Yes,No,DSL,No,No,Yes,Yes,No,Yes,No,0,2020-02-01,245
5440-FLBQG,2014-02-01,2019-11-01 00:00:00,Two_year,Yes,Bank_transfer_(automatic),108.4,7318.2,Male,1,Yes,No,Fiber_optic,No,Yes,Yes,Yes,Yes,Yes,Yes,1,2019-11-01,2099
2135-DQWAQ,2019-09-01,No,Month-to-month,Yes,Mailed_check,85.3,420.45,Female,0,No,No,Fiber_optic,No,Yes,No,No,Yes,No,No,0,2020-02-01,153
4056-QHXHZ,2014-02-01,No,Two_year,No,Mailed_check,107.45,7576.7,Female,0,Yes,Yes,Fiber_optic,Yes,No,Yes,Yes,Yes,Yes,Yes,0,2020-02-01,2191
7470-MCQTK,2018-09-01,2019-10-01 00:00:00,Month-to-month,Yes,Bank_transfer_(automatic),48.75,633.4,Female,0,Yes,No,DSL,No,No,Yes,No,Yes,Yes,No,1,2019-10-01,395
7488-MXJIV,2019-06-01,2019-10-01 00:00:00,Month-to-month,Yes,Electronic_check,85.65,321.65,Female,0,No,No,Fiber_optic,No,No,No,No,Yes,No,Yes,1,2019-10-01,122
7401-JIXNM,2015-08-01,No,Two_year,No,Credit_card_(automatic),91.3,4965.0,Female,0,Yes,Yes,DSL,Yes,Yes,Yes,Yes,Yes,Yes,Yes,0,2020-02-01,1645
9339-FIIJL,2014-02-01,No,Two_year,No,Bank_transfer_(automatic),85.95,6151.9,Male,0,Yes,No,DSL,No,Yes,Yes,Yes,Yes,Yes,Yes,0,2020-02-01,2191
2027-FECZV,2018-10-01,2019-10-01 00:00:00,Month-to-month,Yes,Electronic_check,106.7,1253.9,Male,0,No,No,Fiber_optic,No,Yes,Yes,No,Yes,Yes,Yes,1,2019-10-01,365
2672-DZUOY,2019-11-01,2019-12-01 00:00:00,Month-to-month,Yes,Electronic_check,25.15,25.15,Male,0,No,No,DSL,No,No,No,No,No,No,No,1,2019-12-01,30
4706-DGAHW,2020-01-01,No,Month-to-month,No,Electronic_check,45.2,45.2,Male,1,No,No,DSL,No,No,No,No,No,No,No,0,2020-02-01,31
3870-MQAMG,2015-05-01,2019-11-01 00:00:00,One_year,No,Electronic_check,110.35,5893.15,Female,0,Yes,No,Fiber_optic,No,Yes,Yes,Yes,Yes,Yes,Yes,1,2019-11-01,1645
6670-MFRPK,2014-05-01,No,Two_year,Yes,Credit_card_(automatic),79.2,5420.65,Male,0,Yes,Yes,Fiber_optic,No,No,Yes,No,No,No,Yes,0,2020-02-01,2102
6177-PEVRA,2016-02-01,No,Two_year,No,Credit_card_(automatic),55.5,2627.35,Female,0,No,No,DSL,Yes,Yes,No,No,No,No,No,0,2020-02-01,1461
4800-CZMPC,2015-10-01,2019-10-01 00:00:00,One_year,Yes,Credit_card_(automatic),103.25,5037.55,Female,0,Yes,Yes,Fiber_optic,Yes,Yes,No,No,Yes,Yes,Yes,1,2019-10-01,1461
4813-HQMGZ,2019-06-01,No,Month-to-month,Yes,Electronic_check,90.25,743.75,Female,0,Yes,No,Fiber_optic,No,No,No,Yes,No,Yes,Yes,0,2020-02-01,245
7579-KKLOE,2014-03-01,No,Two_year,Yes,Mailed_check,91.25,6589.6,Male,0,Yes,Yes,DSL,Yes,Yes,Yes,Yes,Yes,Yes,Yes,0,2020-02-01,2163
7377-DMMRI,2019-10-01,2019-12-01 00:00:00,Month-to-month,Yes,Electronic_check,47.8,92.45,Male,0,No,No,DSL,Yes,No,No,No,No,No,No,1,2019-12-01,61
8402-EIVQS,2014-07-01,No,One_year,Yes,Credit_card_(automatic),100.9,6733.15,Male,0,Yes,No,Fiber_optic,Yes,Yes,No,No,Yes,Yes,No,0,2020-02-01,2041
4947-DSMXK,2017-04-01,No,Month-to-month,Yes,Bank_transfer_(automatic),97.7,3410.0,Male,0,Yes,Yes,Fiber_optic,No,Yes,No,No,Yes,Yes,Yes,0,2020-02-01,1036
7245-NIIWQ,2019-11-01,No,Month-to-month,Yes,Electronic_check,69.85,199.85,Female,0,No,No,Fiber_optic,No,No,No,No,No,No,No,0,2020-02-01,92
0002-ORFBO,2019-05-01,No,One_year,Yes,Mailed_check,65.6,593.3,Female,0,Yes,Yes,DSL,No,Yes,No,Yes,Yes,No,No,0,2020-02-01,276
3324-OIRTO,2014-03-01,No,One_year,Yes,Bank_transfer_(automatic),104.65,7288.4,Male,0,Yes,Yes,Fiber_optic,Yes,Yes,Yes,No,Yes,Yes,No,0,2020-02-01,2163
5414-OFQCB,2015-05-01,No,Two_year,Yes,Credit_card_(automatic),90.45,5229.8,Male,0,No,No,Fiber_optic,No,No,No,Yes,Yes,No,Yes,0,2020-02-01,1737
4967-WPNCF,2014-02-01,No,Two_year,Yes,Bank_transfer_(automatic),63.7,4464.8,Male,0,No,No,DSL,Yes,Yes,Yes,Yes,Yes,Yes,No,0,2020-02-01,2191
8552-OBVRU,2016-02-01,No,Month-to-month,Yes,Electronic_check,104.5,5068.05,Female,1,Yes,Yes,Fiber_optic,Yes,No,Yes,Yes,Yes,Yes,No,0,2020-02-01,1461
8499-BRXTD,2018-08-01,No,One_year,No,Mailed_check,20.1,401.85,Male,0,No,No,No,No,No,No,No,No,No,No,0,2020-02-01,549
9154-QDGTH,2016-07-01,No,One_year,Yes,Credit_card_(automatic),104.3,4451.85,Male,0,Yes,Yes,Fiber_optic,No,No,Yes,Yes,Yes,Yes,Yes,0,2020-02-01,1310
8197-BFWVU,2014-02-01,No,Two_year,Yes,Bank_transfer_(automatic),93.25,6688.95,Female,0,Yes,Yes,DSL,Yes,Yes,Yes,Yes,Yes,Yes,Yes,0,2020-02-01,2191
2577-GVSIL,2017-03-01,No,One_year,Yes,Bank_transfer_(automatic),73.45,2661.1,Male,0,Yes,Yes,DSL,No,No,No,Yes,Yes,Yes,Yes,0,2020-02-01,1067
9367-OIUXP,2019-10-01,No,Month-to-month,No,Mailed_check,20.7,73.05,Male,0,No,No,No,No,No,No,No,No,No,No,0,2020-02-01,123
6770-UAYGJ,2016-01-01,No,Two_year,No,Mailed_check,25.25,1211.65,Female,0,Yes,Yes,No,No,No,No,No,No,No,Yes,0,2020-02-01,1492
6463-HHXJR,2014-03-01,No,Two_year,No,Bank_transfer_(automatic),100.5,7030.65,Female,0,Yes,Yes,Fiber_optic,Yes,Yes,Yes,No,Yes,No,Yes,0,2020-02-01,2163
7928-VJYAB,2019-03-01,No,Month-to-month,No,Electronic_check,90.6,1020.2,Male,0,Yes,Yes,Fiber_optic,No,No,No,No,Yes,Yes,No,0,2020-02-01,337
1187-WILMM,2014-11-01,No,Two_year,Yes,Credit_card_(automatic),89.4,5597.65,Male,0,Yes,Yes,DSL,Yes,Yes,Yes,Yes,Yes,Yes,Yes,0,2020-02-01,1918
9776-OJUZI,2014-09-01,No,Month-to-month,Yes,Bank_transfer_(automatic),95.45,6223.3,Female,1,No,No,Fiber_optic,No,Yes,Yes,No,Yes,No,Yes,0,2020-02-01,1979
1306-RPWXZ,2016-01-01,No,Two_year,No,Credit_card_(automatic),20.45,1024.65,Female,0,No,Yes,No,No,No,No,No,No,No,No,0,2020-02-01,1492
8949-JTMAY,2017-07-01,2019-12-01 00:00:00,Month-to-month,Yes,Credit_card_(automatic),98.6,2933.2,Female,0,No,No,Fiber_optic,No,No,Yes,No,Yes,Yes,Yes,1,2019-12-01,883
2774-LVQUS,2018-10-01,2020-01-01 00:00:00,Month-to-month,Yes,Electronic_check,83.05,1258.3,Female,1,Yes,No,Fiber_optic,No,No,Yes,Yes,No,No,Yes,1,2020-01-01,457
3097-PYWXL,2019-10-01,No,Month-to-month,Yes,Electronic_check,19.95,82.9,Female,0,Yes,Yes,No,No,No,No,No,No,No,No,0,2020-02-01,123
2266-SJNAT,2014-02-01,No,One_year,No,Credit_card_(automatic),109.15,7789.6,Female,0,Yes,No,Fiber_optic,No,Yes,Yes,Yes,Yes,Yes,Yes,0,2020-02-01,2191
0869-PAPRP,2017-12-01,No,Month-to-month,Yes,Credit_card_(automatic),85.7,2067.0,Female,1,Yes,No,Fiber_optic,No,No,Yes,No,Yes,No,No,0,2020-02-01,792
4238-JSSWH,2017-03-01,No,Month-to-month,No,Bank_transfer_(automatic),102.05,3452.55,Female,1,Yes,No,Fiber_optic,No,No,Yes,No,Yes,Yes,Yes,0,2020-02-01,1067
2972-YDYUW,2015-05-01,No,One_year,No,Electronic_check,94.7,5468.95,Female,0,No,No,Fiber_optic,No,Yes,No,Yes,No,Yes,Yes,0,2020-02-01,1737
1104-FEJAM,2017-10-01,No,Month-to-month,No,Electronic_check,64.4,1802.15,Male,0,Yes,Yes,DSL,No,Yes,No,No,No,Yes,Yes,0,2020-02-01,853
2809-ILCYT,2018-01-01,No,One_year,Yes,Mailed_check,26.8,733.55,Female,0,Yes,No,No,No,No,No,No,No,No,Yes,0,2020-02-01,761
5499-ECUTN,2016-03-01,No,One_year,Yes,Credit_card_(automatic),66.05,3021.45,Female,0,Yes,No,DSL,Yes,No,Yes,No,Yes,No,No,0,2020-02-01,1432
4981-FLTMF,2015-05-01,No,Month-to-month,No,Bank_transfer_(automatic),65.2,3687.85,Female,0,Yes,Yes,DSL,Yes,Yes,No,Yes,No,No,Yes,0,2020-02-01,1737
9121-PHQSR,2018-10-01,No,Month-to-month,Yes,Credit_card_(automatic),85.05,1391.15,Male,1,Yes,No,Fiber_optic,No,No,No,No,Yes,No,Yes,0,2020-02-01,488
3113-IWHLC,2019-09-01,No,Month-to-month,Yes,Mailed_check,55.8,274.35,Male,0,No,No,DSL,Yes,No,Yes,No,No,No,No,0,2020-02-01,153
3211-ILJTT,2018-07-01,2019-12-01 00:00:00,Month-to-month,Yes,Bank_transfer_(automatic),70.4,1214.05,Male,0,Yes,No,Fiber_optic,No,No,No,No,No,No,No,1,2019-12-01,518
4612-THJBS,2015-03-01,2019-11-01 00:00:00,One_year,Yes,Bank_transfer_(automatic),104.75,5510.65,Female,1,No,No,Fiber_optic,No,Yes,Yes,No,Yes,Yes,Yes,1,2019-11-01,1706
4277-BWBML,2014-02-01,No,Two_year,No,Bank_transfer_(automatic),19.95,1322.85,Male,0,Yes,Yes,No,No,No,No,No,No,No,No,0,2020-02-01,2191
4094-NSEDU,2018-04-01,2020-01-01 00:00:00,Month-to-month,Yes,Electronic_check,94.25,1973.75,Female,1,No,No,Fiber_optic,No,No,No,No,Yes,Yes,Yes,1,2020-01-01,640
0234-TEVTT,2016-02-01,No,One_year,No,Credit_card_(automatic),45.0,2196.3,Female,0,Yes,Yes,DSL,Yes,No,Yes,No,No,Yes,No,0,2020-02-01,1461
4304-TSPVK,2014-06-01,No,Two_year,No,Bank_transfer_(automatic),114.9,7843.55,Female,0,Yes,No,Fiber_optic,Yes,Yes,Yes,Yes,Yes,Yes,Yes,0,2020-02-01,2071
1552-AAGRX,2017-08-01,No,Month-to-month,No,Bank_transfer_(automatic),106.4,3211.9,Female,0,No,No,Fiber_optic,Yes,No,No,Yes,Yes,Yes,Yes,0,2020-02-01,914
2637-FKFSY,2019-11-01,No,Month-to-month,Yes,Mailed_check,46.1,130.15,Female,0,Yes,No,DSL,No,No,No,No,No,No,No,0,2020-02-01,92
9796-MVYXX,2018-12-01,No,Two_year,No,Mailed_check,39.7,692.35,Female,1,No,No,DSL,Yes,No,Yes,Yes,No,No,No,0,2020-02-01,427
7874-ECPQJ,2019-10-01,No,Month-to-month,Yes,Bank_transfer_(automatic),20.05,85.5,Female,0,No,Yes,No,No,No,No,No,No,No,No,0,2020-02-01,123
0020-INWCK,2014-03-01,No,Two_year,Yes,Credit_card_(automatic),95.75,6849.4,Female,0,Yes,Yes,Fiber_optic,No,Yes,Yes,No,No,Yes,Yes,0,2020-02-01,2163
7089-RKVSZ,2019-06-01,No,One_year,No,Mailed_check,24.4,203.95,Male,0,Yes,Yes,No,No,No,No,No,No,No,Yes,0,2020-02-01,245
2683-JXWQQ,2015-01-01,No,Month-to-month,No,Bank_transfer_(automatic),33.6,2117.2,Male,0,Yes,Yes,DSL,Yes,No,Yes,No,No,No,No,0,2020-02-01,1857
9548-ZMVTX,2014-02-01,No,Two_year,No,Bank_transfer_(automatic),90.45,6565.85,Male,0,Yes,Yes,Fiber_optic,No,Yes,Yes,Yes,No,No,Yes,0,2020-02-01,2191
8739-XNIKG,2019-09-01,No,Month-to-month,Yes,Electronic_check,84.0,424.75,Female,0,No,No,Fiber_optic,No,No,No,No,Yes,No,Yes,0,2020-02-01,153
9755-JHNMN,2016-01-01,No,Two_year,No,Bank_transfer_(automatic),67.4,3306.85,Female,0,No,No,DSL,Yes,Yes,Yes,Yes,No,No,No,0,2020-02-01,1492
3981-QSVQI,2019-06-01,No,Month-to-month,Yes,Bank_transfer_(automatic),19.7,168.9,Male,0,No,No,No,No,No,No,No,No,No,No,0,2020-02-01,245
2789-HQBOU,2019-11-01,No,Month-to-month,Yes,Electronic_check,80.35,253.8,Male,0,No,No,Fiber_optic,No,No,No,No,No,Yes,No,0,2020-02-01,92
9424-CMPOG,2019-05-01,No,Two_year,No,Mailed_check,19.6,197.4,Male,0,Yes,Yes,No,No,No,No,No,No,No,No,0,2020-02-01,276
5067-WJEUN,2014-07-01,No,Two_year,Yes,Bank_transfer_(automatic),54.2,3838.2,Male,0,Yes,Yes,DSL,Yes,Yes,No,No,No,No,No,0,2020-02-01,2041
3450-WXOAT,2016-04-01,No,Month-to-month,Yes,Credit_card_(automatic),45.2,2065.15,Male,0,No,No,DSL,No,No,No,No,No,No,No,0,2020-02-01,1401
9251-WNSOD,2014-07-01,No,One_year,No,Mailed_check,75.1,5064.45,Female,0,Yes,No,DSL,Yes,Yes,Yes,No,No,Yes,Yes,0,2020-02-01,2041
6974-DAFLI,2015-07-01,No,One_year,No,Electronic_check,19.7,1140.05,Female,0,Yes,No,No,No,No,No,No,No,No,No,0,2020-02-01,1676
2616-UUTFK,2017-05-01,No,Month-to-month,Yes,Bank_transfer_(automatic),72.75,2447.45,Male,0,Yes,No,DSL,Yes,Yes,Yes,No,Yes,No,Yes,0,2020-02-01,1006
7064-JHXCE,2014-12-01,No,Two_year,No,Credit_card_(automatic),20.05,1263.9,Male,0,Yes,Yes,No,No,No,No,No,No,No,No,0,2020-02-01,1888
5103-MHMHY,2019-12-01,2020-01-01 00:00:00,Month-to-month,No,Mailed_check,45.95,45.95,Female,0,No,Yes,DSL,No,No,No,No,No,No,No,1,2020-01-01,31
7989-AWGEH,2016-01-01,No,Month-to-month,Yes,Electronic_check,39.2,1838.15,Male,0,Yes,Yes,DSL,Yes,No,No,No,No,Yes,No,0,2020-02-01,1492
4373-VVHQL,2020-01-01,No,Month-to-month,Yes,Electronic_check,44.75,44.75,Male,0,No,No,DSL,No,No,No,No,No,No,No,0,2020-02-01,31
4559-UWIHT,2018-12-01,No,Month-to-month,Yes,Electronic_check,82.65,1185.0,Male,0,Yes,No,Fiber_optic,No,Yes,Yes,No,No,No,Yes,0,2020-02-01,427
7268-IGMFD,2018-08-01,No,Month-to-month,No,Bank_transfer_(automatic),93.9,1743.9,Male,1,No,No,Fiber_optic,No,No,Yes,Yes,Yes,No,Yes,0,2020-02-01,549
1846-XWOQN,2019-09-01,2019-10-01 00:00:00,Month-to-month,Yes,Electronic_check,70.15,70.15,Female,1,No,No,Fiber_optic,No,No,No,No,No,No,No,1,2019-10-01,30
0235-KGSLC,2019-12-01,2020-01-01 00:00:00,Month-to-month,Yes,Credit_card_(automatic),85.55,85.55,Female,0,No,No,Fiber_optic,No,No,Yes,No,Yes,No,No,1,2020-01-01,31
6650-BWFRT,2014-02-01,No,Two_year,Yes,Credit_card_(automatic),117.15,8529.5,Female,0,Yes,No,Fiber_optic,Yes,Yes,Yes,Yes,Yes,Yes,Yes,0,2020-02-01,2191
9570-KYEUA,2014-10-01,No,Two_year,No,Credit_card_(automatic),99.25,6549.45,Male,0,No,No,Fiber_optic,Yes,No,Yes,Yes,No,Yes,Yes,0,2020-02-01,1949
6993-YGFJV,2014-05-01,No,Two_year,Yes,Bank_transfer_(automatic),112.55,7806.5,Male,0,Yes,No,Fiber_optic,Yes,Yes,Yes,Yes,Yes,Yes,Yes,0,2020-02-01,2102
2712-SYWAY,2020-01-01,No,Month-to-month,Yes,Electronic_check,25.7,25.7,Female,0,No,No,No,No,No,No,No,No,No,Yes,0,2020-02-01,31
0730-BGQGF,2014-03-01,No,Two_year,No,Credit_card_(automatic),90.3,6287.3,Male,0,Yes,Yes,DSL,Yes,Yes,Yes,Yes,Yes,Yes,Yes,0,2020-02-01,2163
5498-IBWPI,2014-08-01,No,One_year,Yes,Credit_card_(automatic),49.4,3251.85,Female,0,Yes,Yes,DSL,No,No,No,Yes,No,No,No,0,2020-02-01,2010
9101-NTIXF,2019-12-01,No,Month-to-month,No,Mailed_check,19.4,50.6,Male,0,No,No,No,No,No,No,No,No,No,No,0,2020-02-01,62
0013-SMEOE,2014-03-01,No,Two_year,Yes,Bank_transfer_(automatic),109.7,7904.25,Female,1,Yes,No,Fiber_optic,Yes,Yes,Yes,Yes,Yes,Yes,No,0,2020-02-01,2163
9314-QDMDW,2019-03-01,No,One_year,Yes,Electronic_check,61.25,729.95,Male,0,No,No,DSL,No,Yes,No,No,Yes,No,No,0,2020-02-01,337
9308-ANMVE,2016-03-01,No,Month-to-month,Yes,Electronic_check,55.3,2654.05,Male,0,No,Yes,DSL,Yes,Yes,No,No,No,No,No,0,2020-02-01,1432
2884-GBPFB,2017-02-01,2020-01-01 00:00:00,Month-to-month,Yes,Electronic_check,70.3,2416.55,Female,0,Yes,No,Fiber_optic,No,No,No,No,No,No,No,1,2020-01-01,1064
3757-NJYBX,2017-05-01,2020-01-01 00:00:00,Month-to-month,No,Bank_transfer_(automatic),106.35,3520.75,Male,1,Yes,No,Fiber_optic,No,Yes,Yes,No,Yes,Yes,Yes,1,2020-01-01,975
3413-DHLPB,2015-02-01,No,Month-to-month,Yes,Bank_transfer_(automatic),103.75,5969.95,Male,0,Yes,Yes,Fiber_optic,No,Yes,No,Yes,Yes,Yes,Yes,0,2020-02-01,1826
7649-PHJVR,2019-03-01,No,One_year,No,Mailed_check,19.5,226.8,Male,0,No,No,No,No,No,No,No,No,No,No,0,2020-02-01,337
6114-TCFID,2017-09-01,No,One_year,No,Credit_card_(automatic),39.5,1082.75,Female,0,No,No,DSL,Yes,Yes,No,Yes,No,No,No,0,2020-02-01,883
3787-TRIAL,2018-05-01,No,Month-to-month,Yes,Electronic_check,26.05,565.75,Male,0,Yes,Yes,DSL,No,No,No,No,No,No,No,0,2020-02-01,641
2573-GYRUU,2016-02-01,No,Month-to-month,Yes,Credit_card_(automatic),91.05,4370.75,Male,1,Yes,No,Fiber_optic,No,No,Yes,No,No,Yes,Yes,0,2020-02-01,1461
5156-UMKOW,2019-11-01,No,Month-to-month,No,Mailed_check,29.65,90.05,Female,0,No,Yes,DSL,No,Yes,No,No,No,No,No,0,2020-02-01,92
1247-QBVSH,2016-07-01,No,Month-to-month,No,Mailed_check,50.2,2169.4,Female,0,Yes,Yes,DSL,No,Yes,No,No,No,No,No,0,2020-02-01,1310
6734-GMPVK,2019-09-01,No,Month-to-month,No,Electronic_check,105.3,550.6,Male,0,No,No,Fiber_optic,No,Yes,Yes,No,Yes,Yes,Yes,0,2020-02-01,153
9822-OAOVB,2020-01-01,No,Month-to-month,Yes,Electronic_check,55.45,55.45,Female,0,No,No,DSL,No,No,No,No,No,Yes,No,0,2020-02-01,31
6161-ERDGD,2014-03-01,No,One_year,No,Electronic_check,85.45,6300.85,Male,0,Yes,Yes,DSL,Yes,No,Yes,Yes,Yes,Yes,Yes,0,2020-02-01,2163
1226-JZNKR,2019-06-01,No,One_year,No,Electronic_check,19.8,160.05,Female,0,Yes,Yes,No,No,No,No,No,No,No,No,0,2020-02-01,245
7318-EIVKO,2019-06-01,No,Month-to-month,Yes,Electronic_check,59.25,436.6,Male,0,No,No,DSL,No,No,No,No,Yes,No,Yes,0,2020-02-01,245
3771-PZOBW,2018-06-01,No,Month-to-month,Yes,Credit_card_(automatic),90.7,1781.35,Male,0,No,No,Fiber_optic,No,No,Yes,No,Yes,No,Yes,0,2020-02-01,610
5136-KCKGI,2017-02-01,2019-11-01 00:00:00,One_year,Yes,Mailed_check,103.7,3467.0,Female,0,Yes,Yes,Fiber_optic,Yes,No,Yes,No,Yes,Yes,Yes,1,2019-11-01,1003
8231-BSWXX,2014-03-01,No,One_year,Yes,Credit_card_(automatic),79.05,5552.5,Male,0,No,No,Fiber_optic,No,Yes,No,No,No,No,Yes,0,2020-02-01,2163
6486-LHTMA,2017-07-01,No,One_year,Yes,Electronic_check,90.7,2835.5,Female,1,Yes,No,Fiber_optic,No,No,Yes,No,Yes,No,Yes,0,2020-02-01,945
4083-BFNYK,2016-12-01,No,One_year,No,Credit_card_(automatic),95.0,3591.25,Female,1,Yes,No,Fiber_optic,Yes,Yes,No,No,No,Yes,Yes,0,2020-02-01,1157
3722-WPXTK,2019-11-01,2019-12-01 00:00:00,Month-to-month,Yes,Electronic_check,88.35,88.35,Male,0,No,No,Fiber_optic,No,No,No,No,Yes,Yes,No,1,2019-12-01,30
7389-KBFIT,2019-12-01,No,Month-to-month,Yes,Mailed_check,30.25,63.75,Female,0,Yes,Yes,DSL,No,Yes,No,No,No,No,No,0,2020-02-01,62
7176-WIONM,2019-02-01,No,Month-to-month,Yes,Bank_transfer_(automatic),49.85,617.15,Female,0,Yes,No,DSL,No,No,Yes,No,Yes,Yes,No,0,2020-02-01,365
5141-ZUVBH,2019-05-01,No,Month-to-month,No,Bank_transfer_(automatic),93.0,870.25,Female,0,No,Yes,Fiber_optic,Yes,No,Yes,Yes,No,Yes,No,0,2020-02-01,276
1089-HDMKP,2019-03-01,No,Month-to-month,Yes,Electronic_check,54.55,601.25,Male,1,No,Yes,DSL,No,Yes,No,Yes,No,No,No,0,2020-02-01,337
7623-HKYRK,2019-08-01,No,Month-to-month,No,Mailed_check,19.7,111.65,Male,0,No,Yes,No,No,No,No,No,No,No,No,0,2020-02-01,184
0310-SUCIN,2014-03-01,No,One_year,Yes,Bank_transfer_(automatic),84.8,6046.1,Female,0,Yes,No,DSL,Yes,Yes,Yes,Yes,Yes,Yes,No,0,2020-02-01,2163
5197-PYEPU,2016-08-01,No,One_year,Yes,Credit_card_(automatic),94.45,3923.8,Female,0,Yes,Yes,Fiber_optic,Yes,Yes,No,No,Yes,No,Yes,0,2020-02-01,1279
2929-ERCFZ,2019-05-01,2020-01-01 00:00:00,Month-to-month,Yes,Electronic_check,94.2,777.3,Female,0,Yes,Yes,Fiber_optic,No,No,Yes,No,Yes,Yes,No,1,2020-01-01,245
7548-SEPYI,2019-07-01,2019-12-01 00:00:00,Month-to-month,Yes,Electronic_check,96.25,512.45,Female,0,No,No,Fiber_optic,No,Yes,No,No,Yes,Yes,No,1,2019-12-01,153
8835-VSDSE,2019-11-01,2020-01-01 00:00:00,Month-to-month,Yes,Electronic_check,70.7,141.45,Female,0,Yes,No,Fiber_optic,No,No,No,No,No,No,No,1,2020-01-01,61
6619-RPLQZ,2016-05-01,No,Two_year,No,Mailed_check,20.85,892.15,Female,0,Yes,Yes,No,No,No,No,No,No,No,No,0,2020-02-01,1371
3275-RHRNE,2017-10-01,No,One_year,Yes,Credit_card_(automatic),60.0,1682.05,Male,0,Yes,Yes,DSL,No,Yes,Yes,Yes,Yes,Yes,No,0,2020-02-01,853
3503-TYDAY,2016-07-01,No,Month-to-month,No,Electronic_check,80.45,3398.9,Female,0,Yes,No,Fiber_optic,No,Yes,No,No,No,No,Yes,0,2020-02-01,1310
6901-GOGZG,2015-02-01,No,Two_year,Yes,Electronic_check,84.95,4984.85,Male,0,No,Yes,DSL,Yes,No,Yes,Yes,Yes,Yes,Yes,0,2020-02-01,1826
1623-NLDOT,2016-07-01,2020-01-01 00:00:00,One_year,No,Mailed_check,33.55,1445.3,Female,0,Yes,No,DSL,No,Yes,No,Yes,No,No,No,1,2020-01-01,1279
7021-XSNYE,2019-07-01,No,Two_year,No,Credit_card_(automatic),49.65,305.55,Male,0,Yes,Yes,DSL,Yes,No,Yes,Yes,No,Yes,No,0,2020-02-01,215
9621-OUPYD,2018-01-01,No,One_year,Yes,Bank_transfer_(automatic),20.2,507.9,Female,0,Yes,No,No,No,No,No,No,No,No,No,0,2020-02-01,761
9898-KZQDZ,2016-06-01,2019-10-01 00:00:00,Month-to-month,Yes,Credit_card_(automatic),94.55,3640.45,Female,1,Yes,Yes,Fiber_optic,No,No,No,No,Yes,Yes,Yes,1,2019-10-01,1217
8982-NHAVY,2017-11-01,No,One_year,Yes,Bank_transfer_(automatic),100.5,2673.45,Male,0,No,No,Fiber_optic,No,No,Yes,No,Yes,Yes,Yes,0,2020-02-01,822
4307-KWMXE,2019-04-01,No,Month-to-month,No,Electronic_check,35.75,389.8,Male,0,No,No,DSL,No,Yes,No,Yes,No,No,No,0,2020-02-01,306
0141-YEAYS,2017-11-01,No,Month-to-month,Yes,Bank_transfer_(automatic),86.45,2401.05,Female,1,No,No,Fiber_optic,No,Yes,Yes,No,No,No,Yes,0,2020-02-01,822
2450-ZKEED,2019-03-01,No,One_year,No,Bank_transfer_(automatic),53.8,651.55,Female,0,No,No,DSL,No,No,Yes,Yes,No,No,No,0,2020-02-01,337
3694-DELSO,2019-10-01,No,Month-to-month,No,Credit_card_(automatic),38.55,156.1,Male,0,Yes,Yes,DSL,Yes,No,No,No,Yes,No,No,0,2020-02-01,123
3893-JRNFS,2014-06-01,No,Month-to-month,Yes,Bank_transfer_(automatic),39.9,2796.35,Male,0,No,No,DSL,No,No,Yes,No,No,Yes,No,0,2020-02-01,2071
9603-OAIHC,2020-01-01,No,Month-to-month,Yes,Electronic_check,70.05,70.05,Male,1,No,No,Fiber_optic,No,No,No,No,No,No,No,0,2020-02-01,31
1133-KXCGE,2018-08-01,No,One_year,No,Mailed_check,20.1,407.05,Female,0,No,No,No,No,No,No,No,No,No,No,0,2020-02-01,549
5236-PERKL,2015-02-01,2019-11-01 00:00:00,Two_year,Yes,Bank_transfer_(automatic),112.95,6465.0,Female,0,No,No,Fiber_optic,Yes,Yes,Yes,No,Yes,Yes,Yes,1,2019-11-01,1734
0142-GVYSN,2017-12-01,No,Month-to-month,Yes,Electronic_check,20.3,511.25,Male,0,No,No,No,No,No,No,No,No,No,No,0,2020-02-01,792
1049-FYSYG,2018-09-01,No,Month-to-month,Yes,Credit_card_(automatic),35.65,646.05,Female,0,Yes,No,DSL,No,Yes,Yes,No,No,No,No,0,2020-02-01,518
7854-FOKSF,2019-12-01,2020-01-01 00:00:00,Month-to-month,No,Electronic_check,35.9,35.9,Male,0,No,No,DSL,No,No,No,No,No,Yes,No,1,2020-01-01,31
2519-FAKOD,2016-09-01,2019-11-01 00:00:00,Month-to-month,Yes,Bank_transfer_(automatic),99.25,3777.15,Male,0,No,Yes,Fiber_optic,No,No,Yes,No,Yes,Yes,Yes,1,2019-11-01,1156
8406-LNMHF,2015-03-01,No,One_year,Yes,Credit_card_(automatic),82.95,4903.15,Male,1,Yes,No,Fiber_optic,Yes,Yes,Yes,No,No,No,No,0,2020-02-01,1798
1821-BUCWY,2017-08-01,No,Two_year,Yes,Mailed_check,55.65,1653.85,Male,0,No,No,DSL,Yes,No,Yes,No,No,No,No,0,2020-02-01,914
8263-JQAIK,2019-11-01,2020-01-01 00:00:00,Month-to-month,Yes,Mailed_check,24.45,47.5,Male,1,No,No,DSL,No,No,No,No,No,No,No,1,2020-01-01,61
0023-UYUPN,2015-12-01,No,One_year,No,Electronic_check,25.2,1306.3,Female,1,Yes,No,No,No,No,No,No,No,No,Yes,0,2020-02-01,1523
8314-DPQHL,2019-05-01,No,One_year,No,Mailed_check,50.8,463.6,Male,0,No,No,DSL,Yes,No,Yes,Yes,No,Yes,No,0,2020-02-01,276
1465-WCZVT,2019-11-01,No,Month-to-month,No,Mailed_check,19.65,60.65,Female,0,Yes,Yes,No,No,No,No,No,No,No,No,0,2020-02-01,92
9481-SFCQY,2018-12-01,No,Month-to-month,Yes,Credit_card_(automatic),59.8,824.85,Female,0,No,Yes,DSL,No,No,Yes,No,Yes,No,No,0,2020-02-01,427
6360-SVNWV,2017-07-01,No,Month-to-month,Yes,Credit_card_(automatic),73.55,2094.65,Female,1,No,No,Fiber_optic,Yes,No,No,No,No,No,No,0,2020-02-01,945
0567-GGCAC,2019-07-01,No,Month-to-month,No,Electronic_check,61.4,438.9,Female,0,No,No,DSL,Yes,Yes,Yes,No,No,No,No,0,2020-02-01,215
7089-IVVAZ,2019-05-01,2020-01-01 00:00:00,Month-to-month,Yes,Bank_transfer_(automatic),103.35,847.3,Female,0,No,No,Fiber_optic,Yes,No,No,Yes,Yes,Yes,Yes,1,2020-01-01,245
8884-MRNSU,2018-09-01,No,One_year,No,Bank_transfer_(automatic),19.9,329.75,Male,0,Yes,Yes,No,No,No,No,No,No,No,No,0,2020-02-01,518
2171-UDMFD,2017-06-01,No,Month-to-month,Yes,Credit_card_(automatic),19.45,674.55,Male,0,Yes,Yes,No,No,No,No,No,No,No,No,0,2020-02-01,975
9050-IKDZA,2019-12-01,No,Month-to-month,No,Mailed_check,81.5,162.55,Female,1,No,No,Fiber_optic,No,No,No,No,Yes,No,No,0,2020-02-01,62
2205-YMZZJ,2019-03-01,2019-10-01 00:00:00,Month-to-month,Yes,Electronic_check,84.8,546.95,Male,1,No,No,Fiber_optic,No,No,No,No,Yes,No,Yes,1,2019-10-01,214
9802-CAQUT,2014-02-01,No,Two_year,No,Credit_card_(automatic),109.55,7887.25,Female,0,Yes,Yes,Fiber_optic,Yes,Yes,Yes,No,Yes,Yes,Yes,0,2020-02-01,2191
1254-IZEYF,2017-05-01,2019-12-01 00:00:00,Month-to-month,Yes,Electronic_check,99.95,3186.65,Female,1,No,No,Fiber_optic,No,Yes,No,No,Yes,Yes,Yes,1,2019-12-01,944
0187-WZNAB,2017-11-01,No,Month-to-month,No,Mailed_check,74.4,1972.35,Female,0,Yes,Yes,Fiber_optic,Yes,No,No,No,No,No,No,0,2020-02-01,822
9492-TOKRI,2018-04-01,2019-10-01 00:00:00,Month-to-month,Yes,Credit_card_(automatic),90.0,1527.35,Female,0,No,No,Fiber_optic,No,Yes,No,No,Yes,No,Yes,1,2019-10-01,548
1475-VWVDO,2019-07-01,No,Month-to-month,Yes,Electronic_check,74.9,490.55,Male,0,No,No,Fiber_optic,No,No,Yes,No,No,No,No,0,2020-02-01,215
9221-OTIVJ,2018-11-01,2020-01-01 00:00:00,Month-to-month,Yes,Electronic_check,104.85,1531.4,Female,1,No,No,Fiber_optic,No,Yes,Yes,No,Yes,Yes,Yes,1,2020-01-01,426
1357-MVDOZ,2019-03-01,No,Month-to-month,Yes,Bank_transfer_(automatic),59.65,683.25,Male,0,Yes,Yes,DSL,No,No,Yes,No,Yes,No,No,0,2020-02-01,337
7602-MVRMB,2014-02-01,No,Two_year,Yes,Bank_transfer_(automatic),110.45,8058.85,Female,0,Yes,Yes,Fiber_optic,Yes,No,Yes,Yes,Yes,Yes,Yes,0,2020-02-01,2191
3325-FUYCG,2017-06-01,2019-10-01 00:00:00,One_year,No,Electronic_check,106.1,2847.4,Male,0,Yes,Yes,Fiber_optic,Yes,Yes,No,No,Yes,Yes,Yes,1,2019-10-01,852
5908-QMGOE,2018-08-01,2019-11-01 00:00:00,Month-to-month,Yes,Credit_card_(automatic),74.2,1133.9,Male,1,No,No,Fiber_optic,No,No,No,No,No,No,Yes,1,2019-11-01,457
1197-BVMVG,2019-10-01,No,Month-to-month,Yes,Electronic_check,74.45,294.45,Female,1,No,No,Fiber_optic,No,No,No,No,No,No,Yes,0,2020-02-01,123
5406-KGRMX,2014-03-01,No,Two_year,No,Electronic_check,24.55,1719.15,Female,0,No,No,No,No,No,No,No,No,No,Yes,0,2020-02-01,2163
8481-YYXWG,2019-06-01,2019-11-01 00:00:00,Month-to-month,Yes,Electronic_check,89.35,461.7,Female,0,No,No,Fiber_optic,No,Yes,No,Yes,No,Yes,No,1,2019-11-01,153
5968-HYJRZ,2016-03-01,No,Two_year,No,Mailed_check,24.55,1160.45,Male,0,Yes,Yes,No,No,No,No,No,No,No,Yes,0,2020-02-01,1432
5198-EFNBM,2015-05-01,No,One_year,Yes,Electronic_check,90.65,5199.8,Male,1,Yes,No,Fiber_optic,No,Yes,Yes,No,Yes,No,No,0,2020-02-01,1737
7516-GMHUV,2015-12-01,No,Two_year,Yes,Credit_card_(automatic),105.05,5163.3,Male,1,Yes,No,Fiber_optic,Yes,No,Yes,No,Yes,Yes,Yes,0,2020-02-01,1523
7140-ADSMJ,2019-06-01,No,Month-to-month,Yes,Credit_card_(automatic),20.45,162.3,Male,0,No,No,No,No,No,No,No,No,No,No,0,2020-02-01,245
2230-XTUWL,2016-02-01,No,Two_year,No,Mailed_check,19.55,883.35,Female,0,Yes,Yes,No,No,No,No,No,No,No,No,0,2020-02-01,1461
7706-YLMQA,2014-04-01,No,One_year,No,Bank_transfer_(automatic),19.7,1341.5,Female,0,No,No,No,No,No,No,No,No,No,No,0,2020-02-01,2132
2585-KTFRE,2020-01-01,No,Month-to-month,Yes,Bank_transfer_(automatic),70.45,70.45,Male,0,No,Yes,DSL,Yes,Yes,No,Yes,No,Yes,No,0,2020-02-01,31
7994-UYIVZ,2019-06-01,No,Month-to-month,Yes,Bank_transfer_(automatic),85.65,659.45,Male,0,Yes,No,Fiber_optic,No,No,No,No,No,Yes,Yes,0,2020-02-01,245
2609-IAICY,2019-11-01,2019-12-01 00:00:00,Month-to-month,Yes,Electronic_check,77.15,77.15,Female,0,No,No,Fiber_optic,No,No,No,No,No,No,Yes,1,2019-12-01,30
1740-CSDJP,2019-12-01,2020-01-01 00:00:00,Month-to-month,Yes,Bank_transfer_(automatic),35.25,35.25,Male,0,No,No,DSL,No,No,No,No,No,Yes,No,1,2020-01-01,31
7717-BICXI,2015-02-01,No,Two_year,No,Mailed_check,20.55,1205.05,Male,0,Yes,Yes,No,No,No,No,No,No,No,No,0,2020-02-01,1826
6559-RAKOZ,2016-01-01,No,One_year,Yes,Electronic_check,97.95,4917.9,Male,0,Yes,Yes,Fiber_optic,No,No,No,Yes,Yes,Yes,Yes,0,2020-02-01,1492
2636-OHFMN,2019-09-01,2020-01-01 00:00:00,Month-to-month,Yes,Electronic_check,48.55,201.0,Male,0,Yes,No,DSL,No,Yes,No,No,Yes,Yes,No,1,2020-01-01,122
4716-MRVEN,2017-09-01,No,One_year,No,Mailed_check,20.0,599.3,Female,0,No,No,No,No,No,No,No,No,No,No,0,2020-02-01,883
2143-LJULT,2014-07-01,No,Two_year,Yes,Credit_card_(automatic),25.25,1733.15,Female,0,Yes,No,No,No,No,No,No,No,No,Yes,0,2020-02-01,2041
1323-OOEPC,2015-07-01,2019-12-01 00:00:00,Month-to-month,Yes,Credit_card_(automatic),98.4,5149.5,Female,0,Yes,No,Fiber_optic,No,Yes,No,No,Yes,Yes,Yes,1,2019-12-01,1614
3200-MNQTF,2014-07-01,No,Two_year,No,Credit_card_(automatic),70.9,4677.1,Male,0,Yes,No,DSL,Yes,Yes,Yes,Yes,No,No,Yes,0,2020-02-01,2041
6164-HXUGH,2019-08-01,No,Month-to-month,No,Mailed_check,19.85,119.3,Female,0,Yes,Yes,No,No,No,No,No,No,No,No,0,2020-02-01,184
5630-IXDXV,2016-03-01,No,Month-to-month,Yes,Electronic_check,106.35,4849.1,Female,0,No,No,Fiber_optic,No,Yes,Yes,No,Yes,Yes,Yes,0,2020-02-01,1432
0320-DWVTU,2015-09-01,No,Two_year,No,Mailed_check,99.5,5424.25,Female,0,No,No,Fiber_optic,Yes,Yes,Yes,Yes,No,Yes,No,0,2020-02-01,1614
9135-MGVPY,2014-05-01,No,Two_year,Yes,Mailed_check,84.7,5878.9,Male,0,Yes,No,DSL,Yes,Yes,Yes,Yes,Yes,Yes,No,0,2020-02-01,2102
1212-GLHMD,2019-11-01,No,Month-to-month,Yes,Mailed_check,86.05,244.85,Male,0,No,No,Fiber_optic,Yes,No,No,No,No,Yes,No,0,2020-02-01,92
7878-JGDKK,2019-10-01,No,Month-to-month,No,Mailed_check,44.55,220.75,Male,0,No,No,DSL,No,No,No,No,No,No,No,0,2020-02-01,123
1088-AUUZZ,2015-06-01,No,Two_year,Yes,Credit_card_(automatic),75.85,4261.2,Male,0,Yes,Yes,DSL,Yes,Yes,No,Yes,No,Yes,Yes,0,2020-02-01,1706
0397-GZBBC,2014-12-01,2019-11-01 00:00:00,Month-to-month,Yes,Bank_transfer_(automatic),93.85,5574.75,Male,1,Yes,No,Fiber_optic,No,No,No,No,Yes,Yes,Yes,1,2019-11-01,1796
6614-YWYSC,2015-01-01,No,Two_year,No,Bank_transfer_(automatic),25.0,1501.75,Male,1,Yes,No,No,No,No,No,No,No,No,Yes,0,2020-02-01,1857
9588-OZDMQ,2019-12-01,No,Month-to-month,Yes,Electronic_check,45.0,89.75,Female,0,Yes,No,DSL,No,No,No,No,No,No,No,0,2020-02-01,62
7641-EUYET,2016-02-01,2019-12-01 00:00:00,Month-to-month,Yes,Electronic_check,100.7,4541.2,Male,1,Yes,Yes,Fiber_optic,Yes,Yes,Yes,No,Yes,No,Yes,1,2019-12-01,1399
6476-EPYZR,2019-02-01,No,Month-to-month,No,Mailed_check,20.5,255.5,Male,0,Yes,Yes,No,No,No,No,No,No,No,No,0,2020-02-01,365
9921-ZVRHG,2018-10-01,2019-12-01 00:00:00,Month-to-month,Yes,Electronic_check,80.45,1072.0,Female,0,No,No,Fiber_optic,No,No,Yes,No,No,No,Yes,1,2019-12-01,426
1174-FGIFN,2017-10-01,No,One_year,Yes,Electronic_check,90.45,2509.25,Female,0,Yes,Yes,Fiber_optic,No,No,No,Yes,No,Yes,Yes,0,2020-02-01,853
6620-HVDUJ,2018-02-01,No,Month-to-month,No,Bank_transfer_(automatic),60.45,1440.75,Male,0,No,No,DSL,Yes,Yes,No,Yes,No,No,No,0,2020-02-01,730
4701-MLJPN,2017-06-01,2020-01-01 00:00:00,Month-to-month,Yes,Electronic_check,55.25,1715.65,Male,0,No,No,DSL,No,No,Yes,Yes,No,No,No,1,2020-01-01,944
1032-MAELW,2014-06-01,No,One_year,Yes,Electronic_check,78.45,5333.35,Female,0,Yes,Yes,DSL,Yes,Yes,Yes,Yes,No,Yes,Yes,0,2020-02-01,2071
7641-TQFHN,2016-11-01,No,Two_year,No,Mailed_check,100.55,3895.35,Male,0,No,Yes,Fiber_optic,No,No,No,Yes,Yes,Yes,Yes,0,2020-02-01,1187
1552-TKMXS,2016-08-01,No,Month-to-month,No,Credit_card_(automatic),20.35,869.9,Female,0,Yes,No,No,No,No,No,No,No,No,No,0,2020-02-01,1279
9206-GVPEQ,2018-09-01,2019-10-01 00:00:00,Month-to-month,Yes,Electronic_check,54.45,706.85,Male,0,Yes,No,DSL,Yes,No,No,Yes,Yes,Yes,No,1,2019-10-01,395
8622-ZLFKO,2019-08-01,No,Month-to-month,Yes,Electronic_check,90.75,512.25,Female,0,Yes,No,Fiber_optic,No,Yes,No,No,No,Yes,Yes,0,2020-02-01,184
1596-BBVTG,2016-12-01,2019-11-01 00:00:00,Month-to-month,No,Credit_card_(automatic),75.35,2636.05,Male,0,No,No,Fiber_optic,No,No,No,No,No,No,Yes,1,2019-11-01,1065
6188-UXBBR,2016-12-01,No,One_year,Yes,Credit_card_(automatic),20.25,814.75,Female,0,Yes,No,No,No,No,No,No,No,No,No,0,2020-02-01,1157
2333-KWEWW,2018-08-01,No,Two_year,No,Credit_card_(automatic),20.05,388.6,Male,0,No,No,No,No,No,No,No,No,No,No,0,2020-02-01,549
5702-SKUOB,2019-10-01,No,Month-to-month,No,Mailed_check,19.6,93.45,Female,0,Yes,No,No,No,No,No,No,No,No,No,0,2020-02-01,123
1134-YWTYF,2017-11-01,No,Month-to-month,Yes,Electronic_check,53.8,1389.85,Male,0,Yes,No,DSL,No,Yes,No,Yes,No,No,No,0,2020-02-01,822
6061-GWWAV,2016-09-01,No,One_year,No,Mailed_check,70.2,2894.55,Male,0,No,Yes,DSL,Yes,Yes,Yes,No,Yes,No,No,0,2020-02-01,1248
0679-TDGAK,2015-12-01,No,One_year,No,Electronic_check,75.5,4025.6,Male,0,Yes,Yes,DSL,Yes,No,No,Yes,Yes,Yes,No,0,2020-02-01,1523
6585-WCEWR,2014-02-01,No,Two_year,No,Electronic_check,20.35,1354.4,Male,0,Yes,Yes,No,No,No,No,No,No,No,No,0,2020-02-01,2191
9067-YGSCA,2014-04-01,No,One_year,No,Credit_card_(automatic),26.05,1856.4,Female,0,No,No,No,No,No,No,No,No,No,Yes,0,2020-02-01,2132
9067-SQTNS,2016-06-01,No,One_year,No,Bank_transfer_(automatic),20.6,926.0,Male,0,Yes,Yes,No,No,No,No,No,No,No,No,0,2020-02-01,1340
8433-WXGNA,2019-11-01,2020-01-01 00:00:00,Month-to-month,Yes,Electronic_check,75.7,189.2,Male,0,No,No,Fiber_optic,Yes,No,No,No,No,No,No,1,2020-01-01,61
1776-SPBWV,2017-04-01,No,One_year,Yes,Bank_transfer_(automatic),20.1,682.1,Female,0,Yes,Yes,No,No,No,No,No,No,No,No,0,2020-02-01,1036
8735-SDUFN,2014-02-01,No,Two_year,No,Bank_transfer_(automatic),24.3,1778.7,Female,1,Yes,No,No,No,No,No,No,No,No,Yes,0,2020-02-01,2191
9668-PUGNU,2014-03-01,No,Two_year,Yes,Electronic_check,24.5,1816.2,Male,0,Yes,No,No,No,No,No,No,No,No,Yes,0,2020-02-01,2163
9405-GPBBG,2014-10-01,No,Two_year,Yes,Credit_card_(automatic),110.5,7069.25,Female,0,No,No,Fiber_optic,No,Yes,Yes,Yes,Yes,Yes,Yes,0,2020-02-01,1949
1926-QUZNN,2014-02-01,No,Two_year,Yes,Bank_transfer_(automatic),25.25,1841.2,Female,0,Yes,No,No,No,No,No,No,No,No,Yes,0,2020-02-01,2191
3707-GNWHM,2019-12-01,2020-01-01 00:00:00,Month-to-month,Yes,Mailed_check,74.25,74.25,Male,0,No,No,Fiber_optic,No,No,No,No,No,No,Yes,1,2020-01-01,31
7016-NVRIC,2017-09-01,No,One_year,No,Bank_transfer_(automatic),90.1,2656.7,Male,1,Yes,No,Fiber_optic,Yes,No,Yes,No,No,Yes,No,0,2020-02-01,883
5829-NVSQN,2018-03-01,No,One_year,Yes,Bank_transfer_(automatic),68.75,1689.45,Female,0,Yes,No,DSL,Yes,No,Yes,Yes,No,Yes,No,0,2020-02-01,702
9565-AXSMR,2015-10-01,No,Two_year,No,Mailed_check,19.2,1054.75,Male,0,Yes,Yes,No,No,No,No,No,No,No,No,0,2020-02-01,1584
8922-LIEGH,2017-11-01,2019-12-01 00:00:00,Month-to-month,Yes,Electronic_check,89.7,2187.55,Female,1,No,No,Fiber_optic,No,Yes,No,No,No,Yes,Yes,1,2019-12-01,760
8869-LIHMK,2014-10-01,No,Two_year,Yes,Bank_transfer_(automatic),115.1,7334.05,Female,0,No,No,Fiber_optic,Yes,Yes,Yes,Yes,Yes,Yes,Yes,0,2020-02-01,1949
8245-UMPYT,2018-06-01,2019-10-01 00:00:00,Month-to-month,Yes,Electronic_check,96.4,1581.2,Female,1,No,No,Fiber_optic,No,No,No,No,Yes,Yes,Yes,1,2019-10-01,487
5186-SAMNZ,2019-09-01,2019-10-01 00:00:00,Month-to-month,Yes,Bank_transfer_(automatic),69.5,69.5,Male,1,No,No,Fiber_optic,No,No,No,No,No,No,No,1,2019-10-01,30
0447-RXSGD,2018-02-01,No,Month-to-month,Yes,Bank_transfer_(automatic),99.65,2404.85,Male,0,No,No,Fiber_optic,No,Yes,No,No,Yes,Yes,Yes,0,2020-02-01,730
4927-WWOOZ,2019-12-01,No,Month-to-month,Yes,Electronic_check,91.45,171.45,Male,0,Yes,No,Fiber_optic,No,No,Yes,No,Yes,No,Yes,0,2020-02-01,62
5788-YPOEG,2017-04-01,No,Two_year,No,Mailed_check,84.75,2839.45,Female,0,Yes,Yes,DSL,Yes,Yes,Yes,Yes,Yes,Yes,No,0,2020-02-01,1036
5373-SFODM,2016-12-01,2019-12-01 00:00:00,Month-to-month,Yes,Credit_card_(automatic),85.25,3132.75,Male,1,Yes,No,Fiber_optic,No,No,No,No,No,Yes,Yes,1,2019-12-01,1095
0661-KBKPA,2015-09-01,No,One_year,Yes,Mailed_check,78.75,3942.45,Male,0,Yes,Yes,DSL,No,No,Yes,Yes,Yes,Yes,Yes,0,2020-02-01,1614
9081-WWXKP,2016-03-01,No,Two_year,No,Credit_card_(automatic),20.25,873.4,Female,0,Yes,Yes,No,No,No,No,No,No,No,No,0,2020-02-01,1432
0784-ZQJZX,2014-02-01,No,Two_year,No,Credit_card_(automatic),19.9,1529.65,Male,0,No,Yes,No,No,No,No,No,No,No,No,0,2020-02-01,2191
3133-PZNSR,2014-02-01,No,Two_year,Yes,Credit_card_(automatic),97.75,6991.6,Male,0,Yes,Yes,Fiber_optic,Yes,Yes,No,Yes,No,Yes,Yes,0,2020-02-01,2191
5766-ZJYBB,2019-11-01,2019-12-01 00:00:00,Month-to-month,No,Mailed_check,19.4,19.4,Male,0,No,No,No,No,No,No,No,No,No,No,1,2019-12-01,30
8931-GJJIQ,2019-01-01,2019-10-01 00:00:00,Month-to-month,Yes,Electronic_check,83.3,803.3,Female,0,No,No,Fiber_optic,No,No,No,No,No,Yes,Yes,1,2019-10-01,273
4277-PVRAN,2019-03-01,2019-11-01 00:00:00,Month-to-month,Yes,Bank_transfer_(automatic),80.1,679.3,Female,0,No,No,Fiber_optic,No,No,No,No,Yes,No,No,1,2019-11-01,245
0022-TCJCI,2016-03-01,2019-12-01 00:00:00,One_year,No,Credit_card_(automatic),62.7,2791.5,Male,1,No,No,DSL,Yes,No,Yes,No,No,Yes,No,1,2019-12-01,1370
0722-SVSFK,2019-07-01,No,Month-to-month,Yes,Electronic_check,100.4,715.0,Female,0,No,No,Fiber_optic,No,No,Yes,Yes,Yes,Yes,No,0,2020-02-01,215
3612-YVGSJ,2014-03-01,No,Two_year,Yes,Credit_card_(automatic),24.45,1681.6,Female,0,Yes,No,No,No,No,No,No,No,No,Yes,0,2020-02-01,2163
9825-YCXWZ,2016-09-01,No,One_year,Yes,Bank_transfer_(automatic),101.1,4016.2,Female,1,No,No,Fiber_optic,No,No,Yes,Yes,Yes,Yes,No,0,2020-02-01,1248
5397-NSKQG,2014-07-01,No,Two_year,No,Credit_card_(automatic),50.9,3281.65,Male,0,Yes,Yes,DSL,Yes,No,No,No,Yes,Yes,No,0,2020-02-01,2041
8565-HBFNN,2014-05-01,No,One_year,Yes,Credit_card_(automatic),107.2,7317.1,Male,0,Yes,No,Fiber_optic,Yes,Yes,Yes,Yes,No,Yes,Yes,0,2020-02-01,2102
2000-DHJUY,2014-04-01,No,Two_year,Yes,Bank_transfer_(automatic),92.2,6474.45,Female,1,Yes,No,DSL,Yes,Yes,Yes,Yes,Yes,Yes,Yes,0,2020-02-01,2132
0203-HHYIJ,2017-09-01,2019-10-01 00:00:00,One_year,No,Bank_transfer_(automatic),25.3,676.35,Male,0,No,No,No,No,No,No,No,No,No,Yes,1,2019-10-01,760
8670-ERCJH,2014-02-01,No,Two_year,No,Bank_transfer_(automatic),113.4,8164.1,Male,0,No,No,Fiber_optic,Yes,Yes,Yes,Yes,Yes,Yes,Yes,0,2020-02-01,2191
7758-UJWYS,2017-04-01,No,Two_year,Yes,Electronic_check,40.55,1325.85,Male,0,Yes,Yes,DSL,No,No,No,Yes,Yes,No,No,0,2020-02-01,1036
2050-ONYDQ,2014-09-01,No,Two_year,No,Credit_card_(automatic),26.0,1654.85,Female,0,Yes,Yes,No,No,No,No,No,No,No,Yes,0,2020-02-01,1979
7055-JCGNI,2014-04-01,No,Two_year,Yes,Credit_card_(automatic),111.95,7795.95,Female,0,No,No,Fiber_optic,Yes,Yes,Yes,Yes,Yes,Yes,Yes,0,2020-02-01,2132
0739-UUAJR,2014-02-01,No,Two_year,Yes,Credit_card_(automatic),53.8,3952.45,Female,0,Yes,Yes,DSL,Yes,No,Yes,No,Yes,Yes,No,0,2020-02-01,2191
4826-DXMUP,2017-03-01,No,One_year,Yes,Mailed_check,72.1,2495.15,Male,0,No,Yes,DSL,No,No,No,Yes,Yes,Yes,No,0,2020-02-01,1067
0952-KMEEH,2018-09-01,2019-10-01 00:00:00,Month-to-month,No,Mailed_check,98.15,1230.25,Male,0,No,No,Fiber_optic,Yes,No,No,No,Yes,Yes,Yes,1,2019-10-01,395
7285-KLOTR,2019-02-01,No,One_year,No,Electronic_check,78.85,876.75,Female,0,Yes,No,DSL,Yes,No,Yes,No,Yes,Yes,Yes,0,2020-02-01,365
0654-PQKDW,2014-12-01,No,One_year,Yes,Bank_transfer_(automatic),70.75,4263.45,Female,0,Yes,Yes,DSL,Yes,No,Yes,Yes,Yes,No,No,0,2020-02-01,1888
7175-NTIXE,2018-01-01,No,Month-to-month,Yes,Credit_card_(automatic),76.15,1992.95,Female,0,No,No,DSL,Yes,No,No,Yes,Yes,Yes,No,0,2020-02-01,761
7963-SHNDT,2015-10-01,No,Two_year,No,Mailed_check,39.1,1982.1,Female,0,No,No,DSL,Yes,Yes,No,Yes,No,No,No,0,2020-02-01,1584
9796-BPKIW,2019-06-01,No,Month-to-month,Yes,Credit_card_(automatic),69.95,562.7,Male,1,No,No,Fiber_optic,No,No,No,No,No,No,No,0,2020-02-01,245
0188-GWFLE,2019-12-01,No,Month-to-month,No,Mailed_check,20.05,33.7,Male,0,No,No,No,No,No,No,No,No,No,No,0,2020-02-01,62
8129-GMVGI,2015-06-01,No,Two_year,No,Mailed_check,20.05,1090.1,Female,0,Yes,Yes,No,No,No,No,No,No,No,No,0,2020-02-01,1706
2882-DDZPG,2019-02-01,No,Month-to-month,No,Bank_transfer_(automatic),19.45,227.45,Female,0,No,No,No,No,No,No,No,No,No,No,0,2020-02-01,365
3547-LQRIK,2016-03-01,No,One_year,No,Electronic_check,26.9,1250.85,Female,0,Yes,No,No,No,No,No,No,No,No,Yes,0,2020-02-01,1432
9137-NOQKA,2019-12-01,No,Month-to-month,No,Electronic_check,19.2,37.2,Male,1,No,No,No,No,No,No,No,No,No,No,0,2020-02-01,62
5843-TTHGI,2018-08-01,No,Month-to-month,Yes,Mailed_check,50.0,892.7,Female,0,No,No,DSL,No,No,Yes,No,No,No,No,0,2020-02-01,549
1849-RJYIG,2019-06-01,No,Month-to-month,Yes,Electronic_check,60.0,487.75,Female,0,No,No,DSL,Yes,No,No,No,Yes,No,No,0,2020-02-01,245
8868-GAGIO,2016-05-01,No,Month-to-month,Yes,Mailed_check,84.55,3713.95,Male,0,Yes,No,Fiber_optic,Yes,No,Yes,No,No,No,Yes,0,2020-02-01,1371
4061-UKJWL,2019-11-01,No,Month-to-month,No,Mailed_check,45.45,141.7,Male,0,No,No,DSL,No,No,No,No,No,No,No,0,2020-02-01,92
5380-XPJNZ,2016-12-01,No,One_year,No,Mailed_check,20.05,678.2,Female,0,No,No,No,No,No,No,No,No,No,No,0,2020-02-01,1157
8263-QMNTJ,2014-02-01,No,Two_year,Yes,Electronic_check,115.55,8425.3,Male,0,Yes,No,Fiber_optic,Yes,Yes,Yes,Yes,Yes,Yes,Yes,0,2020-02-01,2191
8178-EYZUO,2016-02-01,2019-12-01 00:00:00,Month-to-month,Yes,Electronic_check,93.7,4154.8,Male,0,No,No,Fiber_optic,Yes,Yes,No,No,No,Yes,Yes,1,2019-12-01,1399
3230-JCNZS,2014-03-01,No,Two_year,Yes,Credit_card_(automatic),99.0,7061.65,Female,0,Yes,Yes,Fiber_optic,Yes,Yes,Yes,No,Yes,No,Yes,0,2020-02-01,2163
0277-ORXQS,2014-08-01,No,Two_year,No,Bank_transfer_(automatic),50.55,3364.55,Male,0,Yes,Yes,DSL,No,No,No,Yes,Yes,Yes,No,0,2020-02-01,2010
5130-IEKQT,2017-10-01,2019-11-01 00:00:00,Month-to-month,No,Mailed_check,105.95,2655.25,Male,1,No,No,Fiber_optic,No,Yes,Yes,No,Yes,Yes,Yes,1,2019-11-01,761
3230-WYKIR,2018-05-01,2019-11-01 00:00:00,One_year,Yes,Credit_card_(automatic),82.0,1425.45,Male,0,No,No,DSL,No,No,Yes,Yes,Yes,Yes,Yes,1,2019-11-01,549
7996-BPXHY,2019-01-01,No,Two_year,Yes,Bank_transfer_(automatic),25.0,332.5,Female,0,Yes,Yes,No,No,No,No,No,No,No,Yes,0,2020-02-01,396
3227-WLKLI,2014-09-01,No,Two_year,No,Bank_transfer_(automatic),91.55,5963.95,Female,0,Yes,Yes,DSL,Yes,Yes,Yes,Yes,Yes,Yes,Yes,0,2020-02-01,1979
0407-BDJKB,2014-12-01,2019-12-01 00:00:00,Month-to-month,Yes,Electronic_check,95.75,5742.9,Male,0,Yes,No,Fiber_optic,No,Yes,Yes,No,Yes,No,Yes,1,2019-12-01,1826
2266-FUBDZ,2018-11-01,No,Two_year,No,Mailed_check,19.35,278.85,Male,0,Yes,Yes,No,No,No,No,No,No,No,No,0,2020-02-01,457
8237-ULIXL,2014-02-01,No,Two_year,No,Credit_card_(automatic),24.85,1871.85,Female,0,Yes,No,No,No,No,No,No,No,No,Yes,0,2020-02-01,2191
9600-UDOPK,2017-07-01,2020-01-01 00:00:00,Month-to-month,Yes,Credit_card_(automatic),94.05,2866.45,Male,0,Yes,No,Fiber_optic,No,No,No,No,Yes,Yes,Yes,1,2020-01-01,914
8216-AZUUZ,2016-08-01,No,Two_year,Yes,Electronic_check,100.4,4303.65,Female,0,Yes,Yes,Fiber_optic,No,No,Yes,Yes,Yes,Yes,No,0,2020-02-01,1279
9153-BTBVV,2014-03-01,No,Two_year,No,Bank_transfer_(automatic),25.0,1753.0,Female,0,Yes,No,No,No,No,No,No,No,No,Yes,0,2020-02-01,2163
4074-SJFFA,2019-12-01,2020-01-01 00:00:00,Month-to-month,Yes,Mailed_check,54.75,54.75,Female,0,No,No,DSL,No,No,No,No,No,Yes,No,1,2020-01-01,31
3269-ATYWD,2016-09-01,2019-12-01 00:00:00,Month-to-month,Yes,Bank_transfer_(automatic),95.65,3759.05,Male,1,No,No,Fiber_optic,No,No,No,No,Yes,Yes,Yes,1,2019-12-01,1186
5186-PEIZU,2017-03-01,No,Month-to-month,No,Bank_transfer_(automatic),19.25,617.65,Female,0,No,No,No,No,No,No,No,No,No,No,0,2020-02-01,1067
1074-AMIOH,2015-09-01,No,Month-to-month,Yes,Bank_transfer_(automatic),108.25,5935.1,Female,0,Yes,Yes,Fiber_optic,No,Yes,Yes,Yes,Yes,Yes,No,0,2020-02-01,1614
4910-GMJOT,2019-10-01,2019-11-01 00:00:00,Month-to-month,Yes,Electronic_check,94.6,94.6,Female,0,No,No,Fiber_optic,No,No,No,No,Yes,Yes,Yes,1,2019-11-01,31
0354-WYROK,2017-04-01,2019-11-01 00:00:00,Month-to-month,Yes,Electronic_check,98.9,2911.3,Female,1,Yes,Yes,Fiber_optic,No,No,Yes,Yes,Yes,Yes,No,1,2019-11-01,944
4361-FEBGN,2016-02-01,No,Two_year,No,Credit_card_(automatic),20.15,982.95,Male,0,No,No,No,No,No,No,No,No,No,No,0,2020-02-01,1461
7748-UMTRK,2017-08-01,No,Month-to-month,Yes,Electronic_check,101.3,2974.5,Female,1,No,Yes,Fiber_optic,No,No,No,Yes,Yes,Yes,Yes,0,2020-02-01,914
0380-ZCSBI,2019-04-01,No,Month-to-month,No,Credit_card_(automatic),20.0,198.7,Male,0,No,No,No,No,No,No,No,No,No,No,0,2020-02-01,306
7145-FEJWU,2019-02-01,No,Month-to-month,Yes,Electronic_check,105.3,1275.65,Female,0,No,Yes,Fiber_optic,No,Yes,Yes,No,Yes,Yes,Yes,0,2020-02-01,365
6463-MVYRY,2015-05-01,No,Two_year,No,Bank_transfer_(automatic),69.85,4003.0,Female,1,No,No,DSL,Yes,No,Yes,Yes,Yes,No,No,0,2020-02-01,1737
3969-JQABI,2015-04-01,No,Month-to-month,Yes,Credit_card_(automatic),65.25,3791.6,Female,0,Yes,No,DSL,Yes,Yes,No,No,Yes,No,No,0,2020-02-01,1767
9624-EGDEQ,2017-01-01,No,Two_year,No,Mailed_check,19.8,813.3,Female,0,No,No,No,No,No,No,No,No,No,No,0,2020-02-01,1126
1051-EQPZR,2016-06-01,No,Month-to-month,No,Mailed_check,19.6,780.25,Female,0,Yes,Yes,No,No,No,No,No,No,No,No,0,2020-02-01,1340
5849-ASHZJ,2017-11-01,No,One_year,No,Credit_card_(automatic),20.05,552.9,Male,0,No,Yes,No,No,No,No,No,No,No,No,0,2020-02-01,822
5780-INQIK,2019-06-01,No,Month-to-month,No,Electronic_check,49.4,408.25,Female,0,No,No,DSL,No,No,No,Yes,No,No,No,0,2020-02-01,245
7576-OYWBN,2019-07-01,2019-10-01 00:00:00,Month-to-month,Yes,Electronic_check,76.05,231.8,Male,1,No,No,Fiber_optic,No,No,No,No,No,No,Yes,1,2019-10-01,92
4526-ZJJTM,2018-01-01,No,Month-to-month,No,Bank_transfer_(automatic),88.4,2191.15,Female,1,Yes,No,Fiber_optic,No,Yes,Yes,No,No,Yes,No,0,2020-02-01,761
8384-FZBJK,2015-05-01,No,Month-to-month,Yes,Electronic_check,100.6,5611.7,Female,0,Yes,Yes,Fiber_optic,No,Yes,No,No,Yes,Yes,Yes,0,2020-02-01,1737
3750-RNQKR,2019-02-01,No,Month-to-month,No,Mailed_check,19.45,246.25,Female,0,No,No,No,No,No,No,No,No,No,No,0,2020-02-01,365
0962-CQPWQ,2014-12-01,No,Two_year,No,Bank_transfer_(automatic),20.3,1296.15,Female,0,Yes,Yes,No,No,No,No,No,No,No,No,0,2020-02-01,1888
3096-YXENJ,2014-09-01,No,Two_year,Yes,Bank_transfer_(automatic),107.65,7082.85,Female,0,Yes,No,Fiber_optic,No,Yes,Yes,Yes,Yes,Yes,Yes,0,2020-02-01,1979
1265-BCFEO,2014-03-01,No,Two_year,Yes,Bank_transfer_(automatic),80.45,5662.25,Female,0,Yes,No,DSL,No,No,Yes,Yes,Yes,Yes,Yes,0,2020-02-01,2163
5837-LXSDN,2018-05-01,No,One_year,Yes,Credit_card_(automatic),58.85,1215.45,Female,0,Yes,Yes,DSL,No,Yes,No,No,Yes,No,No,0,2020-02-01,641
5945-AZYHT,2014-03-01,No,One_year,Yes,Electronic_check,109.6,7854.15,Male,0,Yes,No,Fiber_optic,Yes,Yes,Yes,No,Yes,Yes,Yes,0,2020-02-01,2163
8325-QRPZR,2019-07-01,No,Month-to-month,Yes,Electronic_check,75.15,525.0,Female,0,No,No,Fiber_optic,No,No,Yes,No,No,No,No,0,2020-02-01,215
6384-VMJHP,2014-02-01,No,Two_year,Yes,Credit_card_(automatic),73.0,5265.2,Female,0,No,No,DSL,Yes,Yes,Yes,Yes,No,Yes,No,0,2020-02-01,2191
2262-SLNVK,2020-01-01,No,Month-to-month,No,Electronic_check,70.1,70.1,Female,0,No,No,Fiber_optic,No,No,No,No,No,No,No,0,2020-02-01,31
7730-CLDSV,2014-02-01,No,Two_year,Yes,Bank_transfer_(automatic),98.65,7129.45,Female,0,Yes,Yes,Fiber_optic,No,Yes,Yes,Yes,No,Yes,Yes,0,2020-02-01,2191
1135-HIORI,2014-10-01,No,One_year,Yes,Electronic_check,111.45,7266.95,Female,0,Yes,Yes,Fiber_optic,No,Yes,Yes,Yes,Yes,Yes,Yes,0,2020-02-01,1949
0164-APGRB,2014-02-01,No,Two_year,Yes,Electronic_check,114.9,8496.7,Female,0,No,No,Fiber_optic,Yes,Yes,Yes,Yes,Yes,Yes,Yes,0,2020-02-01,2191
6481-ESCNL,2017-09-01,No,Month-to-month,No,Bank_transfer_(automatic),100.55,2878.75,Female,0,No,No,Fiber_optic,No,No,Yes,No,Yes,Yes,Yes,0,2020-02-01,883
1790-NESIO,2019-01-01,No,Two_year,Yes,Mailed_check,20.4,261.3,Female,0,No,No,No,No,No,No,No,No,No,No,0,2020-02-01,396
1550-EENBN,2017-07-01,No,Month-to-month,No,Electronic_check,104.35,3205.6,Female,0,No,No,Fiber_optic,Yes,Yes,No,No,Yes,Yes,Yes,0,2020-02-01,945
5539-TMZLF,2019-12-01,2020-01-01 00:00:00,Month-to-month,Yes,Electronic_check,69.75,69.75,Male,1,No,No,Fiber_optic,No,No,No,No,No,No,No,1,2020-01-01,31
4323-SADQS,2019-06-01,2020-01-01 00:00:00,Month-to-month,Yes,Electronic_check,34.5,279.25,Male,0,Yes,Yes,DSL,Yes,No,No,Yes,No,No,No,1,2020-01-01,214
4446-BZKHU,2014-09-01,2019-10-01 00:00:00,Month-to-month,Yes,Electronic_check,105.55,6281.45,Male,0,Yes,No,Fiber_optic,No,Yes,Yes,No,Yes,Yes,Yes,1,2019-10-01,1856
5202-IVJNU,2016-08-01,2019-11-01 00:00:00,Month-to-month,No,Credit_card_(automatic),30.1,1131.3,Female,0,No,Yes,DSL,No,No,Yes,No,No,No,No,1,2019-11-01,1187
5976-JCJRH,2019-02-01,2019-12-01 00:00:00,Month-to-month,Yes,Electronic_check,70.3,738.2,Male,0,Yes,No,Fiber_optic,No,No,No,No,No,No,No,1,2019-12-01,303
8198-RKSZG,2018-12-01,No,Month-to-month,No,Credit_card_(automatic),80.45,1137.05,Female,0,Yes,Yes,DSL,No,Yes,No,Yes,Yes,Yes,Yes,0,2020-02-01,427
0137-OCGAB,2019-10-01,2019-11-01 00:00:00,Month-to-month,Yes,Mailed_check,80.2,80.2,Female,0,No,No,Fiber_optic,No,Yes,No,No,No,No,Yes,1,2019-11-01,31
3351-NQLDI,2014-03-01,2019-10-01 00:00:00,One_year,Yes,Credit_card_(automatic),94.35,6341.45,Female,0,Yes,Yes,Fiber_optic,Yes,No,No,Yes,No,Yes,Yes,1,2019-10-01,2040
9297-EONCV,2014-02-01,No,Two_year,Yes,Bank_transfer_(automatic),91.35,6697.2,Female,0,No,No,DSL,Yes,Yes,Yes,Yes,Yes,Yes,Yes,0,2020-02-01,2191
7593-JNWRU,2019-07-01,2020-01-01 00:00:00,Month-to-month,Yes,Bank_transfer_(automatic),44.6,260.8,Male,0,Yes,Yes,DSL,No,No,No,No,No,No,No,1,2020-01-01,184
4588-YBNIB,2019-11-01,2019-12-01 00:00:00,Month-to-month,Yes,Mailed_check,19.6,19.6,Female,0,No,No,No,No,No,No,No,No,No,No,1,2019-12-01,30
1069-QJOEE,2018-01-01,No,One_year,No,Electronic_check,19.9,505.45,Male,0,Yes,Yes,No,No,No,No,No,No,No,No,0,2020-02-01,761
3336-JORSO,2017-01-01,2019-10-01 00:00:00,Month-to-month,Yes,Electronic_check,110.45,3655.45,Female,1,No,No,Fiber_optic,No,Yes,Yes,Yes,Yes,Yes,Yes,1,2019-10-01,1003
7799-DSEWS,2018-08-01,No,Month-to-month,Yes,Electronic_check,68.35,1299.8,Male,0,No,No,DSL,Yes,No,Yes,Yes,Yes,No,No,0,2020-02-01,549
8766-PAFNE,2014-03-01,No,Two_year,Yes,Credit_card_(automatic),79.1,5564.85,Male,0,Yes,No,DSL,No,Yes,Yes,Yes,Yes,Yes,No,0,2020-02-01,2163
5315-CKEQK,2017-10-01,No,One_year,Yes,Electronic_check,51.0,1381.8,Male,1,Yes,Yes,DSL,No,No,No,No,No,No,Yes,0,2020-02-01,853
3130-ICDUP,2019-12-01,No,Month-to-month,No,Credit_card_(automatic),80.55,188.1,Female,0,No,Yes,Fiber_optic,Yes,No,No,No,No,No,Yes,0,2020-02-01,62
0820-FNRNX,2018-09-01,No,Month-to-month,Yes,Mailed_check,66.7,1077.05,Male,0,Yes,Yes,DSL,No,Yes,Yes,Yes,No,No,Yes,0,2020-02-01,518
0880-FVFWF,2015-06-01,No,Month-to-month,Yes,Electronic_check,86.4,4922.4,Male,0,No,No,Fiber_optic,Yes,Yes,No,No,No,No,Yes,0,2020-02-01,1706
4611-ANLQC,2015-02-01,No,One_year,No,Electronic_check,50.05,2911.5,Female,0,Yes,No,DSL,Yes,Yes,Yes,No,No,Yes,No,0,2020-02-01,1826
4213-HKBJO,2017-05-01,No,Two_year,No,Credit_card_(automatic),25.7,826.1,Female,0,No,No,No,No,No,No,No,No,No,Yes,0,2020-02-01,1006
2792-LSHWX,2020-01-01,No,Month-to-month,Yes,Mailed_check,83.4,83.4,Female,0,No,No,Fiber_optic,Yes,Yes,No,Yes,No,No,No,0,2020-02-01,31
5028-GZLDO,2019-09-01,2019-11-01 00:00:00,Month-to-month,No,Credit_card_(automatic),70.7,140.7,Male,0,No,No,Fiber_optic,No,No,No,No,No,No,No,1,2019-11-01,61
0014-BMAQU,2014-11-01,No,Two_year,Yes,Credit_card_(automatic),84.65,5377.8,Male,0,Yes,No,Fiber_optic,Yes,No,No,Yes,No,No,Yes,0,2020-02-01,1918
6861-XWTWQ,2019-04-01,2019-11-01 00:00:00,Month-to-month,Yes,Electronic_check,99.25,665.45,Male,1,Yes,No,Fiber_optic,No,No,Yes,No,Yes,Yes,Yes,1,2019-11-01,214
9018-PCIOK,2015-07-01,No,Two_year,Yes,Mailed_check,64.75,3617.1,Female,0,No,No,DSL,No,Yes,Yes,No,No,Yes,No,0,2020-02-01,1676
4837-QUSFT,2014-09-01,No,One_year,Yes,Bank_transfer_(automatic),100.15,6643.5,Female,0,Yes,No,Fiber_optic,Yes,Yes,No,Yes,Yes,No,Yes,0,2020-02-01,1979
6877-TJMBR,2019-10-01,2019-11-01 00:00:00,Month-to-month,Yes,Electronic_check,84.8,84.8,Male,0,Yes,No,Fiber_optic,No,No,No,Yes,Yes,No,No,1,2019-11-01,31
9953-ZMKSM,2014-11-01,No,Two_year,No,Mailed_check,25.25,1559.3,Male,0,No,No,No,No,No,No,No,No,No,Yes,0,2020-02-01,1918
0907-HQNTS,2014-04-01,No,Two_year,Yes,Credit_card_(automatic),113.0,7987.6,Female,1,Yes,No,Fiber_optic,Yes,Yes,Yes,Yes,Yes,Yes,Yes,0,2020-02-01,2132
7665-NKLAV,2017-02-01,No,Two_year,No,Credit_card_(automatic),40.65,1547.35,Female,0,Yes,Yes,DSL,Yes,No,Yes,Yes,No,No,No,0,2020-02-01,1095
6769-DCQLI,2015-09-01,2020-01-01 00:00:00,One_year,Yes,Bank_transfer_(automatic),105.0,5426.85,Male,0,No,No,Fiber_optic,No,Yes,Yes,Yes,Yes,Yes,No,1,2020-01-01,1583
2433-KMEAS,2017-12-01,2019-10-01 00:00:00,Month-to-month,Yes,Electronic_check,54.45,1127.35,Male,0,No,No,DSL,Yes,No,No,No,No,No,Yes,1,2019-10-01,669
4391-LNRXK,2018-04-01,No,Month-to-month,Yes,Bank_transfer_(automatic),94.95,2142.8,Male,0,No,No,Fiber_optic,No,Yes,Yes,Yes,No,Yes,No,0,2020-02-01,671
8250-ZNGGW,2019-09-01,No,Month-to-month,No,Credit_card_(automatic),59.9,287.85,Female,1,No,No,DSL,Yes,Yes,No,Yes,No,No,No,0,2020-02-01,153
2195-ZRVAX,2016-02-01,2020-01-01 00:00:00,Month-to-month,Yes,Electronic_check,85.3,4045.65,Female,0,Yes,No,Fiber_optic,No,No,Yes,No,No,Yes,No,1,2020-01-01,1430
3550-SAHFP,2017-01-01,2019-10-01 00:00:00,Month-to-month,Yes,Electronic_check,83.35,2757.85,Female,0,No,No,Fiber_optic,No,No,No,No,No,Yes,Yes,1,2019-10-01,1003
2011-TRQYE,2018-05-01,2019-11-01 00:00:00,Month-to-month,Yes,Credit_card_(automatic),33.5,600.0,Male,0,No,No,DSL,No,Yes,Yes,No,No,No,No,1,2019-11-01,549
8562-GHPPI,2020-01-01,No,Month-to-month,No,Credit_card_(automatic),19.8,19.8,Female,0,No,No,No,No,No,No,No,No,No,No,0,2020-02-01,31
5893-PYOLZ,2015-06-01,No,Two_year,Yes,Credit_card_(automatic),81.8,4534.45,Male,0,No,No,DSL,No,Yes,Yes,Yes,Yes,Yes,No,0,2020-02-01,1706
4986-MXSFP,2019-12-01,No,Month-to-month,Yes,Mailed_check,20.0,40.9,Female,0,No,No,No,No,No,No,No,No,No,No,0,2020-02-01,62
6131-FOYAS,2017-03-01,No,Month-to-month,Yes,Electronic_check,59.6,2094.9,Male,0,No,No,DSL,Yes,No,Yes,No,No,No,Yes,0,2020-02-01,1067
3027-YNWZU,2014-10-01,No,Two_year,No,Credit_card_(automatic),25.0,1584.8,Female,0,Yes,No,No,No,No,No,No,No,No,Yes,0,2020-02-01,1949
5609-IMCGG,2018-11-01,No,Month-to-month,Yes,Credit_card_(automatic),84.35,1302.65,Female,0,No,No,Fiber_optic,Yes,No,Yes,No,No,No,Yes,0,2020-02-01,457
4873-ILOLJ,2017-11-01,2019-11-01 00:00:00,Month-to-month,Yes,Electronic_check,90.35,2238.5,Male,0,No,No,Fiber_optic,No,No,No,No,Yes,Yes,No,1,2019-11-01,730
4727-MCYZG,2020-01-01,No,Month-to-month,No,Mailed_check,55.55,55.55,Male,0,No,No,DSL,No,No,No,No,No,Yes,No,0,2020-02-01,31
9481-WHGWY,2014-04-01,No,Two_year,No,Credit_card_(automatic),75.35,5437.75,Female,0,Yes,Yes,DSL,Yes,No,No,Yes,Yes,Yes,No,0,2020-02-01,2132
2725-KXXWT,2019-12-01,2020-01-01 00:00:00,Month-to-month,Yes,Electronic_check,90.75,90.75,Male,0,Yes,No,Fiber_optic,No,No,No,No,Yes,Yes,No,1,2020-01-01,31
9565-DJPIB,2019-06-01,2019-10-01 00:00:00,Month-to-month,No,Mailed_check,89.6,365.65,Female,0,No,Yes,Fiber_optic,No,Yes,No,No,Yes,No,Yes,1,2019-10-01,122
4328-VUFWD,2016-11-01,No,One_year,No,Electronic_check,59.3,2209.15,Female,0,No,No,DSL,No,No,No,Yes,No,Yes,No,0,2020-02-01,1187
3301-LSLWQ,2017-09-01,No,Month-to-month,Yes,Electronic_check,66.1,1912.15,Female,0,No,No,DSL,Yes,No,No,No,No,Yes,Yes,0,2020-02-01,883
7473-ZBDSN,2018-12-01,No,Two_year,No,Mailed_check,18.8,255.55,Female,0,Yes,Yes,No,No,No,No,No,No,No,No,0,2020-02-01,427
3166-PNEOF,2015-01-01,No,Two_year,No,Credit_card_(automatic),86.45,5175.3,Female,0,No,No,DSL,Yes,No,Yes,Yes,Yes,Yes,Yes,0,2020-02-01,1857
5639-NTUPK,2019-01-01,No,Month-to-month,Yes,Credit_card_(automatic),52.1,670.65,Male,0,No,Yes,DSL,Yes,No,No,No,No,No,No,0,2020-02-01,396
8780-YRMTT,2014-08-01,No,Two_year,Yes,Mailed_check,47.4,3177.25,Female,0,No,No,DSL,Yes,Yes,Yes,Yes,No,No,No,0,2020-02-01,2010
8348-HFYIV,2019-08-01,2019-10-01 00:00:00,Month-to-month,Yes,Electronic_check,49.25,90.35,Male,0,No,No,DSL,No,No,Yes,No,Yes,Yes,No,1,2019-10-01,61
5140-FOMCQ,2015-03-01,No,One_year,Yes,Credit_card_(automatic),109.15,6557.75,Female,0,Yes,No,Fiber_optic,Yes,Yes,Yes,No,Yes,Yes,Yes,0,2020-02-01,1798
6242-SGYTS,2014-12-01,No,One_year,Yes,Credit_card_(automatic),94.95,5791.85,Male,0,Yes,Yes,Fiber_optic,Yes,Yes,No,No,Yes,No,Yes,0,2020-02-01,1888
8166-ORCHU,2017-05-01,No,One_year,Yes,Electronic_check,93.55,3055.5,Male,1,Yes,No,Fiber_optic,Yes,Yes,No,Yes,No,Yes,No,0,2020-02-01,1006
8414-OOEEL,2014-08-01,No,Two_year,Yes,Credit_card_(automatic),79.5,5196.1,Male,0,No,Yes,DSL,No,Yes,Yes,Yes,Yes,Yes,No,0,2020-02-01,2010
8454-AATJP,2014-02-01,No,Two_year,No,Credit_card_(automatic),115.05,8405.0,Female,0,No,No,Fiber_optic,Yes,Yes,Yes,Yes,Yes,Yes,Yes,0,2020-02-01,2191
6849-WLEYG,2019-09-01,2019-10-01 00:00:00,Month-to-month,No,Mailed_check,19.75,19.75,Male,0,No,Yes,No,No,No,No,No,No,No,No,1,2019-10-01,30
4659-NZRUF,2018-04-01,2019-11-01 00:00:00,Month-to-month,Yes,Electronic_check,95.15,1789.25,Female,0,No,No,Fiber_optic,Yes,Yes,No,No,No,Yes,Yes,1,2019-11-01,579
4531-AUZNK,2015-11-01,No,One_year,Yes,Mailed_check,95.15,5000.05,Female,0,Yes,Yes,Fiber_optic,Yes,No,No,Yes,Yes,No,Yes,0,2020-02-01,1553
4191-XOVOM,2014-11-01,No,Month-to-month,No,Electronic_check,105.4,6713.2,Male,0,No,No,Fiber_optic,No,Yes,No,Yes,Yes,Yes,Yes,0,2020-02-01,1918
2150-OEGBV,2017-11-01,No,One_year,No,Bank_transfer_(automatic),20.1,562.6,Male,0,No,No,No,No,No,No,No,No,No,No,0,2020-02-01,822
8429-XIBUM,2018-02-01,2019-12-01 00:00:00,Month-to-month,Yes,Bank_transfer_(automatic),101.35,2317.1,Male,0,No,No,Fiber_optic,Yes,No,No,No,Yes,Yes,Yes,1,2019-12-01,668
1855-CFULU,2019-10-01,No,Month-to-month,No,Mailed_check,20.05,91.45,Female,1,No,No,No,No,No,No,No,No,No,No,0,2020-02-01,123
4878-BUNFV,2016-08-01,No,Two_year,No,Mailed_check,20.7,828.85,Male,0,Yes,Yes,No,No,No,No,No,No,No,No,0,2020-02-01,1279
1872-EBWSC,2017-09-01,No,One_year,No,Mailed_check,20.35,617.35,Female,0,No,No,No,No,No,No,No,No,No,No,0,2020-02-01,883
2608-BHKFN,2019-06-01,2019-10-01 00:00:00,Month-to-month,Yes,Credit_card_(automatic),70.05,266.9,Female,0,No,No,Fiber_optic,No,No,No,No,No,No,No,1,2019-10-01,122
7026-YMSBE,2017-08-01,No,One_year,No,Mailed_check,19.7,625.05,Male,0,No,No,No,No,No,No,No,No,No,No,0,2020-02-01,914
7341-LXCAF,2019-06-01,2019-10-01 00:00:00,Month-to-month,Yes,Electronic_check,74.65,301.4,Male,0,Yes,No,Fiber_optic,No,No,No,No,No,No,Yes,1,2019-10-01,122
6997-UVGOX,2014-03-01,No,Two_year,No,Bank_transfer_(automatic),85.45,6029.9,Male,0,Yes,Yes,DSL,Yes,Yes,Yes,Yes,Yes,Yes,No,0,2020-02-01,2163
9674-EHPPG,2016-04-01,No,Two_year,No,Credit_card_(automatic),40.4,1842.7,Male,0,Yes,No,DSL,Yes,No,Yes,Yes,No,No,No,0,2020-02-01,1401
9462-MJUAW,2019-09-01,2020-01-01 00:00:00,Month-to-month,No,Mailed_check,50.4,206.6,Male,0,No,No,DSL,No,No,No,No,No,No,Yes,1,2020-01-01,122
8128-YVJRG,2019-05-01,2019-12-01 00:00:00,Month-to-month,Yes,Mailed_check,79.65,604.7,Female,0,No,No,Fiber_optic,Yes,No,No,No,No,No,Yes,1,2019-12-01,214
5440-VHLUL,2014-05-01,No,One_year,Yes,Bank_transfer_(automatic),105.2,7386.05,Male,0,No,No,Fiber_optic,No,Yes,No,Yes,Yes,Yes,Yes,0,2020-02-01,2102
5781-BKHOP,2014-02-01,No,Two_year,No,Bank_transfer_(automatic),100.65,7334.05,Female,0,Yes,No,Fiber_optic,Yes,Yes,Yes,No,Yes,No,Yes,0,2020-02-01,2191
4283-FUTGF,2018-05-01,2019-12-01 00:00:00,Month-to-month,Yes,Electronic_check,79.85,1471.75,Male,1,No,No,Fiber_optic,No,No,Yes,No,No,No,Yes,1,2019-12-01,579
5213-TWWJU,2017-10-01,No,Month-to-month,No,Electronic_check,91.0,2626.15,Male,0,No,No,Fiber_optic,No,No,Yes,Yes,No,Yes,No,0,2020-02-01,853
1569-TTNYJ,2019-05-01,2019-10-01 00:00:00,Month-to-month,Yes,Electronic_check,78.75,412.1,Male,0,Yes,No,Fiber_optic,No,Yes,No,No,No,No,Yes,1,2019-10-01,153
8628-MFKAX,2014-02-01,No,Two_year,Yes,Credit_card_(automatic),116.75,8277.05,Female,1,Yes,No,Fiber_optic,Yes,Yes,Yes,Yes,Yes,Yes,Yes,0,2020-02-01,2191
2397-BRLOM,2019-04-01,2019-12-01 00:00:00,Month-to-month,Yes,Credit_card_(automatic),80.45,583.45,Male,1,Yes,Yes,Fiber_optic,No,No,No,No,Yes,No,No,1,2019-12-01,244
7629-WIXZF,2019-07-01,No,One_year,Yes,Electronic_check,59.1,369.25,Female,0,No,No,DSL,Yes,No,No,No,No,Yes,No,0,2020-02-01,215
5445-GLVOT,2018-04-01,No,Month-to-month,Yes,Electronic_check,49.8,1049.05,Female,0,No,No,DSL,Yes,No,No,No,No,No,No,0,2020-02-01,671
3976-HXHCE,2014-02-01,No,Two_year,No,Bank_transfer_(automatic),19.3,1414.8,Male,0,No,No,No,No,No,No,No,No,No,No,0,2020-02-01,2191
2466-NEJOJ,2019-06-01,No,Month-to-month,No,Credit_card_(automatic),19.65,169.75,Male,0,Yes,Yes,No,No,No,No,No,No,No,No,0,2020-02-01,245
0254-KCJGT,2015-10-01,No,One_year,Yes,Credit_card_(automatic),81.4,4354.45,Male,0,Yes,No,DSL,Yes,Yes,Yes,Yes,No,Yes,Yes,0,2020-02-01,1584
5472-CVMDX,2014-06-01,No,Two_year,No,Mailed_check,38.9,2719.2,Female,0,No,No,DSL,Yes,No,Yes,Yes,No,No,No,0,2020-02-01,2071
6461-SZMCV,2014-03-01,No,Two_year,No,Bank_transfer_(automatic),87.95,6365.35,Female,0,Yes,No,DSL,Yes,Yes,Yes,Yes,Yes,Yes,Yes,0,2020-02-01,2163
8150-QUDFX,2019-12-01,No,Month-to-month,No,Mailed_check,19.85,51.6,Male,0,No,No,No,No,No,No,No,No,No,No,0,2020-02-01,62
9508-ILZDG,2017-04-01,No,Month-to-month,Yes,Electronic_check,96.35,3190.25,Female,1,No,No,Fiber_optic,No,Yes,No,Yes,Yes,No,Yes,0,2020-02-01,1036
2346-DJQTB,2017-03-01,No,Month-to-month,No,Electronic_check,24.15,812.5,Female,0,No,No,DSL,No,No,No,No,No,No,No,0,2020-02-01,1067
1697-LYYYX,2015-01-01,No,One_year,No,Credit_card_(automatic),19.1,1143.8,Female,0,Yes,Yes,No,No,No,No,No,No,No,No,0,2020-02-01,1857
1942-OQFRW,2020-01-01,No,Month-to-month,No,Electronic_check,44.0,44.0,Male,0,No,No,DSL,No,No,No,No,No,No,No,0,2020-02-01,31
4749-VFKVB,2019-09-01,2019-10-01 00:00:00,Month-to-month,Yes,Mailed_check,50.1,50.1,Female,0,No,No,DSL,No,No,No,No,No,No,Yes,1,2019-10-01,30
9640-ZSLDC,2015-09-01,No,One_year,No,Credit_card_(automatic),60.6,3297.0,Female,0,Yes,Yes,DSL,No,No,Yes,No,No,Yes,No,0,2020-02-01,1614
4231-LZUYM,2014-02-01,No,Two_year,No,Bank_transfer_(automatic),25.65,1887.0,Female,0,Yes,No,No,No,No,No,No,No,No,Yes,0,2020-02-01,2191
7598-UAASY,2019-11-01,2020-01-01 00:00:00,Month-to-month,No,Electronic_check,76.4,151.8,Male,0,Yes,No,Fiber_optic,No,No,Yes,No,No,No,No,1,2020-01-01,61
7938-OUHIO,2019-07-01,2019-10-01 00:00:00,Month-to-month,Yes,Electronic_check,98.7,293.65,Male,0,No,No,Fiber_optic,No,No,Yes,Yes,Yes,Yes,No,1,2019-10-01,92
8510-AWCXC,2018-11-01,2019-12-01 00:00:00,Month-to-month,Yes,Electronic_check,100.8,1308.1,Female,1,No,No,Fiber_optic,Yes,No,No,No,Yes,Yes,Yes,1,2019-12-01,395
6128-AQBMT,2016-09-01,No,Month-to-month,Yes,Electronic_check,53.95,2215.4,Male,1,Yes,No,DSL,No,Yes,Yes,No,Yes,Yes,No,0,2020-02-01,1248
3594-BDSOA,2018-02-01,No,One_year,No,Credit_card_(automatic),20.4,482.8,Female,0,Yes,No,No,No,No,No,No,No,No,No,0,2020-02-01,730
0431-APWVY,2017-06-01,2019-10-01 00:00:00,One_year,Yes,Bank_transfer_(automatic),90.1,2598.95,Female,0,Yes,Yes,Fiber_optic,No,No,No,No,Yes,Yes,No,1,2019-10-01,852
5133-VRSAB,2019-06-01,No,Month-to-month,No,Mailed_check,29.35,216.45,Male,0,No,No,DSL,Yes,No,No,No,No,No,No,0,2020-02-01,245
5996-DAOQL,2020-01-01,No,Month-to-month,Yes,Mailed_check,20.45,20.45,Male,0,No,No,No,No,No,No,No,No,No,No,0,2020-02-01,31
6838-YAUVY,2015-08-01,No,Two_year,Yes,Bank_transfer_(automatic),95.1,5064.85,Female,0,No,No,Fiber_optic,No,No,Yes,Yes,No,Yes,Yes,0,2020-02-01,1645
0484-JPBRU,2016-09-01,No,Month-to-month,Yes,Bank_transfer_(automatic),25.25,996.45,Male,0,No,No,No,No,No,No,No,No,No,Yes,0,2020-02-01,1248
7883-ROJOC,2018-07-01,No,Month-to-month,No,Mailed_check,44.9,839.65,Female,0,Yes,No,DSL,No,No,No,No,No,No,No,0,2020-02-01,580
0244-LGNFY,2014-02-01,No,Two_year,No,Bank_transfer_(automatic),92.65,6733.0,Female,0,Yes,Yes,DSL,Yes,Yes,Yes,Yes,Yes,Yes,Yes,0,2020-02-01,2191
7274-CGTOD,2014-12-01,No,Two_year,Yes,Bank_transfer_(automatic),43.7,2618.3,Male,0,No,No,DSL,Yes,Yes,Yes,Yes,No,No,No,0,2020-02-01,1888
4295-YURET,2015-06-01,No,Two_year,Yes,Credit_card_(automatic),72.6,4084.35,Female,1,Yes,Yes,DSL,Yes,No,No,Yes,Yes,Yes,No,0,2020-02-01,1706
3426-NIYYL,2018-10-01,2020-01-01 00:00:00,Month-to-month,No,Electronic_check,51.55,765.5,Male,0,No,No,DSL,No,No,No,No,No,No,Yes,1,2020-01-01,457
8225-BTJAU,2018-12-01,2019-10-01 00:00:00,Month-to-month,Yes,Electronic_check,79.25,793.55,Male,1,No,No,Fiber_optic,No,No,No,No,No,Yes,No,1,2019-10-01,304
4635-EJYPD,2017-06-01,No,Two_year,No,Mailed_check,18.95,613.95,Male,0,Yes,Yes,No,No,No,No,No,No,No,No,0,2020-02-01,975
1866-ZSLJM,2018-05-01,No,Month-to-month,No,Credit_card_(automatic),20.5,402.85,Male,0,No,No,No,No,No,No,No,No,No,No,0,2020-02-01,641
4636-TVXVG,2014-12-01,No,One_year,No,Bank_transfer_(automatic),19.95,1244.8,Male,0,Yes,Yes,No,No,No,No,No,No,No,No,0,2020-02-01,1888
4236-UJPWO,2019-12-01,No,Month-to-month,No,Electronic_check,24.5,46.4,Female,0,No,No,DSL,No,No,No,No,No,No,No,0,2020-02-01,62
9392-XBGTD,2017-11-01,No,Two_year,No,Mailed_check,20.6,581.85,Male,0,No,Yes,No,No,No,No,No,No,No,No,0,2020-02-01,822
3387-VATUS,2019-06-01,2019-11-01 00:00:00,Month-to-month,Yes,Bank_transfer_(automatic),94.85,462.8,Male,0,No,No,Fiber_optic,No,No,No,No,Yes,Yes,Yes,1,2019-11-01,153
6402-SSEJG,2018-01-01,No,One_year,No,Electronic_check,61.05,1540.2,Female,0,No,No,DSL,Yes,Yes,Yes,No,Yes,Yes,No,0,2020-02-01,761
1143-NMNQJ,2019-09-01,2019-11-01 00:00:00,Month-to-month,Yes,Electronic_check,85.7,169.8,Female,0,No,No,Fiber_optic,No,No,No,No,No,Yes,Yes,1,2019-11-01,61
1169-SAOCL,2016-01-01,No,One_year,Yes,Bank_transfer_(automatic),106.65,5168.1,Male,0,No,No,Fiber_optic,No,Yes,No,Yes,Yes,Yes,Yes,0,2020-02-01,1492
1110-KYLGQ,2014-11-01,No,Month-to-month,No,Credit_card_(automatic),108.25,6780.1,Female,0,No,No,Fiber_optic,Yes,Yes,Yes,No,Yes,Yes,Yes,0,2020-02-01,1918
9929-PLVPA,2019-10-01,No,Month-to-month,No,Credit_card_(automatic),20.4,94.5,Female,0,No,Yes,No,No,No,No,No,No,No,No,0,2020-02-01,123
3518-PZXZQ,2020-01-01,No,Month-to-month,Yes,Mailed_check,55.3,55.3,Female,0,Yes,No,DSL,No,No,No,No,Yes,No,No,0,2020-02-01,31
2371-JUNGC,2019-03-01,No,Month-to-month,No,Mailed_check,20.25,208.0,Male,0,No,No,No,No,No,No,No,No,No,No,0,2020-02-01,337
7693-QPEFS,2015-10-01,No,Month-to-month,Yes,Bank_transfer_(automatic),72.95,3829.75,Male,1,No,No,Fiber_optic,No,No,No,No,No,No,Yes,0,2020-02-01,1584
0924-BJCRC,2015-02-01,No,Month-to-month,No,Electronic_check,89.45,5294.6,Female,1,Yes,No,Fiber_optic,No,Yes,No,No,No,Yes,Yes,0,2020-02-01,1826
5074-FBGHB,2014-10-01,No,One_year,Yes,Credit_card_(automatic),104.65,6889.8,Male,0,No,No,Fiber_optic,No,No,Yes,Yes,Yes,Yes,Yes,0,2020-02-01,1949
2351-BKRZW,2016-07-01,No,Two_year,No,Bank_transfer_(automatic),75.2,3254.35,Female,0,Yes,Yes,DSL,Yes,No,Yes,No,Yes,Yes,No,0,2020-02-01,1310
4455-BFSPD,2015-01-01,No,One_year,No,Bank_transfer_(automatic),101.15,6383.9,Female,0,Yes,No,Fiber_optic,No,No,No,Yes,Yes,Yes,Yes,0,2020-02-01,1857
0415-MOSGF,2019-09-01,2019-10-01 00:00:00,Month-to-month,No,Mailed_check,44.4,44.4,Female,0,No,No,DSL,No,No,No,No,No,No,No,1,2019-10-01,30
1724-BQUHA,2019-05-01,2019-10-01 00:00:00,Month-to-month,Yes,Electronic_check,89.5,477.7,Male,1,No,No,Fiber_optic,No,No,No,No,Yes,Yes,No,1,2019-10-01,153
3948-KXDUF,2014-08-01,No,Two_year,No,Bank_transfer_(automatic),68.75,4447.55,Male,0,No,No,DSL,Yes,Yes,Yes,Yes,No,No,Yes,0,2020-02-01,2010
2323-ARSVR,2014-07-01,No,Two_year,Yes,Electronic_check,111.05,7321.05,Male,0,Yes,No,Fiber_optic,Yes,Yes,Yes,Yes,Yes,Yes,No,0,2020-02-01,2041
0815-MFZGM,2016-08-01,No,Two_year,Yes,Credit_card_(automatic),99.0,4135.0,Female,0,Yes,No,Fiber_optic,No,No,Yes,Yes,Yes,Yes,No,0,2020-02-01,1279
4826-XTSOH,2019-10-01,2019-11-01 00:00:00,Month-to-month,Yes,Electronic_check,86.05,86.05,Male,1,Yes,No,Fiber_optic,No,No,No,No,Yes,No,Yes,1,2019-11-01,31
5480-XTFFL,2017-07-01,No,Two_year,No,Mailed_check,21.0,697.7,Female,0,Yes,Yes,No,No,No,No,No,No,No,No,0,2020-02-01,945
8295-FHIVV,2019-07-01,No,Month-to-month,Yes,Mailed_check,19.4,168.65,Male,0,No,No,No,No,No,No,No,No,No,No,0,2020-02-01,215
2495-INZWQ,2019-08-01,2019-12-01 00:00:00,Month-to-month,Yes,Electronic_check,44.55,174.3,Male,0,No,No,DSL,No,No,No,No,Yes,Yes,No,1,2019-12-01,122
9086-YJYXS,2017-04-01,No,One_year,No,Bank_transfer_(automatic),77.2,2753.8,Male,0,Yes,Yes,DSL,No,No,Yes,No,Yes,Yes,Yes,0,2020-02-01,1036
1179-INLAT,2019-11-01,No,One_year,Yes,Mailed_check,19.45,69.25,Male,0,No,No,No,No,No,No,No,No,No,No,0,2020-02-01,92
7909-FIOIY,2018-07-01,No,Month-to-month,Yes,Mailed_check,24.85,434.8,Female,0,Yes,Yes,DSL,No,No,No,No,No,No,No,0,2020-02-01,580
4139-SUGLD,2017-06-01,2020-01-01 00:00:00,Month-to-month,No,Bank_transfer_(automatic),35.4,1077.5,Male,0,Yes,Yes,DSL,Yes,No,No,Yes,No,No,No,1,2020-01-01,944
6857-VWJDT,2019-09-01,2019-10-01 00:00:00,Month-to-month,No,Mailed_check,95.65,95.65,Female,0,No,No,Fiber_optic,No,No,No,No,Yes,Yes,Yes,1,2019-10-01,30
6351-SCJKT,2019-11-01,No,Month-to-month,No,Mailed_check,41.35,107.25,Male,0,No,No,DSL,Yes,No,Yes,Yes,No,No,No,0,2020-02-01,92
5468-BPMMO,2016-04-01,No,Month-to-month,No,Electronic_check,19.6,851.2,Male,0,Yes,No,No,No,No,No,No,No,No,No,0,2020-02-01,1401
5624-BQSSA,2019-11-01,2019-12-01 00:00:00,Month-to-month,No,Mailed_check,20.95,20.95,Female,0,No,No,No,No,No,No,No,No,No,No,1,2019-12-01,30
0197-PNKNK,2014-05-01,No,One_year,No,Bank_transfer_(automatic),84.45,5848.6,Female,0,Yes,Yes,Fiber_optic,Yes,No,Yes,No,No,No,Yes,0,2020-02-01,2102
2439-QKJUL,2019-09-01,No,Month-to-month,No,Mailed_check,20.25,109.8,Male,0,No,No,No,No,No,No,No,No,No,No,0,2020-02-01,153
1194-SPVSP,2020-01-01,No,Month-to-month,No,Bank_transfer_(automatic),19.65,19.65,Male,0,No,No,No,No,No,No,No,No,No,No,0,2020-02-01,31
9534-NSXEM,2017-12-01,No,One_year,Yes,Credit_card_(automatic),20.65,595.5,Male,0,No,No,No,No,No,No,No,No,No,No,0,2020-02-01,792
2408-WITXK,2019-01-01,2019-11-01 00:00:00,Month-to-month,Yes,Electronic_check,34.7,329.8,Female,1,No,No,DSL,No,No,No,No,No,Yes,No,1,2019-11-01,304
8929-KSWIH,2018-01-01,No,Two_year,No,Bank_transfer_(automatic),99.3,2513.5,Male,0,No,No,Fiber_optic,No,No,Yes,Yes,Yes,Yes,No,0,2020-02-01,761
2250-IVBWA,2014-10-01,No,Month-to-month,No,Electronic_check,81.05,5135.35,Male,0,Yes,Yes,Fiber_optic,Yes,Yes,No,No,No,No,No,0,2020-02-01,1949
1810-MVMAI,2017-08-01,No,Month-to-month,No,Electronic_check,67.6,2000.2,Male,0,Yes,Yes,DSL,Yes,Yes,Yes,Yes,No,No,Yes,0,2020-02-01,914
9506-UXUSK,2019-01-01,No,Month-to-month,Yes,Electronic_check,70.15,931.75,Male,0,No,No,Fiber_optic,No,No,No,No,No,No,No,0,2020-02-01,396
1229-RCALF,2014-10-01,No,One_year,Yes,Electronic_check,115.0,7396.15,Female,0,Yes,No,Fiber_optic,Yes,Yes,Yes,Yes,Yes,Yes,Yes,0,2020-02-01,1949
3572-UOLYZ,2016-04-01,No,Month-to-month,Yes,Bank_transfer_(automatic),84.8,3958.85,Female,0,No,Yes,Fiber_optic,No,No,Yes,Yes,No,No,Yes,0,2020-02-01,1401
1429-UYJSV,2019-02-01,No,One_year,No,Mailed_check,19.7,260.9,Female,0,No,No,No,No,No,No,No,No,No,No,0,2020-02-01,365
5577-OTWWW,2018-09-01,2019-12-01 00:00:00,Month-to-month,No,Bank_transfer_(automatic),19.75,297.3,Female,0,No,No,No,No,No,No,No,No,No,No,1,2019-12-01,456
6100-QQHEB,2018-06-01,2019-11-01 00:00:00,Month-to-month,Yes,Electronic_check,92.55,1515.1,Male,0,Yes,Yes,Fiber_optic,No,No,No,No,Yes,Yes,Yes,1,2019-11-01,518
6366-XIVKZ,2019-01-01,No,Month-to-month,Yes,Mailed_check,63.15,816.8,Female,0,Yes,Yes,DSL,Yes,No,Yes,No,No,Yes,No,0,2020-02-01,396
3470-OBUET,2014-07-01,No,Two_year,No,Credit_card_(automatic),74.0,4868.4,Female,0,Yes,Yes,DSL,Yes,Yes,No,Yes,Yes,No,Yes,0,2020-02-01,2041
2770-NSVDG,2018-02-01,No,Month-to-month,No,Electronic_check,29.1,688.0,Male,0,Yes,No,DSL,No,No,Yes,No,No,No,No,0,2020-02-01,730
9375-MHRRS,2019-08-01,No,Month-to-month,No,Mailed_check,50.05,288.35,Male,0,No,No,DSL,No,No,No,Yes,No,No,No,0,2020-02-01,184
2634-HCZGT,2015-05-01,2019-10-01 00:00:00,One_year,Yes,Electronic_check,60.05,3229.65,Male,1,Yes,No,DSL,Yes,No,No,Yes,No,No,Yes,1,2019-10-01,1614
7503-QQRVF,2018-07-01,2019-11-01 00:00:00,Month-to-month,Yes,Credit_card_(automatic),74.3,1178.25,Male,1,Yes,No,Fiber_optic,No,Yes,No,No,No,No,No,1,2019-11-01,488
4860-YZGZM,2019-04-01,No,Month-to-month,No,Electronic_check,20.0,185.4,Male,0,No,No,No,No,No,No,No,No,No,No,0,2020-02-01,306
6599-GZWCM,2019-01-01,No,One_year,Yes,Mailed_check,74.65,966.25,Female,0,No,No,Fiber_optic,No,Yes,No,No,No,No,No,0,2020-02-01,396
2691-NZETQ,2019-04-01,2020-01-01 00:00:00,Month-to-month,Yes,Electronic_check,85.35,758.6,Male,0,No,No,Fiber_optic,No,No,No,No,Yes,No,Yes,1,2020-01-01,275
4404-HIBDJ,2017-12-01,2020-01-01 00:00:00,One_year,No,Mailed_check,74.3,1863.8,Female,0,No,No,DSL,Yes,Yes,Yes,Yes,Yes,No,No,1,2020-01-01,761
5533-NHFRF,2019-07-01,No,Month-to-month,Yes,Electronic_check,44.4,265.8,Male,1,No,No,DSL,No,Yes,No,Yes,No,Yes,No,0,2020-02-01,215
7037-MTYVW,2016-12-01,No,Two_year,Yes,Bank_transfer_(automatic),85.4,3297.0,Male,0,Yes,Yes,DSL,Yes,No,Yes,Yes,Yes,Yes,Yes,0,2020-02-01,1157
4760-THGOT,2016-07-01,No,Month-to-month,Yes,Electronic_check,94.1,4107.3,Female,0,Yes,No,Fiber_optic,Yes,Yes,No,No,No,Yes,Yes,0,2020-02-01,1310
7295-JOMMD,2019-09-01,2020-01-01 00:00:00,Month-to-month,Yes,Bank_transfer_(automatic),98.1,396.3,Female,0,No,Yes,Fiber_optic,No,No,Yes,Yes,Yes,Yes,No,1,2020-01-01,122
4016-BJKTZ,2018-01-01,No,Two_year,No,Electronic_check,108.9,2809.05,Female,0,No,No,Fiber_optic,No,Yes,Yes,Yes,Yes,Yes,Yes,0,2020-02-01,761
6584-VQMYT,2017-11-01,No,One_year,No,Mailed_check,56.2,1567.55,Male,0,No,Yes,DSL,Yes,Yes,No,No,No,No,No,0,2020-02-01,822
9838-BFCQT,2014-02-01,No,Two_year,No,Mailed_check,26.1,1851.45,Male,0,Yes,Yes,No,No,No,No,No,No,No,Yes,0,2020-02-01,2191
2790-XUYMV,2014-03-01,No,One_year,Yes,Credit_card_(automatic),85.45,6028.95,Male,0,No,Yes,Fiber_optic,Yes,Yes,No,No,No,No,Yes,0,2020-02-01,2163
0581-MDMPW,2018-02-01,No,Month-to-month,Yes,Credit_card_(automatic),88.95,2072.75,Female,0,No,No,Fiber_optic,No,No,Yes,No,Yes,No,Yes,0,2020-02-01,730
5013-SBUIH,2015-11-01,2020-01-01 00:00:00,Two_year,Yes,Electronic_check,109.65,5551.15,Female,0,No,No,Fiber_optic,Yes,Yes,No,Yes,Yes,Yes,Yes,1,2020-01-01,1522
1023-BQXZE,2015-05-01,No,Two_year,Yes,Bank_transfer_(automatic),74.35,4317.35,Male,0,No,No,DSL,Yes,No,Yes,No,Yes,Yes,No,0,2020-02-01,1737
9163-GHAYE,2018-11-01,No,Month-to-month,No,Electronic_check,48.85,736.8,Female,0,No,No,DSL,No,Yes,No,No,No,No,No,0,2020-02-01,457
3904-UKFRE,2019-10-01,No,Month-to-month,Yes,Electronic_check,80.1,336.15,Male,0,No,No,Fiber_optic,Yes,No,No,No,No,No,Yes,0,2020-02-01,123
5353-WILCI,2017-10-01,No,Month-to-month,No,Electronic_check,56.05,1522.65,Female,0,No,No,DSL,Yes,Yes,No,No,No,No,No,0,2020-02-01,853
0709-TVGUR,2019-02-01,2019-11-01 00:00:00,Month-to-month,Yes,Electronic_check,74.55,622.9,Female,1,No,No,Fiber_optic,No,No,No,No,No,No,Yes,1,2019-11-01,273
0058-EVZWM,2015-07-01,No,Month-to-month,Yes,Bank_transfer_(automatic),89.8,4959.6,Female,0,Yes,No,Fiber_optic,Yes,No,No,No,Yes,No,Yes,0,2020-02-01,1676
6023-YEBUP,2019-09-01,2019-12-01 00:00:00,Month-to-month,Yes,Electronic_check,100.95,329.95,Male,0,No,No,Fiber_optic,No,No,Yes,No,Yes,Yes,Yes,1,2019-12-01,91
7209-JCUDS,2018-12-01,2019-10-01 00:00:00,Month-to-month,Yes,Electronic_check,94.9,1048.85,Male,0,No,No,Fiber_optic,No,No,Yes,No,Yes,Yes,No,1,2019-10-01,304
7009-PCARS,2015-07-01,No,One_year,No,Bank_transfer_(automatic),19.1,1001.5,Male,0,No,Yes,No,No,No,No,No,No,No,No,0,2020-02-01,1676
0519-DRGTI,2018-06-01,No,Month-to-month,No,Mailed_check,20.35,442.6,Female,0,Yes,Yes,No,No,No,No,No,No,No,No,0,2020-02-01,610
1017-FBQMM,2014-12-01,No,One_year,Yes,Credit_card_(automatic),106.05,6703.5,Female,0,Yes,Yes,Fiber_optic,No,Yes,No,Yes,Yes,Yes,Yes,0,2020-02-01,1888
3001-CBHLQ,2017-03-01,2019-11-01 00:00:00,Month-to-month,Yes,Electronic_check,104.9,3351.55,Male,1,Yes,No,Fiber_optic,No,No,Yes,Yes,Yes,Yes,Yes,1,2019-11-01,975
1985-MBRYP,2016-07-01,No,Two_year,Yes,Bank_transfer_(automatic),19.65,779.25,Female,0,No,No,No,No,No,No,No,No,No,No,0,2020-02-01,1310
6158-DWPZT,2019-02-01,2019-11-01 00:00:00,One_year,No,Bank_transfer_(automatic),24.1,259.8,Male,0,Yes,No,DSL,No,No,No,No,No,No,No,1,2019-11-01,273
9372-TXXPS,2015-02-01,No,Two_year,No,Bank_transfer_(automatic),59.85,3483.45,Female,0,Yes,No,DSL,Yes,Yes,No,Yes,No,No,No,0,2020-02-01,1826
3259-QMXUN,2015-04-01,No,Two_year,Yes,Electronic_check,86.1,4890.5,Male,0,Yes,No,DSL,Yes,Yes,Yes,No,Yes,Yes,Yes,0,2020-02-01,1767
1015-JPFYW,2019-07-01,No,One_year,No,Mailed_check,19.45,136.75,Male,0,No,Yes,No,No,No,No,No,No,No,No,0,2020-02-01,215
6645-MXQJT,2019-12-01,No,Month-to-month,No,Electronic_check,97.1,184.15,Male,0,Yes,Yes,Fiber_optic,Yes,No,No,No,Yes,Yes,No,0,2020-02-01,62
4360-QRAVE,2017-01-01,No,Month-to-month,No,Electronic_check,36.65,1315.0,Male,1,No,No,DSL,No,Yes,Yes,No,No,No,No,0,2020-02-01,1126
8433-WPJTV,2014-09-01,No,One_year,Yes,Bank_transfer_(automatic),103.9,6767.1,Female,1,Yes,Yes,Fiber_optic,No,No,Yes,Yes,Yes,Yes,Yes,0,2020-02-01,1979
5804-JMYIO,2016-11-01,No,Two_year,No,Mailed_check,19.75,757.95,Female,0,Yes,Yes,No,No,No,No,No,No,No,No,0,2020-02-01,1187
3763-GCZHZ,2014-07-01,2020-01-01 00:00:00,One_year,Yes,Electronic_check,104.05,6890.0,Male,0,Yes,No,Fiber_optic,No,Yes,No,Yes,Yes,Yes,Yes,1,2020-01-01,2010
6484-LATFU,2014-06-01,No,Two_year,No,Mailed_check,24.55,1657.4,Male,0,No,No,No,No,No,No,No,No,No,Yes,0,2020-02-01,2071
7599-NTMDP,2014-12-01,No,Two_year,No,Bank_transfer_(automatic),48.7,3008.55,Female,0,Yes,Yes,DSL,Yes,Yes,No,Yes,Yes,No,No,0,2020-02-01,1888
0772-GYEQQ,2019-08-01,2019-11-01 00:00:00,Month-to-month,Yes,Mailed_check,88.35,262.05,Male,0,No,No,Fiber_optic,No,No,Yes,Yes,Yes,No,No,1,2019-11-01,92
0536-ACXIP,2014-02-01,No,Two_year,Yes,Electronic_check,109.55,8165.1,Female,0,Yes,No,Fiber_optic,Yes,Yes,Yes,No,Yes,Yes,Yes,0,2020-02-01,2191
0936-NQLJU,2016-09-01,No,Two_year,No,Credit_card_(automatic),20.65,875.55,Female,0,Yes,No,No,No,No,No,No,No,No,No,0,2020-02-01,1248
4831-EOBFE,2017-05-01,2019-10-01 00:00:00,Month-to-month,No,Credit_card_(automatic),94.65,2649.15,Male,0,Yes,Yes,Fiber_optic,Yes,No,No,No,Yes,Yes,No,1,2019-10-01,883
1575-KRZZE,2019-10-01,No,Month-to-month,No,Electronic_check,55.2,220.65,Female,0,No,No,DSL,Yes,Yes,No,No,No,No,No,0,2020-02-01,123
3251-YMVWZ,2015-09-01,No,One_year,No,Bank_transfer_(automatic),24.05,1301.9,Male,0,No,No,No,No,No,No,No,No,No,Yes,0,2020-02-01,1614
4102-OQUPX,2019-11-01,2019-12-01 00:00:00,Month-to-month,Yes,Electronic_check,74.4,74.4,Male,1,Yes,No,Fiber_optic,No,No,No,No,No,No,Yes,1,2019-12-01,30
9170-GYZJC,2016-05-01,2019-10-01 00:00:00,Month-to-month,No,Credit_card_(automatic),79.9,3326.2,Female,0,Yes,Yes,DSL,Yes,Yes,Yes,Yes,No,Yes,Yes,1,2019-10-01,1248
4884-LEVMQ,2016-11-01,No,Two_year,Yes,Bank_transfer_(automatic),20.45,790.0,Male,0,Yes,No,No,No,No,No,No,No,No,No,0,2020-02-01,1187
8857-CUPFQ,2014-11-01,No,Two_year,No,Mailed_check,19.25,1237.65,Male,0,Yes,No,No,No,No,No,No,No,No,No,0,2020-02-01,1918
7610-TVOPG,2018-11-01,No,Month-to-month,Yes,Electronic_check,26.35,378.6,Male,0,No,No,No,No,No,No,No,No,No,Yes,0,2020-02-01,457
3638-DIMPH,2019-01-01,No,One_year,No,Electronic_check,43.8,592.65,Female,0,Yes,No,DSL,No,No,No,No,No,No,No,0,2020-02-01,396
1845-ZLLIG,2020-01-01,No,Month-to-month,Yes,Mailed_check,50.15,50.15,Male,0,No,No,DSL,No,Yes,No,No,No,No,No,0,2020-02-01,31
8559-WNQZS,2020-01-01,No,Two_year,No,Mailed_check,20.45,20.45,Male,0,No,No,No,No,No,No,No,No,No,No,0,2020-02-01,31
3999-QGRJH,2019-02-01,2019-10-01 00:00:00,Month-to-month,Yes,Electronic_check,69.7,560.85,Male,1,No,No,Fiber_optic,No,No,No,No,No,No,No,1,2019-10-01,242
1699-UOTXU,2015-02-01,No,Two_year,No,Electronic_check,61.4,3638.25,Male,0,No,No,DSL,Yes,Yes,Yes,No,No,No,No,0,2020-02-01,1826
2454-RPBRZ,2018-10-01,2019-10-01 00:00:00,Month-to-month,Yes,Electronic_check,98.1,1060.2,Female,1,Yes,No,Fiber_optic,No,Yes,Yes,No,Yes,No,Yes,1,2019-10-01,365
0635-WKOLD,2016-10-01,No,One_year,No,Credit_card_(automatic),70.75,2921.75,Male,0,Yes,No,DSL,No,Yes,No,Yes,Yes,No,Yes,0,2020-02-01,1218
5993-JSUWV,2014-08-01,No,Two_year,Yes,Bank_transfer_(automatic),61.15,4017.45,Female,0,No,No,DSL,Yes,Yes,Yes,No,No,No,No,0,2020-02-01,2010
4518-FZBSX,2016-08-01,No,One_year,No,Mailed_check,20.25,854.9,Male,0,Yes,Yes,No,No,No,No,No,No,No,No,0,2020-02-01,1279
5387-ASZNZ,2014-08-01,No,One_year,Yes,Credit_card_(automatic),63.85,4174.35,Female,1,No,No,DSL,Yes,Yes,No,Yes,No,No,Yes,0,2020-02-01,2010
6988-CJEYV,2016-01-01,No,Month-to-month,No,Electronic_check,98.7,4920.55,Male,0,No,No,Fiber_optic,No,Yes,No,No,Yes,Yes,Yes,0,2020-02-01,1492
2002-MZHWP,2019-12-01,2020-01-01 00:00:00,Month-to-month,No,Mailed_check,20.5,20.5,Female,0,No,No,No,No,No,No,No,No,No,No,1,2020-01-01,31
3097-FQTVJ,2016-09-01,No,Two_year,No,Mailed_check,20.0,810.3,Female,0,No,No,No,No,No,No,No,No,No,No,0,2020-02-01,1248
5465-BUBFA,2016-09-01,No,Two_year,No,Bank_transfer_(automatic),19.3,772.4,Female,0,Yes,Yes,No,No,No,No,No,No,No,No,0,2020-02-01,1248
7299-GNVPL,2018-03-01,No,Month-to-month,No,Mailed_check,84.4,1936.85,Female,0,Yes,Yes,Fiber_optic,Yes,Yes,No,Yes,No,No,No,0,2020-02-01,702
9743-DQKQW,2019-11-01,No,Month-to-month,No,Electronic_check,25.1,79.8,Male,0,No,No,DSL,No,No,No,No,No,No,No,0,2020-02-01,92
1215-VFYVK,2019-10-01,No,Month-to-month,No,Mailed_check,48.25,202.25,Female,0,No,No,DSL,Yes,No,Yes,Yes,No,Yes,No,0,2020-02-01,123
9371-BITHB,2015-10-01,No,Two_year,No,Mailed_check,19.85,1070.5,Female,0,Yes,Yes,No,No,No,No,No,No,No,No,0,2020-02-01,1584
2265-CYWIV,2019-09-01,2020-01-01 00:00:00,Month-to-month,Yes,Electronic_check,99.6,347.65,Female,1,Yes,No,Fiber_optic,Yes,No,No,No,Yes,Yes,Yes,1,2020-01-01,122
9093-FPDLG,2019-03-01,No,Month-to-month,Yes,Electronic_check,94.2,999.9,Female,0,No,No,Fiber_optic,No,Yes,Yes,Yes,No,Yes,No,0,2020-02-01,337
0541-FITGH,2019-12-01,No,Month-to-month,Yes,Mailed_check,62.15,113.1,Female,0,Yes,No,DSL,Yes,No,No,No,No,Yes,No,0,2020-02-01,62
6985-HAYWX,2017-12-01,No,Month-to-month,No,Bank_transfer_(automatic),79.3,2015.8,Female,0,Yes,No,Fiber_optic,No,Yes,No,No,No,No,Yes,0,2020-02-01,792
7508-KBIMB,2018-02-01,No,One_year,Yes,Credit_card_(automatic),56.25,1454.25,Male,0,Yes,Yes,DSL,Yes,No,Yes,No,No,No,No,0,2020-02-01,730
6838-HVLXG,2019-02-01,No,Month-to-month,No,Mailed_check,20.3,246.7,Female,0,No,No,No,No,No,No,No,No,No,No,0,2020-02-01,365
2277-DJJDL,2015-02-01,No,Month-to-month,Yes,Electronic_check,99.0,6017.9,Male,1,Yes,No,Fiber_optic,No,No,No,Yes,Yes,Yes,Yes,0,2020-02-01,1826
1897-OKVMW,2014-10-01,No,Two_year,Yes,Mailed_check,90.6,5817.45,Female,0,Yes,Yes,DSL,Yes,Yes,Yes,Yes,Yes,Yes,Yes,0,2020-02-01,1949
5485-ITNPC,2014-08-01,No,Two_year,Yes,Bank_transfer_(automatic),85.9,5595.3,Male,0,Yes,No,DSL,Yes,Yes,Yes,Yes,Yes,Yes,No,0,2020-02-01,2010
0233-FTHAV,2015-02-01,No,One_year,Yes,Bank_transfer_(automatic),79.2,4765.0,Female,0,No,No,Fiber_optic,No,No,Yes,No,No,No,Yes,0,2020-02-01,1826
4644-PIZRT,2018-09-01,No,One_year,Yes,Bank_transfer_(automatic),70.35,1201.65,Male,0,Yes,Yes,DSL,Yes,No,Yes,No,Yes,No,Yes,0,2020-02-01,518
8922-NPKBJ,2016-08-01,No,Two_year,No,Mailed_check,19.35,867.3,Male,0,Yes,Yes,No,No,No,No,No,No,No,No,0,2020-02-01,1279
2740-TVLFN,2020-01-01,No,Month-to-month,Yes,Electronic_check,50.15,50.15,Male,0,No,No,DSL,No,No,No,No,No,No,Yes,0,2020-02-01,31
7771-CFQRQ,2016-03-01,No,Two_year,No,Bank_transfer_(automatic),63.8,3007.25,Female,0,Yes,Yes,DSL,No,Yes,No,Yes,No,Yes,No,0,2020-02-01,1432
9512-PHSMG,2019-04-01,No,Month-to-month,Yes,Mailed_check,20.55,252.75,Female,0,Yes,No,No,No,No,No,No,No,No,No,0,2020-02-01,306
6963-EZQEE,2014-04-01,No,Two_year,Yes,Credit_card_(automatic),88.55,6306.5,Male,1,Yes,No,DSL,Yes,Yes,Yes,Yes,Yes,Yes,Yes,0,2020-02-01,2132
2452-KDRRH,2014-07-01,No,Month-to-month,Yes,Credit_card_(automatic),101.4,6841.05,Male,1,No,No,Fiber_optic,No,No,Yes,No,Yes,Yes,Yes,0,2020-02-01,2041
2004-OCQXK,2019-11-01,2019-12-01 00:00:00,Month-to-month,Yes,Electronic_check,81.95,81.95,Female,0,No,No,Fiber_optic,No,No,No,No,No,Yes,No,1,2019-12-01,30
5027-QPKTE,2019-06-01,2020-01-01 00:00:00,Month-to-month,Yes,Electronic_check,69.35,451.1,Male,0,Yes,No,Fiber_optic,No,No,No,No,No,No,No,1,2020-01-01,214
4146-SVFUD,2020-01-01,No,Month-to-month,No,Mailed_check,44.6,44.6,Male,0,No,No,DSL,No,No,No,No,No,No,No,0,2020-02-01,31
1564-HJUVY,2019-10-01,No,Month-to-month,Yes,Bank_transfer_(automatic),63.75,226.2,Male,0,No,No,DSL,No,Yes,No,Yes,Yes,No,No,0,2020-02-01,123
3617-XLSGQ,2014-08-01,No,Two_year,No,Bank_transfer_(automatic),109.25,7082.5,Female,0,Yes,Yes,Fiber_optic,Yes,Yes,Yes,No,Yes,Yes,Yes,0,2020-02-01,2010
7517-LDMPS,2019-02-01,No,Month-to-month,Yes,Electronic_check,84.6,1017.35,Female,0,No,No,Fiber_optic,No,Yes,No,No,No,Yes,No,0,2020-02-01,365
7244-KXYZN,2018-02-01,No,One_year,No,Credit_card_(automatic),20.45,527.35,Female,0,No,No,No,No,No,No,No,No,No,No,0,2020-02-01,730
5226-NOZFC,2017-12-01,No,Month-to-month,Yes,Electronic_check,85.75,2146.5,Male,0,No,No,Fiber_optic,No,Yes,No,No,Yes,No,No,0,2020-02-01,792
2672-HUYVI,2019-04-01,2019-10-01 00:00:00,Month-to-month,Yes,Electronic_check,91.1,455.3,Female,0,No,No,Fiber_optic,No,No,No,No,Yes,Yes,No,1,2019-10-01,183
1400-WIVLL,2015-05-01,No,Two_year,No,Electronic_check,107.95,5969.85,Male,0,Yes,No,Fiber_optic,No,No,Yes,Yes,Yes,Yes,Yes,0,2020-02-01,1737
7508-MYBOG,2018-09-01,2019-11-01 00:00:00,Month-to-month,Yes,Electronic_check,86.1,1235.55,Male,0,Yes,No,Fiber_optic,No,No,No,No,Yes,No,Yes,1,2019-11-01,426
8148-NLEGT,2016-08-01,No,Two_year,No,Electronic_check,22.95,1014.25,Female,0,Yes,Yes,No,No,No,No,No,No,No,Yes,0,2020-02-01,1279
0148-DCDOS,2017-09-01,2019-10-01 00:00:00,Month-to-month,Yes,Bank_transfer_(automatic),94.7,2362.1,Male,0,No,No,Fiber_optic,No,No,No,No,Yes,Yes,Yes,1,2019-10-01,760
8347-GDTMP,2014-10-01,No,Two_year,No,Credit_card_(automatic),19.45,1225.65,Female,0,Yes,No,No,No,No,No,No,No,No,No,0,2020-02-01,1949
9992-RRAMN,2018-02-01,2019-12-01 00:00:00,Month-to-month,Yes,Electronic_check,85.1,1873.7,Male,0,Yes,No,Fiber_optic,No,No,No,No,No,Yes,Yes,1,2019-12-01,668
6746-WAUWT,2018-07-01,No,One_year,Yes,Credit_card_(automatic),19.7,386.5,Male,0,No,No,No,No,No,No,No,No,No,No,0,2020-02-01,580
0310-MVLET,2014-09-01,2019-10-01 00:00:00,Month-to-month,Yes,Electronic_check,99.15,6010.05,Female,0,Yes,Yes,Fiber_optic,No,Yes,No,No,Yes,Yes,Yes,1,2019-10-01,1856
0428-IKYCP,2018-04-01,No,Month-to-month,Yes,Bank_transfer_(automatic),87.0,1850.65,Male,0,Yes,No,Fiber_optic,No,No,Yes,No,Yes,No,No,0,2020-02-01,671
4550-VBOFE,2014-03-01,2020-01-01 00:00:00,Month-to-month,Yes,Electronic_check,102.95,7101.5,Male,1,Yes,No,Fiber_optic,No,Yes,Yes,No,Yes,Yes,Yes,1,2020-01-01,2132
2187-PKZAY,2019-02-01,No,Month-to-month,Yes,Bank_transfer_(automatic),79.95,1043.4,Male,0,No,No,Fiber_optic,No,No,No,No,No,Yes,No,0,2020-02-01,365
4003-OCTMP,2017-07-01,No,One_year,Yes,Electronic_check,64.0,1910.75,Female,0,Yes,No,DSL,Yes,No,No,Yes,No,Yes,No,0,2020-02-01,945
6652-YFFJO,2019-03-01,No,Month-to-month,Yes,Electronic_check,64.9,716.1,Female,0,No,No,DSL,No,No,No,No,Yes,Yes,No,0,2020-02-01,337
7225-IILWY,2014-06-01,No,Two_year,No,Mailed_check,25.75,1686.15,Male,0,Yes,Yes,No,No,No,No,No,No,No,Yes,0,2020-02-01,2071
5248-RPYWW,2014-02-01,No,Two_year,Yes,Bank_transfer_(automatic),90.15,6716.45,Female,1,Yes,Yes,DSL,Yes,Yes,Yes,Yes,Yes,Yes,Yes,0,2020-02-01,2191
7923-IYJWY,2014-07-01,No,Two_year,Yes,Credit_card_(automatic),116.1,7839.85,Male,1,No,No,Fiber_optic,Yes,Yes,Yes,Yes,Yes,Yes,Yes,0,2020-02-01,2041
3170-GWYKC,2015-02-01,No,Month-to-month,Yes,Bank_transfer_(automatic),104.95,6236.75,Female,0,No,No,Fiber_optic,Yes,No,Yes,Yes,Yes,Yes,No,0,2020-02-01,1826
5696-QURRL,2019-09-01,2019-10-01 00:00:00,Month-to-month,Yes,Mailed_check,45.05,45.05,Male,0,No,No,DSL,No,No,No,No,No,No,No,1,2019-10-01,30
7409-KIUTL,2019-12-01,2020-01-01 00:00:00,Month-to-month,Yes,Electronic_check,71.0,71.0,Female,1,No,Yes,Fiber_optic,No,No,No,No,No,No,No,1,2020-01-01,31
9830-ECLEN,2015-04-01,No,One_year,No,Mailed_check,50.0,2919.85,Male,0,Yes,Yes,DSL,Yes,Yes,Yes,No,Yes,No,No,0,2020-02-01,1767
1732-VHUBQ,2015-12-01,2019-11-01 00:00:00,Month-to-month,No,Bank_transfer_(automatic),70.55,3309.25,Female,1,Yes,Yes,Fiber_optic,No,No,No,No,No,No,No,1,2019-11-01,1431
0495-RVCBF,2019-10-01,2019-11-01 00:00:00,Month-to-month,Yes,Electronic_check,79.7,79.7,Female,0,No,No,Fiber_optic,No,No,No,No,No,Yes,No,1,2019-11-01,31
2668-TZSPS,2020-01-01,No,Month-to-month,No,Mailed_check,20.45,20.45,Male,0,No,No,No,No,No,No,No,No,No,No,0,2020-02-01,31
7854-EDSSA,2018-02-01,2019-12-01 00:00:00,Month-to-month,No,Electronic_check,59.0,1254.7,Male,0,No,No,DSL,Yes,Yes,No,No,No,No,Yes,1,2019-12-01,668
8869-TORSS,2015-11-01,2019-11-01 00:00:00,One_year,Yes,Credit_card_(automatic),60.35,2896.4,Female,0,No,No,DSL,Yes,No,Yes,Yes,No,No,No,1,2019-11-01,1461
7446-SFAOA,2017-01-01,No,One_year,Yes,Bank_transfer_(automatic),19.85,717.5,Female,0,Yes,No,No,No,No,No,No,No,No,No,0,2020-02-01,1126
9522-ZSINC,2019-01-01,No,One_year,Yes,Electronic_check,19.95,253.8,Male,0,No,No,No,No,No,No,No,No,No,No,0,2020-02-01,396
8234-GSZYK,2016-07-01,No,Two_year,No,Bank_transfer_(automatic),26.45,1110.05,Male,0,No,No,No,No,No,No,No,No,No,Yes,0,2020-02-01,1310
6505-OZNPG,2019-08-01,No,Two_year,Yes,Mailed_check,63.4,348.8,Female,0,No,No,DSL,Yes,Yes,Yes,Yes,Yes,Yes,No,0,2020-02-01,184
6164-HAQTX,2014-03-01,No,Two_year,No,Bank_transfer_(automatic),53.95,3888.65,Male,0,No,No,DSL,Yes,Yes,Yes,Yes,Yes,No,No,0,2020-02-01,2163
0679-IDSTG,2019-12-01,2020-01-01 00:00:00,Month-to-month,Yes,Electronic_check,69.25,69.25,Female,1,Yes,Yes,Fiber_optic,No,No,No,No,No,No,No,1,2020-01-01,31
7765-LWVVH,2014-02-01,No,Two_year,Yes,Electronic_check,95.1,6843.15,Female,0,Yes,Yes,Fiber_optic,Yes,Yes,No,No,Yes,No,Yes,0,2020-02-01,2191
1658-TJVOA,2019-08-01,No,Month-to-month,Yes,Electronic_check,74.1,450.9,Female,1,No,No,Fiber_optic,Yes,No,No,No,No,No,No,0,2020-02-01,184
0953-LGOVU,2019-02-01,No,Month-to-month,No,Mailed_check,35.5,432.25,Male,0,Yes,Yes,DSL,No,Yes,No,Yes,No,No,No,0,2020-02-01,365
2115-BFTIW,2017-12-01,2020-01-01 00:00:00,Month-to-month,No,Mailed_check,70.95,1767.35,Male,0,No,No,Fiber_optic,No,No,No,No,No,No,No,1,2020-01-01,761
4692-NNQRU,2018-05-01,No,One_year,No,Electronic_check,79.2,1742.45,Female,0,Yes,No,Fiber_optic,No,No,Yes,Yes,No,No,No,0,2020-02-01,641
7742-MYPGI,2019-08-01,No,Month-to-month,Yes,Mailed_check,48.8,297.35,Female,0,Yes,Yes,DSL,No,No,No,Yes,No,No,No,0,2020-02-01,184
0611-DFXKO,2018-02-01,2019-10-01 00:00:00,Month-to-month,Yes,Mailed_check,89.0,1820.45,Male,0,Yes,No,Fiber_optic,No,No,No,No,Yes,Yes,No,1,2019-10-01,607
7780-OTDSO,2018-06-01,2019-12-01 00:00:00,Month-to-month,Yes,Electronic_check,99.4,1742.95,Male,0,Yes,No,Fiber_optic,Yes,No,No,No,Yes,Yes,Yes,1,2019-12-01,548
9619-GSATL,2016-07-01,No,One_year,No,Electronic_check,55.45,2444.25,Female,0,No,No,DSL,No,Yes,No,Yes,No,No,No,0,2020-02-01,1310
5622-UEJFI,2017-03-01,No,Two_year,Yes,Credit_card_(automatic),25.4,949.8,Female,0,Yes,Yes,No,No,No,No,No,No,No,Yes,0,2020-02-01,1067
9747-DDZOS,2019-12-01,2020-01-01 00:00:00,Month-to-month,No,Bank_transfer_(automatic),73.5,73.5,Female,0,No,No,Fiber_optic,No,No,Yes,No,No,No,No,1,2020-01-01,31
0674-DGMAQ,2017-06-01,No,Month-to-month,Yes,Electronic_check,93.5,2970.8,Male,1,Yes,No,Fiber_optic,No,Yes,Yes,No,No,Yes,Yes,0,2020-02-01,975
6203-HBZPA,2015-10-01,No,Two_year,No,Credit_card_(automatic),63.9,3334.95,Male,0,No,No,DSL,Yes,Yes,Yes,Yes,Yes,Yes,No,0,2020-02-01,1584
0484-FFVBJ,2017-06-01,No,One_year,Yes,Bank_transfer_(automatic),64.85,2010.95,Male,0,No,No,DSL,No,No,No,No,Yes,Yes,No,0,2020-02-01,975
0301-FIDRB,2014-02-01,No,Two_year,Yes,Bank_transfer_(automatic),63.8,4684.3,Female,0,Yes,Yes,DSL,Yes,Yes,Yes,Yes,Yes,Yes,No,0,2020-02-01,2191
4139-JPIAM,2015-11-01,No,Month-to-month,Yes,Credit_card_(automatic),44.45,2181.55,Male,0,No,No,DSL,Yes,No,No,Yes,No,Yes,No,0,2020-02-01,1553
2181-TIDSV,2014-06-01,No,Two_year,Yes,Bank_transfer_(automatic),19.95,1303.25,Male,0,Yes,Yes,No,No,No,No,No,No,No,No,0,2020-02-01,2071
2761-XECQW,2019-06-01,No,Month-to-month,Yes,Mailed_check,43.35,371.4,Male,1,Yes,No,DSL,No,Yes,Yes,No,No,Yes,No,0,2020-02-01,245
1936-CZAKF,2016-01-01,No,Two_year,No,Credit_card_(automatic),49.65,2409.9,Male,0,Yes,No,DSL,No,Yes,No,No,Yes,Yes,No,0,2020-02-01,1492
9453-PATOS,2014-02-01,No,Two_year,No,Mailed_check,85.1,6155.4,Female,0,Yes,No,DSL,Yes,Yes,Yes,Yes,Yes,Yes,No,0,2020-02-01,2191
0564-JJHGS,2019-03-01,2019-12-01 00:00:00,Month-to-month,Yes,Electronic_check,95.5,829.1,Male,0,No,No,Fiber_optic,No,No,No,No,Yes,Yes,Yes,1,2019-12-01,275
3348-CFRNX,2017-07-01,2019-11-01 00:00:00,Month-to-month,Yes,Mailed_check,92.35,2602.9,Female,0,Yes,No,Fiber_optic,Yes,No,No,No,Yes,Yes,No,1,2019-11-01,853
4402-FTBXC,2015-08-01,No,Month-to-month,No,Mailed_check,89.8,4667.0,Male,0,No,No,Fiber_optic,Yes,No,Yes,No,Yes,No,No,0,2020-02-01,1645
1428-GTBJJ,2018-12-01,2019-11-01 00:00:00,Month-to-month,Yes,Electronic_check,74.55,824.75,Male,0,No,No,Fiber_optic,No,Yes,No,No,No,No,No,1,2019-11-01,335
2931-XIQBR,2015-12-01,No,One_year,No,Mailed_check,103.05,5153.5,Female,0,Yes,Yes,Fiber_optic,No,No,Yes,Yes,Yes,Yes,No,0,2020-02-01,1523
0106-UGRDO,2014-05-01,No,Two_year,Yes,Electronic_check,116.0,8182.85,Female,0,Yes,No,Fiber_optic,Yes,Yes,Yes,Yes,Yes,Yes,Yes,0,2020-02-01,2102
5542-TBBWB,2020-01-01,No,Month-to-month,Yes,Electronic_check,69.9,69.9,Male,0,No,No,Fiber_optic,No,No,No,No,No,No,No,0,2020-02-01,31
1930-QPBVZ,2014-06-01,No,Two_year,No,Bank_transfer_(automatic),95.1,6683.4,Male,0,Yes,Yes,Fiber_optic,Yes,Yes,No,Yes,No,Yes,No,0,2020-02-01,2071
2606-PKWJB,2016-10-01,No,One_year,No,Mailed_check,40.25,1564.05,Male,0,No,Yes,DSL,Yes,Yes,No,Yes,No,No,No,0,2020-02-01,1218
5322-ZSMZY,2017-07-01,No,Two_year,No,Mailed_check,25.75,755.6,Male,0,Yes,Yes,No,No,No,No,No,No,No,Yes,0,2020-02-01,945
8059-UDZFY,2017-05-01,No,Month-to-month,Yes,Bank_transfer_(automatic),105.35,3465.05,Female,1,No,Yes,Fiber_optic,No,Yes,Yes,No,Yes,Yes,Yes,0,2020-02-01,1006
7740-BTPUX,2015-07-01,No,Two_year,Yes,Electronic_check,113.6,6292.7,Male,1,Yes,No,Fiber_optic,No,Yes,Yes,Yes,Yes,Yes,Yes,0,2020-02-01,1676
5220-AGAAX,2014-06-01,No,Two_year,Yes,Bank_transfer_(automatic),24.0,1664.3,Male,0,Yes,Yes,No,No,No,No,No,No,No,Yes,0,2020-02-01,2071
0208-BPQEJ,2019-02-01,No,Month-to-month,No,Bank_transfer_(automatic),19.4,198.1,Female,0,Yes,Yes,No,No,No,No,No,No,No,No,0,2020-02-01,365
9435-JMLSX,2014-03-01,No,Two_year,Yes,Bank_transfer_(automatic),86.1,6045.9,Male,0,Yes,No,DSL,Yes,Yes,Yes,Yes,Yes,Yes,No,0,2020-02-01,2163
3352-ALMCK,2016-10-01,No,Month-to-month,Yes,Mailed_check,102.65,4108.15,Male,0,No,No,Fiber_optic,No,Yes,Yes,No,Yes,Yes,Yes,0,2020-02-01,1218
5312-IRCFR,2014-10-01,No,One_year,Yes,Electronic_check,92.85,5980.75,Female,0,Yes,Yes,Fiber_optic,No,Yes,Yes,No,No,Yes,Yes,0,2020-02-01,1949
5294-IMHHT,2015-09-01,No,One_year,No,Bank_transfer_(automatic),97.75,5043.2,Male,0,Yes,No,Fiber_optic,No,Yes,No,Yes,No,Yes,Yes,0,2020-02-01,1614
8802-UNOJF,2018-12-01,2019-12-01 00:00:00,Month-to-month,Yes,Mailed_check,83.8,1029.75,Male,1,No,No,Fiber_optic,No,Yes,Yes,Yes,No,No,No,1,2019-12-01,365
6313-GIDIT,2015-06-01,2019-11-01 00:00:00,Month-to-month,Yes,Electronic_check,54.45,2854.55,Male,1,No,No,DSL,No,Yes,Yes,No,Yes,Yes,No,1,2019-11-01,1614
6176-YJWAS,2014-02-01,No,Two_year,Yes,Credit_card_(automatic),97.95,7114.25,Male,0,Yes,No,Fiber_optic,Yes,Yes,Yes,No,Yes,No,Yes,0,2020-02-01,2191
5310-NOOVA,2016-04-01,No,Two_year,No,Electronic_check,19.95,907.05,Male,0,No,No,No,No,No,No,No,No,No,No,0,2020-02-01,1401
4526-EXKKN,2016-10-01,No,Two_year,Yes,Mailed_check,24.6,973.95,Male,0,No,No,No,No,No,No,No,No,No,Yes,0,2020-02-01,1218
5311-IHLEI,2019-02-01,No,Month-to-month,Yes,Bank_transfer_(automatic),50.95,605.75,Male,0,No,No,DSL,Yes,Yes,No,Yes,Yes,No,No,0,2020-02-01,365
3987-KQDDU,2019-05-01,No,Month-to-month,No,Electronic_check,75.6,661.55,Male,0,No,No,Fiber_optic,Yes,No,No,No,No,No,No,0,2020-02-01,276
3404-JNXAX,2015-11-01,No,Month-to-month,Yes,Electronic_check,80.75,4116.9,Female,0,Yes,Yes,Fiber_optic,No,No,No,Yes,No,No,Yes,0,2020-02-01,1553
5131-PONJI,2016-01-01,No,Month-to-month,Yes,Credit_card_(automatic),90.4,4494.65,Male,0,Yes,Yes,Fiber_optic,No,Yes,Yes,No,Yes,No,No,0,2020-02-01,1492
2845-AFFTX,2016-05-01,2019-10-01 00:00:00,Month-to-month,Yes,Electronic_check,99.8,4259.3,Male,1,Yes,No,Fiber_optic,No,No,Yes,No,Yes,Yes,Yes,1,2019-10-01,1248
3489-VSFRD,2015-06-01,No,One_year,Yes,Credit_card_(automatic),60.25,3282.75,Female,0,No,No,DSL,Yes,No,Yes,Yes,No,No,No,0,2020-02-01,1706
3345-JHUEO,2019-10-01,No,Month-to-month,Yes,Electronic_check,20.2,55.7,Male,0,No,No,No,No,No,No,No,No,No,No,0,2020-02-01,123
5815-HGGHV,2018-06-01,No,One_year,Yes,Mailed_check,64.15,1274.45,Male,0,Yes,No,DSL,Yes,No,No,Yes,No,Yes,No,0,2020-02-01,610
5260-UMPWX,2017-12-01,No,Month-to-month,Yes,Credit_card_(automatic),20.25,493.95,Female,0,Yes,Yes,No,No,No,No,No,No,No,No,0,2020-02-01,792
2249-YPRNG,2018-04-01,2019-12-01 00:00:00,Month-to-month,Yes,Bank_transfer_(automatic),105.85,2239.65,Female,0,Yes,Yes,Fiber_optic,No,Yes,Yes,No,Yes,Yes,Yes,1,2019-12-01,609
7410-YTJIK,2019-06-01,2020-01-01 00:00:00,Month-to-month,No,Mailed_check,75.45,480.75,Female,0,No,No,Fiber_optic,No,No,No,No,No,No,Yes,1,2020-01-01,214
4626-GYCZP,2019-03-01,2019-10-01 00:00:00,Month-to-month,Yes,Electronic_check,93.85,635.6,Male,0,No,No,Fiber_optic,No,No,No,No,Yes,Yes,Yes,1,2019-10-01,214
5649-RXQTV,2015-11-01,No,Month-to-month,Yes,Electronic_check,99.0,5038.15,Male,0,No,No,Fiber_optic,No,Yes,Yes,No,Yes,Yes,No,0,2020-02-01,1553
2674-MIAHT,2019-10-01,No,Month-to-month,Yes,Mailed_check,80.3,324.2,Female,0,No,No,Fiber_optic,No,Yes,No,No,No,No,Yes,0,2020-02-01,123
2576-HXMPA,2020-01-01,No,Month-to-month,No,Credit_card_(automatic),19.55,19.55,Female,0,No,No,No,No,No,No,No,No,No,No,0,2020-02-01,31
7587-AOVVU,2017-11-01,No,Month-to-month,No,Electronic_check,100.75,2793.55,Male,0,Yes,Yes,Fiber_optic,Yes,Yes,No,Yes,Yes,No,Yes,0,2020-02-01,822
5590-BYNII,2018-02-01,2019-12-01 00:00:00,Month-to-month,Yes,Electronic_check,100.75,2095.0,Male,0,No,No,Fiber_optic,Yes,No,No,No,Yes,Yes,Yes,1,2019-12-01,668
6898-MDLZW,2019-02-01,No,Month-to-month,Yes,Mailed_check,53.75,648.65,Male,0,No,No,DSL,No,Yes,No,Yes,No,No,No,0,2020-02-01,365
3237-AJGEH,2019-10-01,2020-01-01 00:00:00,Month-to-month,Yes,Mailed_check,31.0,95.05,Female,0,Yes,Yes,DSL,No,No,No,Yes,No,No,No,1,2020-01-01,92
4707-YNOQA,2017-04-01,No,One_year,Yes,Credit_card_(automatic),25.6,917.15,Female,0,Yes,Yes,No,No,No,No,No,No,No,Yes,0,2020-02-01,1036
9357-UJRUN,2018-02-01,No,One_year,Yes,Electronic_check,58.35,1346.9,Male,0,Yes,No,DSL,Yes,No,No,Yes,No,No,Yes,0,2020-02-01,730
1591-NFNLQ,2015-08-01,2019-11-01 00:00:00,Month-to-month,No,Credit_card_(automatic),80.0,4242.35,Male,0,No,No,Fiber_optic,No,No,Yes,No,No,No,Yes,1,2019-11-01,1553
8648-PFRMP,2018-12-01,No,Month-to-month,Yes,Electronic_check,46.35,672.7,Female,1,No,No,DSL,No,No,No,No,Yes,Yes,No,0,2020-02-01,427
7663-CUXZB,2015-03-01,No,Two_year,No,Electronic_check,113.75,6561.25,Male,0,Yes,No,Fiber_optic,Yes,Yes,Yes,Yes,Yes,Yes,Yes,0,2020-02-01,1798
0258-NOKBL,2019-11-01,No,Month-to-month,No,Electronic_check,90.4,268.45,Male,0,No,No,Fiber_optic,No,Yes,Yes,No,No,Yes,No,0,2020-02-01,92
1163-VIPRI,2014-09-01,No,Two_year,No,Electronic_check,109.3,7337.55,Female,0,Yes,Yes,Fiber_optic,Yes,No,Yes,Yes,Yes,Yes,Yes,0,2020-02-01,1979
2815-CPTUL,2019-07-01,2019-12-01 00:00:00,Month-to-month,Yes,Mailed_check,70.25,331.9,Male,1,No,No,Fiber_optic,No,No,No,No,No,No,No,1,2019-12-01,153
9348-ROUAI,2015-03-01,No,Two_year,No,Credit_card_(automatic),90.3,5194.05,Female,0,Yes,Yes,DSL,Yes,Yes,Yes,Yes,Yes,Yes,Yes,0,2020-02-01,1798
9443-JUBUO,2014-02-01,No,Two_year,Yes,Credit_card_(automatic),65.25,4478.85,Male,0,Yes,Yes,DSL,Yes,Yes,Yes,Yes,Yes,Yes,No,0,2020-02-01,2191
0596-BQCEQ,2014-09-01,2019-11-01 00:00:00,Month-to-month,Yes,Electronic_check,100.15,6283.3,Female,0,Yes,Yes,Fiber_optic,No,Yes,Yes,No,Yes,Yes,No,1,2019-11-01,1887
1481-ZUWZA,2017-08-01,2019-12-01 00:00:00,Month-to-month,Yes,Credit_card_(automatic),94.5,2659.4,Male,0,No,No,Fiber_optic,Yes,Yes,No,No,No,Yes,Yes,1,2019-12-01,852
3043-TYBNO,2019-11-01,No,Month-to-month,No,Mailed_check,60.65,196.9,Male,0,No,No,DSL,No,No,No,Yes,No,Yes,No,0,2020-02-01,92
4830-FAXFM,2018-07-01,No,Month-to-month,Yes,Credit_card_(automatic),24.1,439.2,Male,0,No,Yes,No,No,No,No,No,No,No,Yes,0,2020-02-01,580
5906-BFOZT,2020-01-01,No,Month-to-month,Yes,Mailed_check,19.5,19.5,Male,0,No,No,No,No,No,No,No,No,No,No,0,2020-02-01,31
2960-NKRSO,2018-02-01,No,Month-to-month,Yes,Electronic_check,85.95,2107.15,Male,0,No,No,Fiber_optic,No,Yes,Yes,Yes,No,No,No,0,2020-02-01,730
8996-ZROXE,2015-05-01,No,One_year,Yes,Electronic_check,53.5,3035.8,Male,1,No,No,DSL,No,No,Yes,Yes,No,No,No,0,2020-02-01,1737
5598-IKHQQ,2014-02-01,No,Two_year,No,Credit_card_(automatic),25.45,1866.45,Female,0,No,No,No,No,No,No,No,No,No,Yes,0,2020-02-01,2191
0397-ZXWQF,2014-07-01,No,Two_year,No,Bank_transfer_(automatic),20.5,1430.95,Male,0,No,No,No,No,No,No,No,No,No,No,0,2020-02-01,2041
5266-PFRQK,2015-10-01,No,One_year,Yes,Credit_card_(automatic),20.85,1071.6,Male,0,Yes,Yes,No,No,No,No,No,No,No,No,0,2020-02-01,1584
4674-HGNUA,2014-03-01,No,Two_year,No,Credit_card_(automatic),89.9,6457.15,Male,0,Yes,Yes,DSL,Yes,Yes,Yes,Yes,Yes,Yes,Yes,0,2020-02-01,2163
6765-MBQNU,2017-12-01,No,One_year,No,Mailed_check,26.0,684.05,Female,0,Yes,No,No,No,No,No,No,No,No,Yes,0,2020-02-01,792
9786-IJYDL,2017-03-01,No,Two_year,Yes,Mailed_check,113.2,3914.05,Female,0,No,No,Fiber_optic,Yes,Yes,Yes,Yes,Yes,Yes,Yes,0,2020-02-01,1067
1303-SRDOK,2015-07-01,No,Two_year,Yes,Credit_card_(automatic),69.05,3842.6,Female,0,Yes,Yes,Fiber_optic,No,No,No,No,No,No,No,0,2020-02-01,1676
3769-MHZNV,2017-05-01,No,Two_year,No,Mailed_check,20.1,670.35,Female,0,Yes,Yes,No,No,No,No,No,No,No,No,0,2020-02-01,1006
6295-OSINB,2014-02-01,No,Two_year,Yes,Electronic_check,109.65,7880.25,Male,0,Yes,No,Fiber_optic,Yes,Yes,Yes,No,Yes,Yes,Yes,0,2020-02-01,2191
3308-MHOOC,2020-01-01,No,Month-to-month,Yes,Mailed_check,19.2,19.2,Male,0,No,Yes,No,No,No,No,No,No,No,No,0,2020-02-01,31
2309-OSFEU,2019-03-01,2020-01-01 00:00:00,Month-to-month,Yes,Mailed_check,33.9,298.45,Male,0,No,No,DSL,No,No,No,No,No,Yes,No,1,2020-01-01,306
2207-QPJED,2017-01-01,No,Month-to-month,No,Electronic_check,90.0,3371.75,Female,1,Yes,No,Fiber_optic,No,No,Yes,Yes,Yes,No,No,0,2020-02-01,1126
4177-JPDFU,2019-02-01,No,Month-to-month,No,Mailed_check,34.0,442.45,Male,0,No,No,DSL,No,Yes,No,Yes,No,No,No,0,2020-02-01,365
2239-CFOUJ,2020-01-01,No,One_year,No,Mailed_check,20.4,20.4,Male,0,Yes,Yes,No,No,No,No,No,No,No,No,0,2020-02-01,31
8046-DNVTL,2014-12-01,No,Two_year,Yes,Credit_card_(automatic),38.6,2345.55,Male,0,Yes,No,DSL,Yes,Yes,No,Yes,No,No,No,0,2020-02-01,1888
2209-XADXF,2020-01-01,No,Month-to-month,No,Bank_transfer_(automatic),25.25,25.25,Female,0,No,No,DSL,No,No,No,No,No,No,No,0,2020-02-01,31
6620-JDYNW,2018-08-01,No,Month-to-month,Yes,Mailed_check,60.6,1156.35,Female,0,No,No,DSL,Yes,No,Yes,No,No,No,Yes,0,2020-02-01,549
1891-FZYSA,2014-03-01,2019-12-01 00:00:00,Month-to-month,Yes,Electronic_check,89.95,6143.15,Male,1,Yes,No,Fiber_optic,No,Yes,No,No,Yes,No,Yes,1,2019-12-01,2101
4770-UEZOX,2019-12-01,No,Month-to-month,Yes,Electronic_check,74.75,144.8,Male,0,No,No,Fiber_optic,No,Yes,No,No,No,No,No,0,2020-02-01,62
1038-RQOST,2018-07-01,No,Month-to-month,No,Mailed_check,20.6,414.95,Male,0,Yes,Yes,No,No,No,No,No,No,No,No,0,2020-02-01,580
7613-LLQFO,2019-01-01,2020-01-01 00:00:00,Month-to-month,Yes,Electronic_check,84.45,1059.55,Male,0,No,No,Fiber_optic,No,No,No,No,Yes,No,Yes,1,2020-01-01,365
4568-TTZRT,2019-05-01,No,Month-to-month,No,Mailed_check,20.4,181.8,Male,0,No,No,No,No,No,No,No,No,No,No,0,2020-02-01,276
9513-DXHDA,2017-11-01,No,One_year,No,Electronic_check,81.7,2212.55,Male,0,No,No,DSL,Yes,No,Yes,Yes,Yes,Yes,No,0,2020-02-01,822
2640-PMGFL,2017-07-01,2019-10-01 00:00:00,Month-to-month,Yes,Electronic_check,79.5,2180.55,Male,0,No,Yes,Fiber_optic,No,No,No,Yes,No,No,Yes,1,2019-10-01,822
3801-HMYNL,2019-10-01,2019-11-01 00:00:00,Month-to-month,No,Mailed_check,89.15,89.15,Male,0,Yes,Yes,Fiber_optic,No,No,No,No,Yes,Yes,No,1,2019-11-01,31
0516-QREYC,2018-02-01,No,Month-to-month,Yes,Mailed_check,20.3,459.95,Female,1,No,No,No,No,No,No,No,No,No,No,0,2020-02-01,730
9685-WKZGT,2018-11-01,2020-01-01 00:00:00,Month-to-month,Yes,Electronic_check,74.95,1036.75,Male,1,No,No,Fiber_optic,No,No,No,No,No,No,Yes,1,2020-01-01,426
6022-UGGSO,2017-03-01,2019-11-01 00:00:00,Month-to-month,Yes,Electronic_check,74.4,2276.95,Female,1,No,No,Fiber_optic,No,Yes,No,No,No,No,No,1,2019-11-01,975
8084-OIVBS,2019-03-01,No,One_year,No,Mailed_check,20.0,211.95,Female,0,No,No,No,No,No,No,No,No,No,No,0,2020-02-01,337
8896-BQTTI,2020-01-01,No,Month-to-month,Yes,Mailed_check,25.0,25.0,Male,0,No,No,No,No,No,No,No,No,No,Yes,0,2020-02-01,31
3865-QBWSJ,2016-12-01,No,Month-to-month,Yes,Mailed_check,80.45,3162.65,Male,1,No,Yes,Fiber_optic,Yes,No,No,No,No,No,Yes,0,2020-02-01,1157
3352-RICWQ,2019-05-01,No,Two_year,No,Mailed_check,19.75,210.65,Female,0,Yes,Yes,No,No,No,No,No,No,No,No,0,2020-02-01,276
2160-GPFXD,2015-08-01,No,Two_year,Yes,Credit_card_(automatic),65.65,3566.7,Male,0,Yes,Yes,DSL,Yes,Yes,No,Yes,No,No,Yes,0,2020-02-01,1645
2065-MMKGR,2017-09-01,No,One_year,Yes,Credit_card_(automatic),71.0,2080.1,Female,0,No,No,DSL,No,No,No,No,Yes,Yes,Yes,0,2020-02-01,883
5857-TYBCJ,2016-06-01,No,Month-to-month,Yes,Electronic_check,89.2,4040.2,Male,1,Yes,No,Fiber_optic,No,No,Yes,No,Yes,No,Yes,0,2020-02-01,1340
1498-NHTLT,2015-03-01,No,Two_year,Yes,Electronic_check,86.75,5186.0,Male,0,Yes,Yes,DSL,Yes,Yes,Yes,Yes,Yes,Yes,No,0,2020-02-01,1798
4484-CGXFK,2019-09-01,2019-12-01 00:00:00,Month-to-month,Yes,Electronic_check,55.3,196.15,Female,0,No,No,DSL,No,No,No,No,No,Yes,No,1,2019-12-01,91
1402-PTHGN,2018-08-01,No,One_year,Yes,Mailed_check,61.5,1087.45,Female,0,Yes,Yes,DSL,Yes,Yes,No,Yes,No,No,No,0,2020-02-01,549
4176-RELJR,2014-07-01,No,Two_year,No,Credit_card_(automatic),25.1,1672.15,Male,1,No,No,No,No,No,No,No,No,No,Yes,0,2020-02-01,2041
6214-EDAKZ,2018-01-01,2019-11-01 00:00:00,Month-to-month,No,Electronic_check,55.15,1206.05,Female,0,Yes,Yes,DSL,No,Yes,No,Yes,No,No,No,1,2019-11-01,669
5199-FPUSP,2017-05-01,No,One_year,No,Credit_card_(automatic),34.05,1113.95,Male,0,No,Yes,DSL,Yes,No,No,Yes,No,No,No,0,2020-02-01,1006
6377-KSLXC,2019-09-01,No,Month-to-month,No,Mailed_check,19.95,107.05,Male,0,No,No,No,No,No,No,No,No,No,No,0,2020-02-01,153
1796-JANOW,2019-12-01,No,Month-to-month,No,Mailed_check,19.95,38.15,Female,0,No,No,No,No,No,No,No,No,No,No,0,2020-02-01,62
0238-WHBIQ,2014-02-01,No,Two_year,No,Credit_card_(automatic),89.7,6339.3,Male,0,Yes,Yes,DSL,Yes,Yes,Yes,Yes,Yes,Yes,Yes,0,2020-02-01,2191
8735-NBLWT,2019-05-01,No,Month-to-month,No,Mailed_check,20.4,184.1,Male,0,No,Yes,No,No,No,No,No,No,No,No,0,2020-02-01,276
6651-RLGGM,2014-07-01,No,Two_year,No,Mailed_check,26.3,1688.9,Male,0,Yes,Yes,No,No,No,No,No,No,No,Yes,0,2020-02-01,2041
6127-ISGTU,2018-09-01,2020-01-01 00:00:00,Month-to-month,Yes,Electronic_check,84.95,1378.25,Female,0,Yes,No,Fiber_optic,No,No,No,No,Yes,No,Yes,1,2020-01-01,487
1614-JBEBI,2019-06-01,No,Month-to-month,Yes,Mailed_check,20.7,137.6,Female,0,No,No,No,No,No,No,No,No,No,No,0,2020-02-01,245
8740-XLHDR,2019-07-01,2019-12-01 00:00:00,Month-to-month,Yes,Mailed_check,43.25,219.0,Male,0,No,No,DSL,Yes,Yes,Yes,Yes,No,No,No,1,2019-12-01,153
1208-DNHLN,2017-12-01,2019-11-01 00:00:00,One_year,Yes,Credit_card_(automatic),48.35,1067.15,Male,0,Yes,Yes,DSL,No,No,No,No,No,No,Yes,1,2019-11-01,700
1761-AEZZR,2019-12-01,2020-01-01 00:00:00,Month-to-month,Yes,Electronic_check,79.55,79.55,Male,0,No,No,Fiber_optic,No,No,No,No,Yes,No,No,1,2020-01-01,31
3923-CSIHK,2015-09-01,2019-11-01 00:00:00,Month-to-month,Yes,Electronic_check,71.05,3444.85,Female,1,Yes,No,Fiber_optic,No,No,No,No,No,No,No,1,2019-11-01,1522
5696-EXCYS,2018-09-01,No,Two_year,No,Credit_card_(automatic),19.45,369.05,Male,0,No,No,No,No,No,No,No,No,No,No,0,2020-02-01,518
5795-KTGUD,2014-06-01,No,Two_year,Yes,Bank_transfer_(automatic),110.8,7553.6,Female,0,Yes,No,Fiber_optic,Yes,Yes,Yes,No,Yes,Yes,Yes,0,2020-02-01,2071
7120-RFMVS,2019-12-01,2020-01-01 00:00:00,Month-to-month,No,Electronic_check,84.5,84.5,Male,0,No,No,Fiber_optic,No,No,No,No,Yes,No,Yes,1,2020-01-01,31
7924-GJZFI,2018-01-01,No,Month-to-month,Yes,Electronic_check,69.3,1813.1,Female,1,Yes,No,Fiber_optic,No,No,No,No,No,No,No,0,2020-02-01,761
4702-HDRKD,2014-07-01,No,One_year,Yes,Bank_transfer_(automatic),49.35,3321.35,Male,0,No,No,DSL,Yes,No,Yes,Yes,Yes,No,No,0,2020-02-01,2041
8512-WIWYV,2017-06-01,No,One_year,No,Credit_card_(automatic),20.35,707.5,Male,0,No,No,No,No,No,No,No,No,No,No,0,2020-02-01,975
5897-ZYEKH,2014-07-01,No,One_year,Yes,Electronic_check,105.6,7112.15,Female,1,Yes,No,Fiber_optic,Yes,Yes,No,No,Yes,Yes,Yes,0,2020-02-01,2041
5456-ITGIC,2014-02-01,No,Two_year,Yes,Credit_card_(automatic),64.45,4641.1,Male,1,Yes,No,DSL,Yes,Yes,Yes,Yes,Yes,Yes,No,0,2020-02-01,2191
7317-GGVPB,2013-11-01,2019-10-01 00:00:00,Two_year,Yes,Credit_card_(automatic),108.6,7690.9,Male,0,Yes,No,Fiber_optic,No,Yes,Yes,Yes,Yes,Yes,Yes,1,2019-10-01,2160
1406-PUQVY,2020-01-01,No,Month-to-month,Yes,Electronic_check,49.9,49.9,Male,0,No,Yes,DSL,No,Yes,No,No,No,No,No,0,2020-02-01,31
1322-AGOQM,2016-02-01,2019-12-01 00:00:00,Month-to-month,No,Bank_transfer_(automatic),30.3,1380.1,Male,0,No,No,DSL,No,Yes,No,No,No,No,No,1,2019-12-01,1399
3677-IYRBF,2019-11-01,2020-01-01 00:00:00,Month-to-month,Yes,Electronic_check,30.4,78.65,Female,1,No,No,DSL,No,No,Yes,No,No,No,No,1,2020-01-01,61
5692-FPTAH,2019-12-01,2020-01-01 00:00:00,Month-to-month,Yes,Mailed_check,45.4,45.4,Female,0,No,No,DSL,No,No,No,No,No,No,No,1,2020-01-01,31
9114-AAFQH,2016-02-01,No,One_year,Yes,Electronic_check,65.65,3094.65,Female,0,Yes,No,DSL,No,Yes,Yes,No,No,Yes,No,0,2020-02-01,1461
8715-KKTFG,2015-01-01,No,One_year,Yes,Bank_transfer_(automatic),103.3,6518.35,Female,0,Yes,No,Fiber_optic,No,No,Yes,Yes,Yes,Yes,Yes,0,2020-02-01,1857
1550-LOAHA,2017-03-01,2019-11-01 00:00:00,Month-to-month,No,Bank_transfer_(automatic),84.15,2585.95,Female,0,Yes,No,Fiber_optic,No,Yes,No,No,No,Yes,No,1,2019-11-01,975
1728-BQDMA,2019-12-01,No,Month-to-month,No,Electronic_check,44.45,82.7,Female,0,No,No,DSL,No,No,No,No,No,No,No,0,2020-02-01,62
0268-QKIWO,2019-09-01,2019-12-01 00:00:00,Month-to-month,No,Electronic_check,19.75,58.85,Female,0,No,No,No,No,No,No,No,No,No,No,1,2019-12-01,91
0876-WDUUZ,2019-07-01,2019-12-01 00:00:00,Month-to-month,Yes,Credit_card_(automatic),85.4,425.9,Female,0,No,No,Fiber_optic,No,No,No,Yes,No,Yes,No,1,2019-12-01,153
5117-ZSMHQ,2014-03-01,No,Two_year,No,Bank_transfer_(automatic),89.9,6342.7,Female,0,Yes,Yes,DSL,Yes,Yes,Yes,Yes,Yes,Yes,Yes,0,2020-02-01,2163
5151-HQRDG,2017-01-01,No,Month-to-month,Yes,Mailed_check,55.05,2030.75,Male,0,Yes,No,DSL,Yes,No,No,No,No,No,Yes,0,2020-02-01,1126
0960-HUWBM,2014-09-01,No,Two_year,Yes,Bank_transfer_(automatic),104.1,6700.05,Male,0,Yes,Yes,Fiber_optic,No,No,Yes,Yes,Yes,Yes,Yes,0,2020-02-01,1979
6465-GSRCL,2014-07-01,No,One_year,Yes,Bank_transfer_(automatic),106.6,7244.7,Female,0,No,Yes,Fiber_optic,No,Yes,No,Yes,Yes,Yes,Yes,0,2020-02-01,2041
0617-FHSGK,2015-12-01,2020-01-01 00:00:00,Month-to-month,No,Credit_card_(automatic),75.2,3678.3,Male,0,No,Yes,Fiber_optic,No,No,No,No,No,No,Yes,1,2020-01-01,1492
0263-FJTQO,2015-12-01,No,Two_year,Yes,Credit_card_(automatic),70.5,3486.65,Male,0,Yes,Yes,DSL,Yes,No,No,Yes,Yes,No,Yes,0,2020-02-01,1523
7319-ZNRTR,2018-01-01,No,One_year,No,Electronic_check,19.6,411.15,Male,0,Yes,Yes,No,No,No,No,No,No,No,No,0,2020-02-01,761
2858-MOFSQ,2018-08-01,2020-01-01 00:00:00,One_year,Yes,Mailed_check,55.85,937.5,Female,0,No,Yes,DSL,No,No,Yes,No,No,No,Yes,1,2020-01-01,518
7503-EPSZW,2014-10-01,No,Two_year,Yes,Mailed_check,24.05,1559.15,Female,0,Yes,Yes,No,No,No,No,No,No,No,Yes,0,2020-02-01,1949
7089-XXAYG,2018-01-01,No,One_year,Yes,Credit_card_(automatic),38.1,970.4,Male,0,Yes,No,DSL,No,No,Yes,No,Yes,No,No,0,2020-02-01,761
8118-LSUEL,2018-02-01,2020-01-01 00:00:00,Month-to-month,Yes,Electronic_check,106.4,2483.5,Male,1,No,No,Fiber_optic,No,Yes,Yes,No,Yes,Yes,Yes,1,2020-01-01,699
8070-AAWZP,2018-02-01,No,Month-to-month,No,Mailed_check,34.25,828.2,Male,1,Yes,No,DSL,No,No,Yes,Yes,No,No,No,0,2020-02-01,730
1666-JXLKU,2017-01-01,No,Month-to-month,Yes,Electronic_check,100.05,3810.55,Female,0,No,No,Fiber_optic,No,No,Yes,No,Yes,Yes,Yes,0,2020-02-01,1126
7855-DIWPO,2018-05-01,No,Month-to-month,Yes,Electronic_check,68.65,1493.2,Female,0,No,No,Fiber_optic,No,No,No,No,No,No,No,0,2020-02-01,641
5133-POWUA,2020-01-01,No,Month-to-month,Yes,Mailed_check,45.8,45.8,Male,0,No,No,DSL,No,No,No,No,No,No,No,0,2020-02-01,31
5652-MSDEY,2019-04-01,No,Month-to-month,Yes,Mailed_check,75.75,777.3,Female,0,No,No,Fiber_optic,No,No,No,No,No,No,Yes,0,2020-02-01,306
7005-CCBKV,2019-04-01,2019-10-01 00:00:00,Month-to-month,Yes,Electronic_check,84.4,556.35,Male,0,No,No,Fiber_optic,No,Yes,No,No,No,Yes,No,1,2019-10-01,183
1810-BOHSY,2015-11-01,No,One_year,Yes,Credit_card_(automatic),96.4,4911.05,Male,0,Yes,No,Fiber_optic,Yes,Yes,No,No,No,Yes,Yes,0,2020-02-01,1553
1784-BXEFA,2019-04-01,No,Month-to-month,Yes,Mailed_check,20.55,187.35,Female,0,No,No,No,No,No,No,No,No,No,No,0,2020-02-01,306
7351-MHQVU,2019-08-01,No,Month-to-month,No,Credit_card_(automatic),50.95,307.6,Female,0,No,No,DSL,Yes,Yes,No,Yes,No,Yes,No,0,2020-02-01,184
9224-VTYID,2016-03-01,No,Two_year,Yes,Mailed_check,90.5,4318.35,Male,0,Yes,Yes,DSL,Yes,Yes,Yes,Yes,Yes,Yes,Yes,0,2020-02-01,1432
9500-IWPXQ,2015-01-01,No,One_year,Yes,Electronic_check,79.4,4820.55,Female,0,Yes,Yes,DSL,Yes,Yes,Yes,Yes,No,Yes,Yes,0,2020-02-01,1857
5762-TJXGK,2015-10-01,No,Two_year,Yes,Bank_transfer_(automatic),58.75,3038.55,Female,0,No,No,DSL,Yes,Yes,Yes,No,Yes,Yes,No,0,2020-02-01,1584
4504-YOULA,2017-03-01,No,Month-to-month,Yes,Credit_card_(automatic),59.45,2136.9,Female,0,Yes,Yes,DSL,Yes,Yes,No,No,No,No,Yes,0,2020-02-01,1067
5569-IDSEY,2014-03-01,No,One_year,Yes,Bank_transfer_(automatic),105.7,7472.15,Male,0,Yes,No,Fiber_optic,No,Yes,Yes,No,Yes,Yes,Yes,0,2020-02-01,2163
4250-FDVOU,2019-04-01,2019-10-01 00:00:00,Month-to-month,No,Electronic_check,56.25,389.1,Female,0,No,No,DSL,Yes,Yes,No,No,No,No,No,1,2019-10-01,183
7284-ZZLOH,2016-05-01,No,Two_year,No,Credit_card_(automatic),53.3,2296.25,Male,0,Yes,No,DSL,Yes,No,Yes,No,No,No,No,0,2020-02-01,1371
5277-ZLOOR,2019-08-01,2019-10-01 00:00:00,Month-to-month,Yes,Electronic_check,85.55,187.45,Female,1,No,No,Fiber_optic,No,No,No,No,Yes,No,Yes,1,2019-10-01,61
2141-RRYGO,2019-06-01,2019-10-01 00:00:00,Month-to-month,Yes,Bank_transfer_(automatic),68.65,261.25,Female,0,No,No,DSL,No,Yes,No,No,Yes,Yes,No,1,2019-10-01,122
1777-JYQPJ,2019-12-01,No,Month-to-month,No,Mailed_check,24.3,38.45,Male,0,No,No,DSL,No,No,No,No,No,No,No,0,2020-02-01,62
6376-GAHQE,2019-07-01,2019-11-01 00:00:00,Month-to-month,No,Electronic_check,77.85,299.2,Male,0,No,No,Fiber_optic,No,No,No,No,Yes,No,No,1,2019-11-01,123
3401-URHDA,2015-11-01,No,One_year,No,Credit_card_(automatic),59.9,3043.6,Male,0,No,No,DSL,Yes,No,No,Yes,No,No,Yes,0,2020-02-01,1553
1599-EAHXY,2015-02-01,No,One_year,No,Credit_card_(automatic),23.95,1506.4,Male,0,Yes,Yes,No,No,No,No,No,No,No,Yes,0,2020-02-01,1826
8631-XVRZL,2019-05-01,No,One_year,Yes,Mailed_check,20.15,163.7,Male,0,No,No,No,No,No,No,No,No,No,No,0,2020-02-01,276
5052-PNLOS,2019-07-01,2019-10-01 00:00:00,Month-to-month,Yes,Bank_transfer_(automatic),105.35,323.25,Male,0,No,No,Fiber_optic,No,Yes,Yes,No,Yes,Yes,Yes,1,2019-10-01,92
3853-LYGAM,2018-09-01,No,Month-to-month,Yes,Bank_transfer_(automatic),95.65,1640.0,Male,0,No,No,Fiber_optic,No,No,Yes,Yes,No,Yes,Yes,0,2020-02-01,518
6979-ZNSFF,2019-03-01,2019-11-01 00:00:00,Month-to-month,Yes,Electronic_check,87.05,762.1,Female,0,No,No,Fiber_optic,No,No,No,No,Yes,No,Yes,1,2019-11-01,245
5751-USDBL,2016-04-01,No,Two_year,No,Mailed_check,81.0,3846.35,Male,0,Yes,Yes,DSL,Yes,No,Yes,Yes,Yes,Yes,No,0,2020-02-01,1401
5680-LQOGP,2014-06-01,No,Two_year,Yes,Credit_card_(automatic),82.45,5646.6,Female,0,No,No,DSL,Yes,Yes,Yes,Yes,Yes,Yes,No,0,2020-02-01,2071
2386-LAHRK,2019-09-01,2019-10-01 00:00:00,Month-to-month,Yes,Mailed_check,53.5,53.5,Male,0,No,No,DSL,No,No,No,No,Yes,No,No,1,2019-10-01,30
8189-DUKMV,2019-10-01,No,One_year,No,Bank_transfer_(automatic),20.5,79.05,Female,0,Yes,No,No,No,No,No,No,No,No,No,0,2020-02-01,123
6032-IGALN,2019-10-01,2019-11-01 00:00:00,Month-to-month,Yes,Mailed_check,25.1,25.1,Female,0,No,No,DSL,No,No,No,No,No,No,No,1,2019-11-01,31
9931-DCEZH,2017-10-01,No,One_year,Yes,Credit_card_(automatic),54.4,1516.6,Male,0,No,Yes,DSL,No,Yes,No,Yes,No,No,No,0,2020-02-01,853
1898-JSNDC,2016-11-01,No,One_year,Yes,Credit_card_(automatic),58.6,2224.5,Female,0,No,No,DSL,No,Yes,No,No,Yes,No,No,0,2020-02-01,1187
0315-LVCRK,2019-03-01,No,Month-to-month,No,Electronic_check,84.8,888.75,Male,0,No,No,Fiber_optic,No,No,Yes,No,No,Yes,No,0,2020-02-01,337
3911-RSNHI,2014-03-01,No,Two_year,Yes,Credit_card_(automatic),61.4,4310.35,Female,0,Yes,No,DSL,No,Yes,Yes,Yes,Yes,Yes,No,0,2020-02-01,2163
2410-CIYFZ,2019-12-01,No,Month-to-month,No,Mailed_check,20.4,42.9,Male,0,No,Yes,No,No,No,No,No,No,No,No,0,2020-02-01,62
4248-HCETZ,2017-04-01,2019-10-01 00:00:00,Month-to-month,Yes,Mailed_check,79.65,2365.15,Male,1,Yes,No,Fiber_optic,No,Yes,Yes,No,No,No,No,1,2019-10-01,913
5505-OVWQW,2018-09-01,No,One_year,No,Mailed_check,20.15,353.65,Female,0,No,No,No,No,No,No,No,No,No,No,0,2020-02-01,518
7271-AJDTL,2015-07-01,No,Month-to-month,Yes,Credit_card_(automatic),94.45,5073.1,Female,0,Yes,No,Fiber_optic,No,Yes,Yes,No,Yes,No,Yes,0,2020-02-01,1676
1867-TJHTS,2015-04-01,No,Month-to-month,Yes,Bank_transfer_(automatic),79.8,4526.85,Female,0,No,No,Fiber_optic,Yes,No,No,No,No,No,Yes,0,2020-02-01,1767
0516-WJVXC,2019-08-01,2020-01-01 00:00:00,Month-to-month,No,Electronic_check,54.2,308.25,Female,0,No,No,DSL,Yes,No,No,Yes,No,No,No,1,2020-01-01,153
9174-FKWZE,2019-11-01,2019-12-01 00:00:00,Month-to-month,Yes,Electronic_check,19.45,19.45,Female,1,No,No,No,No,No,No,No,No,No,No,1,2019-12-01,30
6860-YRJZP,2019-05-01,No,Month-to-month,Yes,Electronic_check,74.05,678.45,Male,1,No,No,Fiber_optic,No,No,No,No,No,No,Yes,0,2020-02-01,276
4429-WYGFR,2017-12-01,No,Month-to-month,No,Bank_transfer_(automatic),49.15,1237.3,Male,0,No,No,DSL,No,No,No,Yes,No,No,No,0,2020-02-01,792
2817-LVCPP,2015-12-01,No,Two_year,No,Credit_card_(automatic),19.4,1023.95,Female,0,No,No,No,No,No,No,No,No,No,No,0,2020-02-01,1523
5038-ETMLM,2014-02-01,No,Two_year,Yes,Bank_transfer_(automatic),113.65,8182.75,Female,0,Yes,No,Fiber_optic,Yes,Yes,Yes,Yes,Yes,Yes,Yes,0,2020-02-01,2191
5056-FIMPT,2016-07-01,No,One_year,Yes,Credit_card_(automatic),106.0,4532.3,Female,0,No,Yes,Fiber_optic,Yes,Yes,No,Yes,Yes,Yes,No,0,2020-02-01,1310
4521-WFJAI,2015-06-01,No,Two_year,Yes,Bank_transfer_(automatic),25.95,1444.05,Male,0,No,No,No,No,No,No,No,No,No,Yes,0,2020-02-01,1706
6569-KTMDU,2020-01-01,No,Month-to-month,No,Mailed_check,19.1,19.1,Female,0,No,No,No,No,No,No,No,No,No,No,0,2020-02-01,31
8809-RIHDD,2014-01-01,2020-01-01 00:00:00,Two_year,Yes,Electronic_check,103.4,7372.65,Male,0,Yes,Yes,Fiber_optic,No,Yes,Yes,No,Yes,Yes,Yes,1,2020-01-01,2191
8809-XKHMD,2014-02-01,No,Two_year,Yes,Bank_transfer_(automatic),100.55,7325.1,Male,0,Yes,No,Fiber_optic,Yes,Yes,No,Yes,No,Yes,Yes,0,2020-02-01,2191
0396-YCHWO,2017-02-01,No,Month-to-month,Yes,Electronic_check,95.4,3474.2,Male,0,Yes,No,Fiber_optic,No,No,No,No,Yes,Yes,Yes,0,2020-02-01,1095
0867-LDTTC,2019-09-01,No,Month-to-month,No,Bank_transfer_(automatic),75.15,392.65,Male,0,No,No,DSL,No,No,Yes,Yes,Yes,Yes,No,0,2020-02-01,153
4822-NGOCH,2018-12-01,2020-01-01 00:00:00,Month-to-month,Yes,Electronic_check,84.45,1058.6,Female,0,No,No,Fiber_optic,No,Yes,Yes,No,No,No,Yes,1,2020-01-01,396
9391-DXGGG,2016-06-01,No,One_year,No,Credit_card_(automatic),89.15,3990.75,Female,1,No,No,Fiber_optic,No,Yes,Yes,No,No,Yes,No,0,2020-02-01,1340
9844-FELAJ,2014-04-01,No,One_year,Yes,Electronic_check,107.9,7475.85,Female,1,Yes,Yes,Fiber_optic,No,Yes,Yes,Yes,Yes,Yes,Yes,0,2020-02-01,2132
2122-SZZZD,2016-06-01,No,One_year,No,Credit_card_(automatic),19.5,835.5,Male,0,No,No,No,No,No,No,No,No,No,No,0,2020-02-01,1340
5307-DZCVC,2017-03-01,2019-11-01 00:00:00,Month-to-month,Yes,Credit_card_(automatic),85.95,2628.6,Female,1,Yes,No,Fiber_optic,No,No,No,No,Yes,No,Yes,1,2019-11-01,975
3148-AOIQT,2014-05-01,No,Two_year,Yes,Credit_card_(automatic),24.95,1718.35,Female,0,Yes,No,No,No,No,No,No,No,No,Yes,0,2020-02-01,2102
8679-JOEVF,2018-09-01,2020-01-01 00:00:00,Month-to-month,No,Electronic_check,59.4,1023.9,Female,1,No,No,DSL,No,No,No,Yes,Yes,No,No,1,2020-01-01,487
8395-ETZKQ,2014-06-01,No,One_year,No,Bank_transfer_(automatic),19.5,1193.55,Male,1,Yes,Yes,No,No,No,No,No,No,No,No,0,2020-02-01,2071
6692-YQHXC,2018-10-01,No,Month-to-month,Yes,Credit_card_(automatic),69.95,1205.5,Male,0,No,No,Fiber_optic,No,No,No,No,No,No,No,0,2020-02-01,488
3889-VWBID,2014-06-01,No,Two_year,No,Bank_transfer_(automatic),82.85,5776.45,Male,0,Yes,Yes,DSL,Yes,Yes,No,Yes,Yes,Yes,No,0,2020-02-01,2071
5222-JCXZT,2019-10-01,No,Month-to-month,No,Mailed_check,19.0,78.9,Male,0,No,No,No,No,No,No,No,No,No,No,0,2020-02-01,123
9754-CLVZW,2017-12-01,No,Month-to-month,No,Credit_card_(automatic),38.85,1025.15,Female,0,Yes,Yes,DSL,Yes,Yes,No,Yes,No,No,No,0,2020-02-01,792
1432-FPAXX,2017-05-01,2019-10-01 00:00:00,Month-to-month,Yes,Electronic_check,30.6,856.35,Female,0,No,No,DSL,No,Yes,No,No,No,No,No,1,2019-10-01,883
2739-CCZMB,2019-09-01,No,Month-to-month,No,Credit_card_(automatic),20.35,122.0,Male,0,No,Yes,No,No,No,No,No,No,No,No,0,2020-02-01,153
7080-TNUWP,2014-04-01,No,One_year,Yes,Bank_transfer_(automatic),95.0,6602.9,Male,0,Yes,No,Fiber_optic,No,Yes,Yes,No,Yes,No,Yes,0,2020-02-01,2132
0496-AHOOK,2018-02-01,No,One_year,No,Bank_transfer_(automatic),74.4,1712.9,Male,0,Yes,No,DSL,Yes,No,No,Yes,Yes,Yes,No,0,2020-02-01,730
8336-TAVKX,2014-02-01,No,Two_year,No,Bank_transfer_(automatic),78.45,5682.25,Female,1,Yes,No,DSL,Yes,Yes,Yes,Yes,No,Yes,Yes,0,2020-02-01,2191
2468-SJFLM,2020-01-01,No,Month-to-month,Yes,Mailed_check,74.3,74.3,Male,0,No,No,Fiber_optic,No,No,No,Yes,No,No,No,0,2020-02-01,31
3181-VTHOE,2014-04-01,No,One_year,Yes,Bank_transfer_(automatic),51.05,3635.15,Male,0,Yes,No,DSL,No,Yes,Yes,Yes,No,Yes,No,0,2020-02-01,2132
7168-HDQHG,2017-02-01,No,Month-to-month,No,Bank_transfer_(automatic),19.2,702.9,Female,0,Yes,Yes,No,No,No,No,No,No,No,No,0,2020-02-01,1095
4803-AXVYP,2016-09-01,2019-11-01 00:00:00,Month-to-month,Yes,Electronic_check,99.55,3734.25,Female,1,No,No,Fiber_optic,No,No,No,Yes,Yes,Yes,Yes,1,2019-11-01,1156
3884-HCSWG,2018-06-01,2019-11-01 00:00:00,Month-to-month,Yes,Electronic_check,70.0,1144.5,Female,0,No,No,Fiber_optic,No,No,No,No,No,No,No,1,2019-11-01,518
4567-AKPIA,2016-09-01,No,One_year,Yes,Bank_transfer_(automatic),109.1,4454.25,Female,0,Yes,Yes,Fiber_optic,No,Yes,Yes,Yes,Yes,Yes,Yes,0,2020-02-01,1248
5077-DXTCG,2019-09-01,2019-10-01 00:00:00,Month-to-month,Yes,Electronic_check,45.3,45.3,Female,0,No,No,DSL,No,No,No,No,No,No,No,1,2019-10-01,30
1142-WACZW,2019-08-01,2019-10-01 00:00:00,Month-to-month,No,Bank_transfer_(automatic),29.85,75.6,Male,0,No,No,DSL,No,No,No,Yes,No,No,No,1,2019-10-01,61
7901-HXJVA,2018-12-01,No,Month-to-month,No,Electronic_check,76.45,1117.55,Male,0,No,No,Fiber_optic,No,No,Yes,No,No,No,No,0,2020-02-01,427
5649-ANRML,2019-11-01,2020-01-01 00:00:00,Month-to-month,Yes,Credit_card_(automatic),95.1,180.25,Male,1,No,No,Fiber_optic,No,Yes,Yes,Yes,No,Yes,No,1,2020-01-01,61
4892-VLANZ,2019-10-01,2019-11-01 00:00:00,Month-to-month,No,Mailed_check,19.8,19.8,Male,0,No,No,No,No,No,No,No,No,No,No,1,2019-11-01,31
5924-IFQTT,2019-01-01,No,Month-to-month,Yes,Electronic_check,72.8,930.05,Male,0,Yes,Yes,DSL,No,Yes,Yes,Yes,Yes,No,Yes,0,2020-02-01,396
7968-QUXNS,2019-08-01,No,Month-to-month,No,Mailed_check,18.95,110.15,Male,0,No,No,No,No,No,No,No,No,No,No,0,2020-02-01,184
2919-HBCJO,2019-08-01,2019-12-01 00:00:00,Month-to-month,Yes,Bank_transfer_(automatic),76.65,333.6,Female,0,No,No,Fiber_optic,No,Yes,No,No,No,No,No,1,2019-12-01,122
4236-XPXAV,2019-06-01,2019-11-01 00:00:00,Month-to-month,Yes,Mailed_check,99.15,465.05,Female,0,Yes,Yes,Fiber_optic,No,Yes,No,Yes,Yes,Yes,No,1,2019-11-01,153
8903-WMRNW,2018-11-01,No,Month-to-month,No,Electronic_check,101.75,1669.4,Female,0,Yes,No,Fiber_optic,Yes,No,Yes,No,Yes,Yes,No,0,2020-02-01,457
2452-SNHFZ,2016-03-01,No,Month-to-month,No,Credit_card_(automatic),75.45,3545.1,Female,0,No,No,Fiber_optic,Yes,No,No,No,No,No,No,0,2020-02-01,1432
3629-WEAAM,2019-06-01,No,Month-to-month,No,Mailed_check,64.1,504.05,Female,0,No,No,DSL,No,No,Yes,Yes,No,Yes,No,0,2020-02-01,245
6029-CSMJE,2018-09-01,No,Month-to-month,Yes,Mailed_check,25.65,440.2,Male,0,No,No,DSL,No,No,No,No,No,No,No,0,2020-02-01,518
7993-NQLJE,2018-11-01,No,Month-to-month,No,Mailed_check,75.1,1151.55,Male,0,Yes,Yes,Fiber_optic,Yes,No,No,No,No,No,No,0,2020-02-01,457
9909-DFRJA,2017-12-01,No,One_year,Yes,Bank_transfer_(automatic),95.85,2475.35,Female,0,No,No,Fiber_optic,Yes,No,Yes,Yes,No,Yes,No,0,2020-02-01,792
9099-FTUHS,2018-03-01,No,Month-to-month,No,Electronic_check,54.4,1249.25,Female,0,No,No,DSL,Yes,No,No,No,No,No,Yes,0,2020-02-01,702
0581-BXBUB,2019-10-01,No,Month-to-month,No,Electronic_check,72.75,317.75,Female,1,No,No,Fiber_optic,No,Yes,No,No,No,No,No,0,2020-02-01,123
4962-CHQPW,2017-09-01,No,One_year,No,Mailed_check,19.85,535.05,Male,0,No,Yes,No,No,No,No,No,No,No,No,0,2020-02-01,883
9467-ROOLM,2018-01-01,No,Month-to-month,No,Mailed_check,19.05,461.3,Female,0,No,No,No,No,No,No,No,No,No,No,0,2020-02-01,761
3030-YZADT,2019-03-01,2019-12-01 00:00:00,Month-to-month,No,Mailed_check,44.95,431.0,Male,0,No,No,DSL,No,No,No,No,No,No,No,1,2019-12-01,275
7410-KTVFV,2018-05-01,2019-11-01 00:00:00,Month-to-month,Yes,Mailed_check,49.55,878.35,Male,0,Yes,No,DSL,No,No,Yes,No,No,No,No,1,2019-11-01,549
5150-ITWWB,2019-11-01,No,Month-to-month,Yes,Electronic_check,94.85,335.75,Male,1,No,No,Fiber_optic,No,No,No,No,Yes,Yes,Yes,0,2020-02-01,92
2253-KPMNB,2014-05-01,No,Two_year,No,Bank_transfer_(automatic),46.25,3121.4,Female,0,Yes,Yes,DSL,Yes,Yes,Yes,Yes,No,No,No,0,2020-02-01,2102
1345-ZUKID,2018-12-01,No,One_year,No,Mailed_check,19.35,324.8,Male,0,No,No,No,No,No,No,No,No,No,No,0,2020-02-01,427
6429-SHBCB,2018-07-01,No,Month-to-month,No,Mailed_check,69.6,1394.55,Male,0,No,No,DSL,No,No,No,No,Yes,Yes,Yes,0,2020-02-01,580
9281-OFDMF,2016-11-01,No,Month-to-month,No,Electronic_check,90.7,3413.25,Male,1,No,No,Fiber_optic,No,Yes,No,No,No,Yes,Yes,0,2020-02-01,1187
2603-HVKCG,2017-07-01,No,Month-to-month,Yes,Electronic_check,101.4,3143.65,Male,0,No,No,Fiber_optic,No,Yes,Yes,No,Yes,Yes,No,0,2020-02-01,945
1834-WULEG,2018-02-01,No,One_year,No,Mailed_check,20.25,439.75,Male,0,Yes,Yes,No,No,No,No,No,No,No,No,0,2020-02-01,730
9097-ZUBYC,2018-12-01,No,Month-to-month,No,Bank_transfer_(automatic),48.8,664.4,Male,0,Yes,No,DSL,No,No,No,Yes,No,No,No,0,2020-02-01,427
5148-ORICT,2014-10-01,No,Two_year,Yes,Mailed_check,74.35,4759.55,Female,0,Yes,No,DSL,Yes,Yes,Yes,Yes,No,Yes,No,0,2020-02-01,1949
4893-GYUJU,2015-12-01,No,One_year,Yes,Mailed_check,19.35,1033.0,Female,0,No,No,No,No,No,No,No,No,No,No,0,2020-02-01,1523
4578-PHJYZ,2015-10-01,No,One_year,Yes,Electronic_check,68.75,3482.85,Male,0,Yes,Yes,DSL,No,Yes,Yes,Yes,Yes,No,No,0,2020-02-01,1584
7272-QDCKA,2017-10-01,No,One_year,No,Electronic_check,100.2,2688.45,Male,0,No,No,Fiber_optic,No,Yes,No,No,Yes,Yes,Yes,0,2020-02-01,853
8908-SLFCJ,2018-05-01,No,Two_year,Yes,Credit_card_(automatic),20.85,435.25,Female,0,No,No,No,No,No,No,No,No,No,No,0,2020-02-01,641
8393-DLHGA,2017-12-01,2020-01-01 00:00:00,Month-to-month,Yes,Electronic_check,95.9,2448.75,Male,0,No,Yes,Fiber_optic,No,Yes,No,No,Yes,Yes,No,1,2020-01-01,761
9766-HGEDE,2018-09-01,No,One_year,No,Mailed_check,19.35,307.0,Female,0,Yes,No,No,No,No,No,No,No,No,No,0,2020-02-01,518
6968-MHOMU,2015-04-01,No,One_year,Yes,Credit_card_(automatic),45.0,2689.35,Male,0,Yes,No,DSL,No,No,No,No,Yes,Yes,No,0,2020-02-01,1767
7395-IGJOS,2018-06-01,2019-11-01 00:00:00,Month-to-month,No,Bank_transfer_(automatic),81.5,1329.2,Male,1,Yes,No,Fiber_optic,No,No,No,No,No,Yes,No,1,2019-11-01,518
5044-XDPYX,2015-11-01,No,Two_year,No,Mailed_check,25.5,1281.25,Female,0,Yes,No,No,No,No,No,No,No,No,Yes,0,2020-02-01,1553
1814-WFGVS,2014-02-01,No,Two_year,No,Mailed_check,48.9,3527.0,Male,0,Yes,Yes,DSL,Yes,No,Yes,Yes,Yes,No,No,0,2020-02-01,2191
2834-SPCJV,2015-08-01,2019-12-01 00:00:00,Month-to-month,No,Electronic_check,84.1,4348.65,Male,0,Yes,No,Fiber_optic,Yes,No,No,No,Yes,No,No,1,2019-12-01,1583
3721-WKIIL,2017-11-01,No,Two_year,Yes,Mailed_check,19.6,561.15,Female,0,No,No,No,No,No,No,No,No,No,No,0,2020-02-01,822
6734-CKRSM,2019-11-01,No,Month-to-month,No,Mailed_check,20.0,63.6,Female,0,No,No,No,No,No,No,No,No,No,No,0,2020-02-01,92
1265-ZFOSD,2014-10-01,No,Two_year,Yes,Mailed_check,81.3,5129.3,Female,0,Yes,No,DSL,Yes,Yes,Yes,Yes,No,Yes,Yes,0,2020-02-01,1949
6568-POCUI,2016-05-01,No,Two_year,Yes,Credit_card_(automatic),95.2,4285.8,Female,0,Yes,No,Fiber_optic,No,No,No,Yes,Yes,Yes,No,0,2020-02-01,1371
7890-VYYWG,2019-09-01,2019-12-01 00:00:00,Month-to-month,Yes,Mailed_check,36.45,93.7,Male,1,Yes,No,DSL,No,No,No,No,Yes,No,No,1,2019-12-01,91
5197-LQXXH,2014-03-01,No,Two_year,Yes,Credit_card_(automatic),83.3,5894.5,Female,0,Yes,No,DSL,No,Yes,Yes,Yes,Yes,Yes,Yes,0,2020-02-01,2163
9907-SWKKF,2019-10-01,2019-11-01 00:00:00,Month-to-month,No,Mailed_check,25.05,25.05,Female,1,No,No,DSL,No,No,No,No,No,No,No,1,2019-11-01,31
3457-PQBYH,2015-04-01,No,Two_year,No,Credit_card_(automatic),20.3,1160.75,Female,0,Yes,Yes,No,No,No,No,No,No,No,No,0,2020-02-01,1767
7682-AZNDK,2017-04-01,No,Month-to-month,Yes,Electronic_check,89.85,3091.75,Male,0,Yes,Yes,Fiber_optic,No,Yes,Yes,No,Yes,No,No,0,2020-02-01,1036
0587-DMGBH,2019-05-01,2020-01-01 00:00:00,Month-to-month,Yes,Electronic_check,49.85,365.55,Female,0,No,No,DSL,Yes,No,No,No,No,No,No,1,2020-01-01,245
5384-ZTTWP,2018-11-01,No,Month-to-month,No,Mailed_check,19.8,272.95,Female,0,Yes,Yes,No,No,No,No,No,No,No,No,0,2020-02-01,457
3745-HRPHI,2014-08-01,No,Two_year,No,Bank_transfer_(automatic),54.65,3632.0,Male,0,Yes,Yes,DSL,No,No,Yes,Yes,Yes,Yes,No,0,2020-02-01,2010
7636-OWBPG,2019-02-01,No,Month-to-month,Yes,Credit_card_(automatic),29.35,381.2,Male,1,No,No,DSL,No,Yes,No,No,No,No,No,0,2020-02-01,365
1231-YNDEK,2015-04-01,No,Two_year,Yes,Bank_transfer_(automatic),19.15,1035.5,Male,0,No,No,No,No,No,No,No,No,No,No,0,2020-02-01,1767
1407-DIGZV,2019-11-01,No,Two_year,No,Mailed_check,19.1,52.0,Female,0,Yes,Yes,No,No,No,No,No,No,No,No,0,2020-02-01,92
6397-JNZZG,2016-05-01,2019-12-01 00:00:00,Month-to-month,No,Credit_card_(automatic),55.55,2342.2,Female,1,Yes,No,DSL,No,Yes,Yes,No,Yes,Yes,No,1,2019-12-01,1309
0570-BFQHT,2019-05-01,No,Month-to-month,No,Electronic_check,80.55,653.9,Female,0,No,No,Fiber_optic,No,Yes,Yes,No,No,No,No,0,2020-02-01,276
4393-OBCRR,2019-11-01,No,One_year,No,Mailed_check,20.25,71.2,Female,0,No,No,No,No,No,No,No,No,No,No,0,2020-02-01,92
3523-QRQLL,2017-12-01,2019-10-01 00:00:00,One_year,Yes,Bank_transfer_(automatic),69.5,1498.2,Female,0,Yes,Yes,DSL,No,Yes,No,No,Yes,Yes,No,1,2019-10-01,669
8564-LDKFL,2016-10-01,No,One_year,Yes,Bank_transfer_(automatic),106.0,4178.65,Male,0,Yes,No,Fiber_optic,No,Yes,Yes,No,Yes,Yes,Yes,0,2020-02-01,1218
3696-DFHHB,2014-06-01,No,Two_year,No,Bank_transfer_(automatic),25.5,1821.8,Female,0,No,No,No,No,No,No,No,No,No,Yes,0,2020-02-01,2071
0895-DQHEW,2015-06-01,2019-12-01 00:00:00,Month-to-month,Yes,Electronic_check,104.3,5278.15,Male,0,Yes,No,Fiber_optic,No,Yes,Yes,No,Yes,Yes,Yes,1,2019-12-01,1644
4717-GHADL,2015-12-01,No,Two_year,Yes,Mailed_check,79.6,4024.2,Female,0,No,No,DSL,No,Yes,No,Yes,Yes,Yes,Yes,0,2020-02-01,1523
5501-TVMGM,2020-01-01,No,Month-to-month,Yes,Electronic_check,55.25,55.25,Male,0,No,No,DSL,No,No,No,No,No,Yes,No,0,2020-02-01,31
5879-HMFFH,2014-02-01,No,Two_year,No,Bank_transfer_(automatic),88.05,6520.8,Female,0,Yes,No,DSL,Yes,Yes,Yes,Yes,Yes,Yes,Yes,0,2020-02-01,2191
6772-WFQRD,2016-10-01,No,One_year,Yes,Bank_transfer_(automatic),20.4,854.9,Male,0,No,Yes,No,No,No,No,No,No,No,No,0,2020-02-01,1218
3810-DVDQQ,2014-02-01,No,Two_year,Yes,Bank_transfer_(automatic),117.6,8308.9,Female,0,Yes,Yes,Fiber_optic,Yes,Yes,Yes,Yes,Yes,Yes,Yes,0,2020-02-01,2191
6972-SNKKW,2019-08-01,No,Month-to-month,No,Mailed_check,20.0,109.2,Female,0,No,No,No,No,No,No,No,No,No,No,0,2020-02-01,184
3694-GLTJM,2019-09-01,No,Month-to-month,Yes,Credit_card_(automatic),19.65,92.05,Female,0,No,No,No,No,No,No,No,No,No,No,0,2020-02-01,153
8550-XSXUQ,2016-02-01,No,One_year,Yes,Credit_card_(automatic),70.55,3420.5,Male,0,Yes,No,DSL,No,Yes,Yes,No,No,Yes,Yes,0,2020-02-01,1461
8149-RSOUN,2019-10-01,2019-11-01 00:00:00,Month-to-month,Yes,Electronic_check,93.85,93.85,Female,0,No,No,Fiber_optic,No,No,No,No,Yes,Yes,Yes,1,2019-11-01,31
9055-MOJJJ,2014-10-01,No,One_year,No,Mailed_check,65.8,4068.0,Female,0,Yes,Yes,DSL,Yes,No,No,Yes,Yes,No,No,0,2020-02-01,1949
4359-INNWN,2018-09-01,No,One_year,No,Credit_card_(automatic),20.05,337.9,Female,0,No,No,No,No,No,No,No,No,No,No,0,2020-02-01,518
0585-EGDDA,2016-10-01,No,Month-to-month,Yes,Electronic_check,80.0,3168.75,Male,0,Yes,No,Fiber_optic,No,Yes,Yes,No,No,No,No,0,2020-02-01,1218
4032-RMHCI,2016-09-01,No,One_year,No,Credit_card_(automatic),35.4,1412.4,Female,0,Yes,Yes,DSL,Yes,No,Yes,No,No,No,No,0,2020-02-01,1248
0549-CYCQN,2015-11-01,No,One_year,Yes,Bank_transfer_(automatic),79.6,3974.7,Male,1,No,No,Fiber_optic,No,Yes,No,No,No,No,Yes,0,2020-02-01,1553
3481-JHUZH,2016-09-01,No,Month-to-month,Yes,Electronic_check,80.25,3439.0,Male,0,Yes,No,Fiber_optic,No,Yes,No,No,No,No,Yes,0,2020-02-01,1248
7250-EQKIY,2019-09-01,2019-10-01 00:00:00,Month-to-month,No,Mailed_check,50.45,50.45,Female,0,Yes,Yes,DSL,No,No,Yes,No,No,No,No,1,2019-10-01,30
3594-IVHJZ,2019-12-01,No,Month-to-month,Yes,Mailed_check,20.45,42.45,Female,0,No,No,No,No,No,No,No,No,No,No,0,2020-02-01,62
6869-FGJJC,2014-06-01,No,One_year,No,Credit_card_(automatic),79.6,5461.45,Male,0,No,No,Fiber_optic,No,Yes,Yes,No,No,No,No,0,2020-02-01,2071
3896-ZVNET,2018-02-01,No,Two_year,No,Mailed_check,24.7,571.75,Female,0,Yes,Yes,No,No,No,No,No,No,No,Yes,0,2020-02-01,730
8205-VSLRB,2014-04-01,No,Two_year,No,Credit_card_(automatic),77.3,5498.2,Male,0,Yes,No,DSL,Yes,No,Yes,Yes,No,Yes,Yes,0,2020-02-01,2132
5960-MVTUK,2019-11-01,No,Month-to-month,Yes,Electronic_check,29.75,96.85,Male,0,No,No,DSL,No,No,No,Yes,No,No,No,0,2020-02-01,92
6817-WTYHE,2019-12-01,No,Month-to-month,No,Bank_transfer_(automatic),44.9,111.05,Male,0,No,No,DSL,No,No,No,No,No,No,No,0,2020-02-01,62
3082-VQXNH,2019-11-01,No,Month-to-month,No,Credit_card_(automatic),29.8,94.4,Male,0,Yes,No,DSL,No,Yes,No,No,No,No,No,0,2020-02-01,92
4013-UBXWQ,2019-04-01,2019-11-01 00:00:00,Month-to-month,Yes,Electronic_check,74.65,521.1,Female,0,No,No,DSL,No,No,No,Yes,Yes,Yes,Yes,1,2019-11-01,214
4931-TRZWN,2019-01-01,No,Month-to-month,Yes,Electronic_check,71.95,923.85,Female,0,No,No,DSL,Yes,No,No,No,Yes,Yes,No,0,2020-02-01,396
0750-EKNGL,2019-07-01,No,Month-to-month,No,Mailed_check,20.75,141.1,Male,0,No,No,No,No,No,No,No,No,No,No,0,2020-02-01,215
7669-LCRSD,2019-02-01,No,Month-to-month,Yes,Mailed_check,56.3,628.65,Male,0,Yes,Yes,DSL,No,No,No,No,Yes,No,No,0,2020-02-01,365
3567-PQTSO,2015-09-01,No,One_year,Yes,Electronic_check,105.25,5576.3,Male,0,Yes,Yes,Fiber_optic,No,Yes,Yes,No,Yes,Yes,Yes,0,2020-02-01,1614
5519-NPHVG,2018-11-01,2019-11-01 00:00:00,Month-to-month,Yes,Electronic_check,94.2,1046.1,Female,0,No,No,Fiber_optic,No,No,No,No,Yes,Yes,Yes,1,2019-11-01,365
8043-PNYSD,2014-11-01,No,Two_year,No,Mailed_check,19.55,1245.6,Male,0,Yes,Yes,No,No,No,No,No,No,No,No,0,2020-02-01,1918
9938-EKRGF,2018-11-01,No,Month-to-month,No,Mailed_check,84.45,1287.85,Female,0,No,No,DSL,Yes,Yes,Yes,Yes,Yes,Yes,No,0,2020-02-01,457
2703-AMTUL,2017-02-01,No,One_year,No,Mailed_check,53.65,1939.35,Male,0,Yes,Yes,DSL,Yes,Yes,No,No,No,No,No,0,2020-02-01,1095
0928-JMXNP,2019-10-01,No,Month-to-month,Yes,Electronic_check,29.9,118.25,Male,1,Yes,No,DSL,No,No,Yes,No,No,No,No,0,2020-02-01,123
8173-RXAYP,2018-02-01,No,Two_year,No,Mailed_check,19.7,452.55,Female,0,Yes,Yes,No,No,No,No,No,No,No,No,0,2020-02-01,730
4825-XJGDM,2015-01-01,No,One_year,No,Credit_card_(automatic),43.7,2696.55,Female,0,No,No,DSL,Yes,Yes,Yes,Yes,No,No,No,0,2020-02-01,1857
5402-HTOTQ,2018-10-01,No,Month-to-month,No,Electronic_check,55.3,875.35,Male,0,No,No,DSL,No,Yes,No,No,No,No,Yes,0,2020-02-01,488
6734-JDTTV,2014-09-01,No,Two_year,Yes,Credit_card_(automatic),19.85,1267.05,Male,0,Yes,Yes,No,No,No,No,No,No,No,No,0,2020-02-01,1979
7850-THJMU,2017-12-01,No,Two_year,No,Credit_card_(automatic),19.65,494.9,Female,0,Yes,Yes,No,No,No,No,No,No,No,No,0,2020-02-01,792
3890-RTCMS,2018-10-01,No,Month-to-month,Yes,Mailed_check,49.45,799.0,Male,0,No,No,DSL,No,No,No,Yes,No,No,No,0,2020-02-01,488
8849-GYOKR,2015-05-01,2019-11-01 00:00:00,One_year,No,Bank_transfer_(automatic),106.55,5763.3,Female,0,Yes,No,Fiber_optic,Yes,Yes,No,No,Yes,Yes,Yes,1,2019-11-01,1645
3148-BLQJT,2019-11-01,2019-12-01 00:00:00,Month-to-month,No,Mailed_check,20.1,20.1,Male,0,No,No,No,No,No,No,No,No,No,No,1,2019-12-01,30
3717-FDJFU,2019-09-01,No,Two_year,No,Mailed_check,20.45,106.9,Male,0,No,Yes,No,No,No,No,No,No,No,No,0,2020-02-01,153
3665-JATSN,2018-07-01,No,Month-to-month,Yes,Electronic_check,39.7,710.05,Female,0,No,No,DSL,No,Yes,No,No,No,Yes,No,0,2020-02-01,580
7966-YOTQW,2019-04-01,No,Month-to-month,Yes,Credit_card_(automatic),54.5,568.2,Male,0,No,No,DSL,Yes,No,No,No,No,No,Yes,0,2020-02-01,306
0461-CVKMU,2017-11-01,2019-10-01 00:00:00,Month-to-month,No,Electronic_check,83.8,1900.25,Female,0,Yes,Yes,Fiber_optic,No,Yes,Yes,Yes,No,No,No,1,2019-10-01,699
8806-EAGWC,2019-09-01,2019-12-01 00:00:00,Month-to-month,No,Mailed_check,55.15,159.15,Male,0,No,No,DSL,No,No,No,No,Yes,No,No,1,2019-12-01,91
8853-TZDGH,2014-02-01,No,Two_year,Yes,Bank_transfer_(automatic),111.6,8012.75,Female,0,No,No,Fiber_optic,No,Yes,Yes,Yes,Yes,Yes,Yes,0,2020-02-01,2191
7779-LGOVN,2018-12-01,2019-10-01 00:00:00,Month-to-month,Yes,Electronic_check,86.65,856.65,Male,1,Yes,No,Fiber_optic,No,No,No,No,No,Yes,Yes,1,2019-10-01,304
4324-BZCKL,2019-04-01,No,Month-to-month,Yes,Mailed_check,55.55,551.3,Female,0,Yes,Yes,DSL,No,Yes,Yes,No,No,No,No,0,2020-02-01,306
6924-TDGMT,2019-03-01,No,One_year,Yes,Mailed_check,20.55,184.95,Male,0,Yes,No,No,No,No,No,No,No,No,No,0,2020-02-01,337
9710-ZUSHQ,2016-11-01,2019-12-01 00:00:00,Month-to-month,Yes,Bank_transfer_(automatic),106.75,4056.75,Female,1,No,No,Fiber_optic,Yes,Yes,No,No,Yes,Yes,Yes,1,2019-12-01,1125
1536-YHDOE,2018-09-01,No,One_year,Yes,Mailed_check,62.1,1096.65,Male,0,Yes,Yes,DSL,Yes,No,No,Yes,No,No,Yes,0,2020-02-01,518
8123-QBNAZ,2017-02-01,No,Month-to-month,Yes,Credit_card_(automatic),104.5,3684.95,Female,0,Yes,Yes,Fiber_optic,Yes,No,Yes,No,Yes,Yes,Yes,0,2020-02-01,1095
3629-ZNKXA,2018-09-01,No,Month-to-month,Yes,Electronic_check,101.8,1752.45,Male,1,No,No,Fiber_optic,No,Yes,Yes,No,Yes,Yes,No,0,2020-02-01,518
4827-LTQRJ,2014-08-01,No,One_year,Yes,Credit_card_(automatic),110.6,7210.85,Female,1,Yes,Yes,Fiber_optic,Yes,Yes,No,Yes,Yes,Yes,Yes,0,2020-02-01,2010
7711-YIJWC,2015-01-01,No,One_year,No,Bank_transfer_(automatic),84.9,5264.5,Male,0,Yes,Yes,DSL,Yes,Yes,Yes,Yes,Yes,Yes,No,0,2020-02-01,1857
5482-VXSXJ,2018-04-01,No,Month-to-month,Yes,Mailed_check,93.2,2157.3,Male,0,No,No,Fiber_optic,No,Yes,No,No,Yes,Yes,No,0,2020-02-01,671
7365-BVCJH,2020-01-01,No,Month-to-month,Yes,Electronic_check,24.4,24.4,Male,0,No,No,DSL,No,No,No,No,No,No,No,0,2020-02-01,31
9620-ENEJV,2019-08-01,No,Month-to-month,No,Credit_card_(automatic),70.55,433.95,Female,0,No,No,Fiber_optic,No,No,No,No,No,No,No,0,2020-02-01,184
4183-WCSEP,2017-04-01,2019-11-01 00:00:00,Month-to-month,Yes,Electronic_check,78.45,2435.15,Male,0,No,No,Fiber_optic,No,Yes,No,Yes,No,No,No,1,2019-11-01,944
2378-YIZKA,2014-06-01,No,Two_year,Yes,Credit_card_(automatic),85.0,5607.75,Female,0,Yes,Yes,DSL,Yes,Yes,Yes,Yes,Yes,Yes,No,0,2020-02-01,2071
5498-TXHLF,2017-01-01,2019-11-01 00:00:00,Month-to-month,No,Electronic_check,87.45,2874.15,Female,0,Yes,Yes,Fiber_optic,No,No,Yes,No,Yes,No,Yes,1,2019-11-01,1034
0689-DSXGL,2015-10-01,No,Month-to-month,No,Bank_transfer_(automatic),85.8,4433.3,Female,0,Yes,Yes,Fiber_optic,No,Yes,Yes,Yes,No,No,No,0,2020-02-01,1584
6818-DJXAA,2019-04-01,No,Month-to-month,Yes,Electronic_check,91.1,964.35,Female,0,No,Yes,Fiber_optic,No,No,Yes,Yes,Yes,No,No,0,2020-02-01,306
9722-UJOJR,2017-08-01,2020-01-01 00:00:00,Month-to-month,Yes,Electronic_check,70.75,1974.8,Male,0,Yes,Yes,Fiber_optic,No,No,No,No,No,No,No,1,2020-01-01,883
0464-WJTKO,2014-02-01,No,Two_year,No,Bank_transfer_(automatic),20.1,1460.85,Female,0,Yes,Yes,No,No,No,No,No,No,No,No,0,2020-02-01,2191
8902-ZEOVF,2016-03-01,No,One_year,No,Mailed_check,20.05,951.55,Male,0,Yes,Yes,No,No,No,No,No,No,No,No,0,2020-02-01,1432
6778-EICRF,2018-02-01,No,One_year,No,Mailed_check,74.8,1821.2,Male,0,Yes,Yes,DSL,Yes,No,No,No,Yes,Yes,Yes,0,2020-02-01,730
2662-NNTDK,2014-09-01,No,One_year,No,Credit_card_(automatic),24.8,1600.95,Male,0,No,No,No,No,No,No,No,No,No,Yes,0,2020-02-01,1979
4132-KALRO,2019-10-01,No,Month-to-month,Yes,Mailed_check,100.85,399.25,Female,0,No,No,Fiber_optic,No,No,No,Yes,Yes,Yes,Yes,0,2020-02-01,123
3902-FOIGH,2019-01-01,2020-01-01 00:00:00,Month-to-month,Yes,Electronic_check,101.35,1218.55,Male,1,Yes,No,Fiber_optic,No,Yes,No,No,Yes,Yes,Yes,1,2020-01-01,365
6772-KSATR,2019-10-01,2019-11-01 00:00:00,Month-to-month,Yes,Electronic_check,81.7,81.7,Male,0,No,No,Fiber_optic,Yes,No,No,No,No,No,Yes,1,2019-11-01,31
7112-OPOTK,2017-02-01,2019-11-01 00:00:00,Month-to-month,No,Electronic_check,68.25,2171.15,Male,0,No,No,Fiber_optic,No,No,No,No,No,No,No,1,2019-11-01,1003
2874-YXVVA,2017-04-01,No,Month-to-month,Yes,Electronic_check,105.1,3634.8,Female,0,No,No,Fiber_optic,No,Yes,Yes,Yes,Yes,Yes,No,0,2020-02-01,1036
1245-HARPS,2018-12-01,No,Two_year,No,Mailed_check,20.4,292.4,Female,0,Yes,No,No,No,No,No,No,No,No,No,0,2020-02-01,427
4210-QFJMF,2019-07-01,2019-11-01 00:00:00,Month-to-month,Yes,Electronic_check,79.15,317.25,Female,0,No,No,Fiber_optic,No,No,No,No,No,Yes,No,1,2019-11-01,123
4323-ELYYB,2019-01-01,No,One_year,No,Mailed_check,20.0,218.55,Male,0,Yes,Yes,No,No,No,No,No,No,No,No,0,2020-02-01,396
4293-ETKAP,2014-09-01,No,Two_year,Yes,Bank_transfer_(automatic),79.4,5071.9,Female,0,Yes,Yes,DSL,No,Yes,No,Yes,Yes,Yes,Yes,0,2020-02-01,1979
6064-PUPMC,2018-03-01,No,One_year,No,Credit_card_(automatic),57.2,1423.35,Male,0,Yes,Yes,DSL,Yes,No,No,Yes,No,No,No,0,2020-02-01,702
6504-VBLFL,2015-07-01,No,Two_year,No,Electronic_check,58.6,3068.6,Male,0,Yes,No,DSL,Yes,Yes,Yes,No,No,No,No,0,2020-02-01,1676
6322-PJJDJ,2016-01-01,No,Two_year,Yes,Electronic_check,94.8,4690.65,Male,0,Yes,No,Fiber_optic,No,Yes,No,No,Yes,Yes,No,0,2020-02-01,1492
0330-BGYZE,2015-02-01,No,One_year,No,Bank_transfer_(automatic),102.5,6157.6,Male,0,Yes,No,Fiber_optic,No,Yes,Yes,No,Yes,Yes,Yes,0,2020-02-01,1826
1085-LDWAM,2014-05-01,No,One_year,Yes,Credit_card_(automatic),20.35,1442.65,Female,0,Yes,Yes,No,No,No,No,No,No,No,No,0,2020-02-01,2102
7586-ZATGZ,2016-10-01,No,Month-to-month,Yes,Electronic_check,84.9,3369.05,Male,0,No,No,Fiber_optic,No,No,No,No,Yes,No,Yes,0,2020-02-01,1218
7197-VOJMM,2014-07-01,No,Two_year,Yes,Credit_card_(automatic),69.2,4671.65,Male,0,Yes,No,DSL,Yes,Yes,No,Yes,No,Yes,No,0,2020-02-01,2041
3318-OSATS,2017-01-01,2019-12-01 00:00:00,Month-to-month,Yes,Electronic_check,95.45,3474.05,Male,1,No,No,Fiber_optic,No,No,No,No,Yes,Yes,Yes,1,2019-12-01,1064
5828-AVIPD,2018-03-01,2019-10-01 00:00:00,One_year,Yes,Electronic_check,100.95,1875.55,Male,0,Yes,Yes,Fiber_optic,No,No,No,Yes,Yes,Yes,Yes,1,2019-10-01,579
1843-TLSGD,2019-01-01,No,Two_year,No,Mailed_check,20.85,272.35,Female,0,Yes,Yes,No,No,No,No,No,No,No,No,0,2020-02-01,396
9626-VFRGG,2016-09-01,No,Month-to-month,Yes,Bank_transfer_(automatic),88.5,3645.05,Female,0,No,Yes,Fiber_optic,No,Yes,No,No,Yes,No,Yes,0,2020-02-01,1248
7075-BNDVQ,2019-10-01,No,Month-to-month,No,Mailed_check,35.0,135.75,Female,0,No,No,DSL,Yes,No,Yes,No,No,No,No,0,2020-02-01,123
9143-CANJF,2018-02-01,No,Month-to-month,No,Electronic_check,55.15,1319.85,Female,0,Yes,Yes,DSL,Yes,No,No,Yes,No,No,No,0,2020-02-01,730
7284-BUYEC,2019-09-01,No,Month-to-month,Yes,Credit_card_(automatic),50.95,229.4,Female,0,No,No,DSL,No,Yes,No,No,Yes,Yes,No,0,2020-02-01,153
2041-JIJCI,2019-09-01,No,Month-to-month,Yes,Electronic_check,64.0,370.25,Female,0,No,No,DSL,No,Yes,No,No,No,Yes,Yes,0,2020-02-01,153
1086-LXKFY,2019-12-01,2020-01-01 00:00:00,Month-to-month,Yes,Mailed_check,69.1,69.1,Female,0,Yes,Yes,Fiber_optic,No,No,No,No,No,No,No,1,2020-01-01,31
4900-MSOMT,2014-02-01,No,Two_year,No,Bank_transfer_(automatic),80.2,5714.2,Female,0,Yes,Yes,DSL,Yes,Yes,Yes,Yes,Yes,No,Yes,0,2020-02-01,2191
2229-VWQJH,2018-02-01,No,Month-to-month,Yes,Credit_card_(automatic),49.3,1233.25,Female,0,No,No,DSL,No,No,Yes,No,No,No,No,0,2020-02-01,730
9194-GFVOI,2016-08-01,No,Two_year,No,Credit_card_(automatic),84.35,3571.6,Female,0,Yes,No,DSL,Yes,No,Yes,Yes,Yes,Yes,Yes,0,2020-02-01,1279
1336-EZFZY,2019-10-01,No,Month-to-month,No,Mailed_check,20.05,83.3,Female,0,No,No,No,No,No,No,No,No,No,No,0,2020-02-01,123
4282-MSACW,2014-06-01,No,One_year,Yes,Credit_card_(automatic),117.2,8035.95,Male,0,No,No,Fiber_optic,Yes,Yes,Yes,Yes,Yes,Yes,Yes,0,2020-02-01,2071
1403-LKLIK,2017-05-01,No,One_year,No,Mailed_check,20.1,579.4,Female,0,Yes,Yes,No,No,No,No,No,No,No,No,0,2020-02-01,1006
2636-ALXXZ,2019-12-01,2020-01-01 00:00:00,Month-to-month,Yes,Electronic_check,69.6,69.6,Female,1,No,No,Fiber_optic,No,No,No,No,No,No,No,1,2020-01-01,31
7774-OJSXI,2017-05-01,2019-12-01 00:00:00,One_year,Yes,Electronic_check,103.45,3066.45,Male,0,No,No,Fiber_optic,No,Yes,Yes,No,Yes,Yes,Yes,1,2019-12-01,944
7786-WBJYI,2019-09-01,2020-01-01 00:00:00,Month-to-month,No,Bank_transfer_(automatic),77.95,305.55,Female,0,No,No,Fiber_optic,No,Yes,No,No,No,No,Yes,1,2020-01-01,122
0136-IFMYD,2014-05-01,No,Two_year,Yes,Electronic_check,109.95,7634.25,Male,1,Yes,No,Fiber_optic,No,Yes,Yes,Yes,Yes,Yes,Yes,0,2020-02-01,2102
5144-TVGLP,2016-12-01,No,Month-to-month,No,Electronic_check,94.75,3653.0,Male,1,No,No,Fiber_optic,No,No,No,No,Yes,Yes,Yes,0,2020-02-01,1157
9643-AVVWI,2019-11-01,No,Month-to-month,Yes,Electronic_check,80.0,241.3,Female,0,Yes,Yes,Fiber_optic,No,Yes,No,Yes,No,No,No,0,2020-02-01,92
0253-ZTEOB,2016-02-01,No,Two_year,No,Electronic_check,79.65,3870.3,Female,0,Yes,Yes,DSL,No,Yes,No,Yes,Yes,Yes,Yes,0,2020-02-01,1461
2706-QZIHY,2018-11-01,No,Two_year,No,Mailed_check,25.2,387.9,Female,0,Yes,No,No,No,No,No,No,No,No,Yes,0,2020-02-01,457
6061-PQHMK,2018-01-01,No,One_year,No,Credit_card_(automatic),19.9,527.5,Female,0,No,No,No,No,No,No,No,No,No,No,0,2020-02-01,761
9885-CSMWE,2019-09-01,2019-10-01 00:00:00,Month-to-month,No,Electronic_check,78.45,78.45,Female,1,No,No,Fiber_optic,No,No,No,No,Yes,No,No,1,2019-10-01,30
6137-MFAJN,2016-02-01,No,Month-to-month,Yes,Electronic_check,44.8,2104.55,Female,0,No,No,DSL,Yes,Yes,No,No,Yes,No,No,0,2020-02-01,1461
9122-UMROB,2020-01-01,No,Month-to-month,No,Mailed_check,20.3,20.3,Male,0,No,No,No,No,No,No,No,No,No,No,0,2020-02-01,31
4232-JGKIY,2020-01-01,No,Month-to-month,No,Electronic_check,19.2,19.2,Male,0,No,No,No,No,No,No,No,No,No,No,0,2020-02-01,31
2402-TAIRZ,2017-01-01,No,One_year,No,Electronic_check,80.05,3019.1,Female,0,No,No,Fiber_optic,No,Yes,Yes,No,No,No,No,0,2020-02-01,1126
9659-ZTWSM,2014-08-01,No,One_year,Yes,Bank_transfer_(automatic),107.35,7051.95,Male,1,Yes,No,Fiber_optic,No,Yes,Yes,Yes,Yes,Yes,Yes,0,2020-02-01,2010
9139-TWBAS,2017-12-01,No,One_year,No,Bank_transfer_(automatic),47.85,1190.5,Female,0,Yes,No,DSL,Yes,Yes,Yes,No,Yes,No,No,0,2020-02-01,792
6685-GBWJZ,2014-11-01,No,One_year,No,Credit_card_(automatic),70.8,4448.8,Male,0,Yes,No,DSL,Yes,Yes,No,Yes,Yes,No,No,0,2020-02-01,1918
5016-ETTFF,2019-01-01,2019-11-01 00:00:00,Month-to-month,No,Mailed_check,29.5,255.25,Male,0,No,No,DSL,No,No,Yes,No,No,No,No,1,2019-11-01,304
3866-MDTUB,2019-10-01,2019-12-01 00:00:00,Month-to-month,Yes,Electronic_check,70.75,146.9,Female,0,No,No,DSL,Yes,No,No,No,Yes,Yes,No,1,2019-12-01,61
2195-VVRJF,2018-08-01,No,Month-to-month,Yes,Credit_card_(automatic),59.1,1011.05,Male,1,Yes,No,DSL,Yes,No,No,No,No,Yes,No,0,2020-02-01,549
3913-RDSJZ,2014-10-01,No,Two_year,No,Mailed_check,25.55,1714.95,Female,0,Yes,No,No,No,No,No,No,No,No,Yes,0,2020-02-01,1949
8058-JMEQO,2019-01-01,2019-10-01 00:00:00,Month-to-month,Yes,Electronic_check,84.45,762.5,Female,1,No,No,Fiber_optic,No,No,No,No,No,Yes,Yes,1,2019-10-01,273
4203-QGNZA,2017-10-01,No,Month-to-month,No,Mailed_check,20.25,535.35,Female,0,No,Yes,No,No,No,No,No,No,No,No,0,2020-02-01,853
5043-TRZWM,2020-01-01,No,Month-to-month,No,Electronic_check,75.55,75.55,Female,0,No,No,Fiber_optic,No,No,Yes,No,No,No,No,0,2020-02-01,31
0697-ZMSWS,2019-07-01,2019-11-01 00:00:00,Month-to-month,Yes,Electronic_check,85.65,338.9,Male,0,No,No,Fiber_optic,No,No,No,No,No,Yes,Yes,1,2019-11-01,123
7657-DYEPJ,2016-11-01,2020-01-01 00:00:00,One_year,Yes,Credit_card_(automatic),70.15,2497.35,Male,1,No,No,DSL,No,Yes,Yes,Yes,Yes,No,No,1,2020-01-01,1156
9494-BDNNC,2014-08-01,No,One_year,No,Electronic_check,95.3,6273.4,Male,0,Yes,No,Fiber_optic,No,Yes,Yes,No,No,Yes,Yes,0,2020-02-01,2010
1640-PLFMP,2020-01-01,No,Month-to-month,Yes,Electronic_check,70.25,70.25,Female,0,No,No,Fiber_optic,No,No,No,No,No,No,No,0,2020-02-01,31
5366-OBVMR,2018-08-01,No,Month-to-month,Yes,Mailed_check,50.3,908.75,Female,0,Yes,No,DSL,No,No,No,Yes,No,No,No,0,2020-02-01,549
8276-MQBYC,2015-08-01,2019-11-01 00:00:00,Month-to-month,Yes,Electronic_check,97.8,4913.3,Male,1,No,No,Fiber_optic,No,No,Yes,No,Yes,Yes,Yes,1,2019-11-01,1553
7644-OMVMY,2020-02-01,No,Two_year,No,Mailed_check,19.85,0.0,Male,0,Yes,Yes,No,No,No,No,No,No,No,No,0,2020-02-01,0
7593-XFKDI,2019-11-01,2019-12-01 00:00:00,Month-to-month,No,Mailed_check,46.3,46.3,Male,0,No,No,DSL,No,No,No,No,No,No,No,1,2019-12-01,30
4573-JKNAE,2019-02-01,No,Two_year,No,Bank_transfer_(automatic),19.35,212.3,Male,0,No,Yes,No,No,No,No,No,No,No,No,0,2020-02-01,365
0337-CNPZE,2016-06-01,2019-11-01 00:00:00,Month-to-month,Yes,Electronic_check,106.3,4443.45,Female,0,No,No,Fiber_optic,No,Yes,Yes,No,Yes,Yes,Yes,1,2019-11-01,1248
9817-APLHW,2019-02-01,No,Month-to-month,No,Electronic_check,25.0,316.2,Male,0,No,No,No,No,No,No,No,No,No,Yes,0,2020-02-01,365
8380-MQINP,2015-07-01,No,Two_year,No,Mailed_check,20.3,1079.05,Female,0,Yes,Yes,No,No,No,No,No,No,No,No,0,2020-02-01,1676
0840-DFEZH,2019-07-01,No,Month-to-month,Yes,Electronic_check,75.35,564.65,Female,0,No,No,Fiber_optic,No,No,No,No,No,No,Yes,0,2020-02-01,215
1513-XNPPH,2018-12-01,2019-12-01 00:00:00,Month-to-month,Yes,Electronic_check,89.4,1095.65,Female,0,No,No,Fiber_optic,No,No,Yes,Yes,No,Yes,No,1,2019-12-01,365
8690-ZVLCL,2014-06-01,No,Two_year,No,Credit_card_(automatic),88.0,6161.9,Female,0,Yes,Yes,DSL,Yes,Yes,Yes,Yes,Yes,Yes,Yes,0,2020-02-01,2071
6015-VVHHE,2019-06-01,2019-11-01 00:00:00,Month-to-month,Yes,Credit_card_(automatic),83.15,446.05,Female,1,No,No,Fiber_optic,No,No,No,No,Yes,No,Yes,1,2019-11-01,153
1125-SNVCK,2016-01-01,No,Month-to-month,No,Mailed_check,43.8,2106.05,Female,1,No,No,DSL,No,No,No,No,No,No,No,0,2020-02-01,1492
0384-LPITE,2016-10-01,No,One_year,No,Credit_card_(automatic),62.05,2511.55,Male,0,No,No,DSL,Yes,Yes,Yes,No,Yes,Yes,No,0,2020-02-01,1218
4616-EWBNJ,2018-10-01,No,One_year,No,Bank_transfer_(automatic),20.1,318.6,Female,0,No,No,No,No,No,No,No,No,No,No,0,2020-02-01,488
6347-DCUIK,2019-02-01,2019-12-01 00:00:00,Month-to-month,Yes,Mailed_check,74.15,811.8,Male,0,No,No,Fiber_optic,No,No,No,No,No,No,Yes,1,2019-12-01,303
1335-HQMKX,2014-02-01,No,One_year,Yes,Electronic_check,101.35,7323.15,Female,0,Yes,No,Fiber_optic,No,Yes,Yes,No,Yes,Yes,Yes,0,2020-02-01,2191
2545-EBUPK,2019-12-01,No,Month-to-month,Yes,Electronic_check,84.05,186.05,Female,1,No,No,Fiber_optic,No,No,No,No,No,Yes,Yes,0,2020-02-01,62
6923-AQONU,2018-03-01,No,Two_year,No,Mailed_check,20.9,454.0,Male,0,Yes,Yes,No,No,No,No,No,No,No,No,0,2020-02-01,702
2172-EJXVF,2014-03-01,No,One_year,Yes,Electronic_check,105.9,7521.95,Female,1,No,No,Fiber_optic,No,Yes,Yes,No,Yes,Yes,Yes,0,2020-02-01,2163
0897-FEGMU,2018-11-01,2019-10-01 00:00:00,Month-to-month,Yes,Electronic_check,99.5,1056.95,Female,0,Yes,No,Fiber_optic,No,No,Yes,No,Yes,Yes,Yes,1,2019-10-01,334
7663-RGWBC,2019-10-01,2019-11-01 00:00:00,Month-to-month,Yes,Mailed_check,44.15,44.15,Male,0,No,No,DSL,No,No,No,No,No,No,No,1,2019-11-01,31
1120-BMWUB,2018-09-01,2020-01-01 00:00:00,Month-to-month,Yes,Mailed_check,53.9,834.15,Female,0,No,No,DSL,No,Yes,No,Yes,No,No,No,1,2020-01-01,487
9124-LHCJQ,2019-10-01,2019-11-01 00:00:00,Month-to-month,Yes,Mailed_check,85.45,85.45,Female,0,No,No,Fiber_optic,No,No,No,No,No,Yes,Yes,1,2019-11-01,31
4536-PLEQY,2019-02-01,No,Month-to-month,Yes,Credit_card_(automatic),85.05,999.8,Male,0,Yes,No,Fiber_optic,No,Yes,No,No,No,Yes,No,0,2020-02-01,365
7029-IJEJK,2015-08-01,No,One_year,No,Bank_transfer_(automatic),44.1,2369.7,Female,0,No,No,DSL,Yes,No,No,Yes,No,Yes,No,0,2020-02-01,1645
8871-JLMHM,2014-06-01,No,Two_year,No,Credit_card_(automatic),90.2,6297.65,Female,0,Yes,No,Fiber_optic,No,Yes,Yes,Yes,No,No,Yes,0,2020-02-01,2071
2235-ZGKPT,2019-06-01,2019-10-01 00:00:00,Month-to-month,No,Mailed_check,50.85,239.55,Female,0,Yes,Yes,DSL,No,No,No,No,No,No,Yes,1,2019-10-01,122
3891-PUQOD,2019-12-01,2020-01-01 00:00:00,Month-to-month,No,Electronic_check,59.2,59.2,Female,0,No,Yes,DSL,No,No,Yes,No,No,Yes,No,1,2020-01-01,31
5447-VYTKW,2017-11-01,No,Month-to-month,No,Mailed_check,53.45,1461.45,Male,0,No,No,DSL,Yes,No,No,Yes,No,No,No,0,2020-02-01,822
3623-FQBOX,2018-05-01,No,Month-to-month,Yes,Mailed_check,19.95,416.4,Male,0,No,No,No,No,No,No,No,No,No,No,0,2020-02-01,641
0689-NKYLF,2018-11-01,2019-12-01 00:00:00,Month-to-month,Yes,Electronic_check,83.2,1060.6,Male,0,No,No,Fiber_optic,No,No,Yes,No,Yes,No,No,1,2019-12-01,395
8659-HDIYE,2014-10-01,No,Month-to-month,No,Credit_card_(automatic),74.65,4869.35,Female,1,No,No,DSL,No,Yes,Yes,Yes,No,Yes,Yes,0,2020-02-01,1949
3658-KIBGF,2019-12-01,2020-01-01 00:00:00,Month-to-month,Yes,Electronic_check,54.9,54.9,Female,0,No,No,DSL,Yes,Yes,No,No,No,No,No,1,2020-01-01,31
3474-BAFSJ,2015-05-01,No,Two_year,Yes,Bank_transfer_(automatic),57.5,3265.95,Male,0,Yes,No,DSL,No,Yes,Yes,Yes,Yes,Yes,No,0,2020-02-01,1737
5519-YLDGW,2018-04-01,2020-01-01 00:00:00,Month-to-month,Yes,Electronic_check,103.9,2254.2,Female,0,Yes,No,Fiber_optic,Yes,No,Yes,No,Yes,Yes,Yes,1,2020-01-01,640
3865-ZFZIB,2018-07-01,No,Two_year,No,Mailed_check,19.65,358.15,Male,0,No,No,No,No,No,No,No,No,No,No,0,2020-02-01,580
1855-AGAWH,2017-07-01,No,One_year,Yes,Electronic_check,93.8,2939.8,Male,0,Yes,No,Fiber_optic,No,No,Yes,No,Yes,Yes,No,0,2020-02-01,945
7109-CQYUZ,2015-10-01,No,Two_year,Yes,Mailed_check,89.25,4652.4,Male,0,No,No,DSL,Yes,Yes,Yes,Yes,Yes,Yes,Yes,0,2020-02-01,1584
1370-GGAWX,2016-04-01,No,One_year,Yes,Electronic_check,94.15,4408.45,Female,0,No,No,Fiber_optic,No,Yes,Yes,No,No,Yes,Yes,0,2020-02-01,1401
4680-KUTAJ,2019-03-01,No,Month-to-month,Yes,Electronic_check,55.6,580.8,Female,1,No,No,DSL,Yes,No,No,No,No,No,Yes,0,2020-02-01,337
5307-UVGNB,2015-09-01,No,Month-to-month,Yes,Bank_transfer_(automatic),48.7,2495.2,Female,0,Yes,Yes,DSL,Yes,Yes,Yes,No,No,Yes,No,0,2020-02-01,1614
4946-EDSEW,2019-01-01,2019-12-01 00:00:00,Month-to-month,Yes,Mailed_check,19.25,180.3,Female,0,Yes,Yes,No,No,No,No,No,No,No,No,1,2019-12-01,334
2883-ILGWO,2015-05-01,No,Month-to-month,Yes,Bank_transfer_(automatic),104.9,5913.95,Male,1,No,No,Fiber_optic,No,Yes,No,Yes,Yes,Yes,Yes,0,2020-02-01,1737
2516-VQRRV,2019-09-01,2019-11-01 00:00:00,Month-to-month,Yes,Mailed_check,75.45,158.4,Female,1,No,No,Fiber_optic,No,No,No,No,No,No,Yes,1,2019-11-01,61
7580-UGXNC,2019-09-01,2019-11-01 00:00:00,Month-to-month,No,Mailed_check,54.85,104.2,Female,1,No,No,DSL,Yes,Yes,No,No,No,No,No,1,2019-11-01,61
3642-BYHDO,2014-03-01,No,Two_year,No,Bank_transfer_(automatic),19.9,1389.35,Female,0,Yes,Yes,No,No,No,No,No,No,No,No,0,2020-02-01,2163
9629-NHXFW,2020-01-01,No,Month-to-month,Yes,Mailed_check,19.4,19.4,Female,0,Yes,Yes,No,No,No,No,No,No,No,No,0,2020-02-01,31
2696-RZVZW,2014-06-01,No,Two_year,No,Credit_card_(automatic),25.05,1629.2,Male,0,Yes,No,No,No,No,No,No,No,No,Yes,0,2020-02-01,2071
5766-FTRTS,2014-02-01,No,Two_year,No,Mailed_check,84.45,6033.1,Male,0,Yes,No,DSL,Yes,Yes,Yes,Yes,Yes,Yes,No,0,2020-02-01,2191
0396-HUJBP,2019-12-01,No,Month-to-month,No,Mailed_check,19.3,44.4,Female,0,No,No,No,No,No,No,No,No,No,No,0,2020-02-01,62
5178-LMXOP,2019-10-01,2019-11-01 00:00:00,Month-to-month,Yes,Electronic_check,95.1,95.1,Male,1,Yes,No,Fiber_optic,No,No,No,No,Yes,Yes,Yes,1,2019-11-01,31
8879-ZKJOF,2016-09-01,No,One_year,Yes,Bank_transfer_(automatic),79.85,3320.75,Female,0,No,No,DSL,Yes,No,Yes,Yes,Yes,Yes,No,0,2020-02-01,1248
6285-FTQBF,2014-02-01,No,Two_year,No,Credit_card_(automatic),25.55,1867.7,Male,0,Yes,Yes,No,No,No,No,No,No,No,Yes,0,2020-02-01,2191
8185-UPYBR,2019-05-01,2019-11-01 00:00:00,Month-to-month,Yes,Electronic_check,75.5,438.0,Male,0,Yes,No,Fiber_optic,No,No,No,No,No,No,Yes,1,2019-11-01,184
4585-HETAI,2019-09-01,2020-01-01 00:00:00,Month-to-month,Yes,Electronic_check,73.75,325.45,Female,0,Yes,Yes,Fiber_optic,No,No,Yes,No,No,No,No,1,2020-01-01,122
7526-BEZQB,2018-12-01,2019-12-01 00:00:00,Month-to-month,Yes,Electronic_check,96.05,1148.1,Male,0,No,No,Fiber_optic,No,No,No,No,Yes,Yes,Yes,1,2019-12-01,365
1474-JUWSM,2015-04-01,No,One_year,Yes,Electronic_check,68.4,3972.25,Female,0,Yes,No,DSL,Yes,No,No,Yes,No,Yes,Yes,0,2020-02-01,1767
3530-CRZSB,2019-07-01,No,Month-to-month,No,Mailed_check,20.65,155.9,Female,0,No,No,No,No,No,No,No,No,No,No,0,2020-02-01,215
8498-XXGWA,2014-09-01,No,Month-to-month,Yes,Mailed_check,55.15,3673.15,Female,0,Yes,No,DSL,Yes,No,Yes,No,No,No,No,0,2020-02-01,1979
9617-INGJY,2020-01-01,No,Month-to-month,Yes,Mailed_check,70.6,70.6,Male,0,No,No,Fiber_optic,No,No,No,No,No,No,No,0,2020-02-01,31
0621-TSSMU,2015-06-01,No,One_year,No,Credit_card_(automatic),19.95,1126.75,Male,0,Yes,No,No,No,No,No,No,No,No,No,0,2020-02-01,1706
7234-KMNRQ,2019-10-01,No,Month-to-month,No,Mailed_check,19.0,73.45,Male,0,No,No,No,No,No,No,No,No,No,No,0,2020-02-01,123
7636-PEPNS,2015-04-01,No,One_year,Yes,Mailed_check,44.1,2413.05,Female,0,Yes,Yes,DSL,No,No,No,No,No,No,No,0,2020-02-01,1767
4683-WYDOU,2014-12-01,No,Two_year,Yes,Bank_transfer_(automatic),107.6,6912.7,Male,0,Yes,No,Fiber_optic,No,No,Yes,Yes,Yes,Yes,Yes,0,2020-02-01,1888
9052-DHNKM,2017-12-01,No,One_year,No,Electronic_check,61.55,1581.95,Male,0,No,No,DSL,Yes,Yes,No,No,No,No,Yes,0,2020-02-01,792
6794-HKIAJ,2014-12-01,No,Month-to-month,No,Bank_transfer_(automatic),90.7,5586.45,Male,0,No,No,Fiber_optic,Yes,Yes,Yes,No,No,No,Yes,0,2020-02-01,1888
5578-NKCXI,2015-04-01,No,One_year,No,Credit_card_(automatic),99.25,5846.65,Female,0,Yes,Yes,Fiber_optic,Yes,Yes,No,No,Yes,Yes,No,0,2020-02-01,1767
1642-HMARX,2014-06-01,No,Two_year,Yes,Electronic_check,91.7,6424.7,Female,0,Yes,No,DSL,Yes,Yes,Yes,Yes,Yes,Yes,Yes,0,2020-02-01,2071
3096-WPXBT,2015-01-01,No,One_year,Yes,Credit_card_(automatic),100.7,6018.65,Female,0,Yes,Yes,Fiber_optic,Yes,Yes,Yes,No,No,Yes,Yes,0,2020-02-01,1857
8434-PNQZX,2016-08-01,No,Two_year,Yes,Credit_card_(automatic),78.45,3373.4,Female,0,No,No,DSL,No,No,Yes,Yes,Yes,Yes,Yes,0,2020-02-01,1279
5950-AAAGJ,2018-08-01,No,Month-to-month,No,Bank_transfer_(automatic),84.3,1537.9,Male,0,No,No,Fiber_optic,No,No,No,No,Yes,No,Yes,0,2020-02-01,549
4299-OPXEJ,2015-06-01,No,Two_year,Yes,Bank_transfer_(automatic),19.55,1080.55,Female,0,No,No,No,No,No,No,No,No,No,No,0,2020-02-01,1706
4951-UKAAQ,2019-07-01,2019-11-01 00:00:00,Month-to-month,Yes,Electronic_check,88.95,355.2,Female,0,No,No,Fiber_optic,No,Yes,No,No,No,Yes,Yes,1,2019-11-01,123
9618-LFJRU,2019-10-01,No,Month-to-month,No,Credit_card_(automatic),20.45,82.85,Female,0,No,No,No,No,No,No,No,No,No,No,0,2020-02-01,123
6693-DJWTY,2017-03-01,No,One_year,No,Credit_card_(automatic),55.6,2016.45,Female,0,No,Yes,DSL,Yes,Yes,No,No,No,No,No,0,2020-02-01,1067
0744-GKNGE,2014-10-01,No,Month-to-month,Yes,Bank_transfer_(automatic),86.8,5327.25,Female,0,Yes,Yes,Fiber_optic,Yes,No,No,Yes,No,No,Yes,0,2020-02-01,1949
6447-EGDIV,2017-07-01,No,One_year,No,Mailed_check,20.95,683.25,Female,0,No,No,No,No,No,No,No,No,No,No,0,2020-02-01,945
1167-OYZJF,2014-07-01,No,Two_year,Yes,Bank_transfer_(automatic),20.05,1263.05,Female,1,Yes,No,No,No,No,No,No,No,No,No,0,2020-02-01,2041
2108-YKQTY,2019-06-01,2019-10-01 00:00:00,Month-to-month,No,Credit_card_(automatic),50.7,151.3,Female,0,No,No,DSL,No,Yes,No,No,No,No,No,1,2019-10-01,122
4806-DXQCE,2014-04-01,No,Two_year,Yes,Electronic_check,113.65,7714.65,Female,1,Yes,No,Fiber_optic,Yes,Yes,Yes,Yes,Yes,Yes,Yes,0,2020-02-01,2132
4918-QLLIW,2019-09-01,2019-12-01 00:00:00,Month-to-month,No,Credit_card_(automatic),53.4,188.7,Male,0,No,No,DSL,No,No,No,No,Yes,No,No,1,2019-12-01,91
7056-IMHCC,2015-05-01,2019-10-01 00:00:00,Month-to-month,Yes,Electronic_check,101.9,5549.4,Male,1,Yes,No,Fiber_optic,No,Yes,No,No,Yes,Yes,Yes,1,2019-10-01,1614
4854-SSLTN,2019-12-01,No,Two_year,No,Mailed_check,59.5,130.5,Male,0,Yes,Yes,DSL,Yes,Yes,No,Yes,No,No,No,0,2020-02-01,62
5294-DMSFH,2017-09-01,No,Month-to-month,Yes,Credit_card_(automatic),87.8,2621.75,Female,0,Yes,Yes,Fiber_optic,No,No,No,No,Yes,Yes,No,0,2020-02-01,883
4837-PZTIC,2016-03-01,No,Two_year,No,Mailed_check,41.9,1875.25,Female,0,No,No,DSL,Yes,No,Yes,Yes,No,No,No,0,2020-02-01,1432
1625-JAIIY,2014-04-01,2019-12-01 00:00:00,One_year,Yes,Electronic_check,83.0,5685.8,Female,0,Yes,Yes,Fiber_optic,No,No,No,No,Yes,No,Yes,1,2019-12-01,2070
0603-OLQDC,2019-02-01,No,Month-to-month,Yes,Mailed_check,69.85,837.5,Male,0,No,Yes,DSL,Yes,No,No,No,Yes,Yes,No,0,2020-02-01,365
3272-VUHPV,2019-06-01,No,Month-to-month,No,Bank_transfer_(automatic),56.3,401.5,Female,0,Yes,Yes,DSL,No,Yes,No,Yes,No,No,No,0,2020-02-01,245
4176-FXYBO,2015-08-01,No,Month-to-month,No,Electronic_check,109.55,6118.95,Male,0,Yes,No,Fiber_optic,Yes,Yes,Yes,No,Yes,Yes,Yes,0,2020-02-01,1645
1063-DHQJF,2014-05-01,No,Two_year,Yes,Mailed_check,92.15,6480.9,Male,0,Yes,Yes,Fiber_optic,No,Yes,No,Yes,Yes,No,No,0,2020-02-01,2102
8663-UPDGF,2017-12-01,No,Month-to-month,Yes,Bank_transfer_(automatic),69.5,1800.05,Female,0,No,No,DSL,Yes,Yes,No,No,Yes,No,Yes,0,2020-02-01,792
6719-FGEDO,2014-02-01,No,Two_year,Yes,Bank_transfer_(automatic),97.0,7104.2,Female,0,Yes,No,Fiber_optic,Yes,Yes,Yes,Yes,No,No,Yes,0,2020-02-01,2191
1837-YQUCE,2014-04-01,No,Two_year,Yes,Bank_transfer_(automatic),58.35,4214.25,Female,0,No,No,DSL,Yes,No,Yes,Yes,Yes,Yes,No,0,2020-02-01,2132
2947-DOMLJ,2019-10-01,2019-11-01 00:00:00,Month-to-month,No,Mailed_check,50.6,50.6,Male,0,No,Yes,DSL,Yes,No,No,No,No,No,No,1,2019-11-01,31
4112-LUEIZ,2019-03-01,2020-01-01 00:00:00,Month-to-month,Yes,Electronic_check,89.5,863.1,Male,0,No,No,Fiber_optic,No,No,No,No,Yes,Yes,No,1,2020-01-01,306
0369-ZGOVK,2017-10-01,No,One_year,Yes,Bank_transfer_(automatic),70.4,1992.2,Female,0,Yes,Yes,Fiber_optic,No,No,No,No,No,No,No,0,2020-02-01,853
4510-HIMLV,2019-09-01,2019-10-01 00:00:00,Month-to-month,Yes,Electronic_check,69.8,69.8,Male,0,No,No,Fiber_optic,No,No,No,No,No,No,No,1,2019-10-01,30
9919-KNPOO,2018-05-01,No,Month-to-month,Yes,Electronic_check,94.3,1948.35,Female,0,Yes,No,Fiber_optic,No,No,No,No,Yes,Yes,Yes,0,2020-02-01,641
8749-JMNKX,2015-08-01,2019-11-01 00:00:00,Month-to-month,Yes,Bank_transfer_(automatic),93.8,4750.95,Male,1,Yes,No,Fiber_optic,Yes,No,Yes,No,Yes,No,Yes,1,2019-11-01,1553
7872-BAAZR,2015-09-01,No,One_year,No,Bank_transfer_(automatic),19.55,1007.9,Female,0,Yes,Yes,No,No,No,No,No,No,No,No,0,2020-02-01,1614
9391-LMANN,2015-09-01,No,One_year,No,Electronic_check,95.95,5036.9,Male,0,No,Yes,Fiber_optic,Yes,Yes,Yes,No,No,Yes,No,0,2020-02-01,1614
2430-USGXP,2018-01-01,2020-01-01 00:00:00,Month-to-month,Yes,Electronic_check,101.05,2391.8,Male,0,Yes,No,Fiber_optic,No,No,Yes,No,Yes,Yes,Yes,1,2020-01-01,730
8174-TBVCF,2014-04-01,No,Two_year,Yes,Credit_card_(automatic),94.8,6859.05,Female,0,Yes,No,DSL,Yes,Yes,Yes,Yes,Yes,Yes,Yes,0,2020-02-01,2132
1698-XFZCI,2015-01-01,No,One_year,Yes,Electronic_check,107.75,6521.9,Male,0,No,No,Fiber_optic,Yes,Yes,Yes,No,Yes,Yes,Yes,0,2020-02-01,1857
1877-HKBQX,2019-03-01,No,One_year,Yes,Mailed_check,54.6,617.85,Female,0,No,No,DSL,Yes,No,No,Yes,No,No,No,0,2020-02-01,337
4450-DLLMH,2019-12-01,No,Month-to-month,Yes,Credit_card_(automatic),71.3,157.75,Male,0,No,No,Fiber_optic,No,No,No,No,No,No,No,0,2020-02-01,62
0428-AXXLJ,2018-01-01,No,One_year,Yes,Bank_transfer_(automatic),19.5,516.3,Male,0,No,No,No,No,No,No,No,No,No,No,0,2020-02-01,761
2746-DIJLO,2016-09-01,No,One_year,Yes,Credit_card_(automatic),56.3,2364.0,Female,0,No,No,DSL,No,Yes,No,No,No,No,Yes,0,2020-02-01,1248
5955-ERIHD,2018-04-01,2019-10-01 00:00:00,Month-to-month,Yes,Electronic_check,94.7,1687.95,Male,0,Yes,No,Fiber_optic,No,No,No,No,Yes,Yes,Yes,1,2019-10-01,548
0917-EZOLA,2013-10-01,2019-10-01 00:00:00,Two_year,Yes,Bank_transfer_(automatic),104.15,7689.95,Male,1,Yes,No,Fiber_optic,No,Yes,Yes,No,Yes,Yes,Yes,1,2019-10-01,2191
3508-VLHCZ,2014-03-01,No,Two_year,Yes,Credit_card_(automatic),90.55,6239.05,Female,0,Yes,Yes,DSL,Yes,Yes,Yes,Yes,Yes,Yes,Yes,0,2020-02-01,2163
4086-ATNFV,2017-04-01,No,One_year,Yes,Mailed_check,60.8,2042.05,Female,0,Yes,Yes,DSL,Yes,Yes,Yes,No,No,No,No,0,2020-02-01,1036
0468-YRPXN,2017-09-01,No,Month-to-month,Yes,Credit_card_(automatic),98.8,2807.1,Male,0,No,No,Fiber_optic,No,No,Yes,Yes,Yes,Yes,No,0,2020-02-01,883
5996-NRVXR,2016-10-01,No,One_year,Yes,Credit_card_(automatic),98.15,4116.8,Male,1,Yes,No,Fiber_optic,Yes,Yes,Yes,Yes,Yes,No,No,0,2020-02-01,1218
3739-YBWAB,2017-02-01,No,One_year,No,Mailed_check,35.35,1317.95,Male,0,Yes,No,DSL,Yes,No,Yes,No,No,No,No,0,2020-02-01,1095
7047-FWEYA,2016-04-01,No,One_year,Yes,Electronic_check,103.15,4594.65,Female,0,Yes,No,Fiber_optic,No,Yes,No,Yes,Yes,Yes,Yes,0,2020-02-01,1401
2000-MPKCA,2015-04-01,No,One_year,Yes,Electronic_check,107.75,6332.75,Female,0,No,No,Fiber_optic,Yes,Yes,Yes,No,Yes,Yes,Yes,0,2020-02-01,1767
9762-YAQAA,2016-11-01,No,One_year,No,Credit_card_(automatic),81.4,3213.75,Male,0,No,No,Fiber_optic,No,Yes,No,No,No,No,Yes,0,2020-02-01,1187
5949-EBSQK,2019-09-01,2020-01-01 00:00:00,Month-to-month,No,Credit_card_(automatic),61.45,229.55,Male,0,Yes,Yes,DSL,No,No,No,Yes,No,Yes,No,1,2020-01-01,122
5473-KHBPS,2015-10-01,No,One_year,Yes,Credit_card_(automatic),95.7,4976.15,Female,0,Yes,Yes,Fiber_optic,No,Yes,Yes,No,Yes,No,Yes,0,2020-02-01,1584
0100-DUVFC,2014-04-01,No,One_year,Yes,Electronic_check,104.8,7308.95,Male,1,Yes,No,Fiber_optic,No,Yes,Yes,No,Yes,Yes,Yes,0,2020-02-01,2132
5397-TUPSH,2014-09-01,No,One_year,Yes,Bank_transfer_(automatic),70.95,4555.2,Male,1,Yes,No,Fiber_optic,No,No,No,No,No,No,No,0,2020-02-01,1979
8950-MTZNV,2020-01-01,No,Month-to-month,Yes,Mailed_check,44.95,44.95,Male,0,No,No,DSL,No,No,No,No,No,No,No,0,2020-02-01,31
0326-VDYXE,2014-04-01,No,One_year,Yes,Electronic_check,97.65,6982.5,Female,0,Yes,No,Fiber_optic,No,No,Yes,No,Yes,Yes,Yes,0,2020-02-01,2132
6773-LQTVT,2017-09-01,No,Month-to-month,Yes,Mailed_check,35.65,1025.15,Female,1,Yes,Yes,DSL,No,Yes,Yes,No,No,No,No,0,2020-02-01,883
7274-RTAPZ,2019-09-01,2019-10-01 00:00:00,Month-to-month,Yes,Electronic_check,90.55,90.55,Male,0,No,No,Fiber_optic,No,No,No,No,Yes,Yes,No,1,2019-10-01,30
0436-TWFFZ,2014-07-01,No,Two_year,Yes,Mailed_check,85.25,5714.2,Female,0,No,No,DSL,Yes,No,Yes,Yes,Yes,Yes,Yes,0,2020-02-01,2041
8566-YPRGL,2020-01-01,No,Month-to-month,Yes,Mailed_check,19.5,19.5,Female,0,No,No,No,No,No,No,No,No,No,No,0,2020-02-01,31
0311-UNPFF,2017-11-01,2020-01-01 00:00:00,Month-to-month,Yes,Bank_transfer_(automatic),88.8,2274.35,Female,0,No,No,Fiber_optic,No,No,No,No,Yes,Yes,No,1,2020-01-01,791
6609-MXJHJ,2017-08-01,No,Two_year,Yes,Mailed_check,25.1,789.55,Female,0,Yes,Yes,No,No,No,No,No,No,No,Yes,0,2020-02-01,914
2669-OIDSD,2016-02-01,No,Month-to-month,Yes,Credit_card_(automatic),100.05,4834.0,Female,0,Yes,No,Fiber_optic,No,No,Yes,Yes,Yes,Yes,No,0,2020-02-01,1461
8400-WZICQ,2015-07-01,No,Month-to-month,No,Electronic_check,55.7,3131.8,Female,0,Yes,Yes,DSL,Yes,Yes,No,No,No,No,No,0,2020-02-01,1676
3834-XUIFC,2019-04-01,2019-11-01 00:00:00,Month-to-month,Yes,Mailed_check,85.2,602.55,Male,0,No,No,Fiber_optic,No,No,No,No,No,Yes,Yes,1,2019-11-01,214
9576-SYUHJ,2017-01-01,No,Month-to-month,Yes,Electronic_check,91.15,3369.25,Male,0,No,No,Fiber_optic,Yes,No,No,No,Yes,No,Yes,0,2020-02-01,1126
0410-IPFTY,2017-07-01,No,Month-to-month,Yes,Bank_transfer_(automatic),83.85,2674.15,Female,0,Yes,No,Fiber_optic,No,Yes,No,No,No,Yes,No,0,2020-02-01,945
2831-EBWRN,2019-10-01,No,Month-to-month,Yes,Electronic_check,45.9,199.75,Male,0,No,No,DSL,No,No,No,No,No,No,No,0,2020-02-01,123
9430-NKQLY,2014-02-01,No,Two_year,Yes,Credit_card_(automatic),25.1,1790.8,Male,0,Yes,Yes,No,No,No,No,No,No,No,Yes,0,2020-02-01,2191
8414-MYSHR,2019-05-01,2019-10-01 00:00:00,Month-to-month,Yes,Electronic_check,91.4,449.75,Male,1,No,No,Fiber_optic,No,No,No,No,Yes,Yes,No,1,2019-10-01,153
0247-SLUJI,2020-01-01,No,Month-to-month,No,Mailed_check,19.7,19.7,Male,0,Yes,Yes,No,No,No,No,No,No,No,No,0,2020-02-01,31
9402-ORRAH,2018-11-01,No,Month-to-month,Yes,Electronic_check,91.5,1400.3,Female,1,No,No,Fiber_optic,No,No,No,No,Yes,Yes,No,0,2020-02-01,457
6483-OATDN,2019-06-01,No,Month-to-month,Yes,Credit_card_(automatic),51.3,411.6,Male,0,Yes,Yes,DSL,Yes,No,No,No,No,No,No,0,2020-02-01,245
1293-HHSHJ,2017-03-01,No,One_year,No,Mailed_check,21.1,741.0,Female,0,No,No,No,No,No,No,No,No,No,No,0,2020-02-01,1067
4840-ORQXB,2015-06-01,No,Month-to-month,No,Electronic_check,104.75,5841.35,Female,1,No,No,Fiber_optic,No,Yes,Yes,No,Yes,Yes,Yes,0,2020-02-01,1706
7599-FKVXZ,2016-05-01,2019-11-01 00:00:00,Month-to-month,Yes,Bank_transfer_(automatic),106.15,4512.7,Male,0,Yes,No,Fiber_optic,No,No,Yes,Yes,Yes,Yes,Yes,1,2019-11-01,1279
3982-DQLUS,2014-09-01,No,Month-to-month,Yes,Electronic_check,85.75,5688.45,Male,1,Yes,Yes,Fiber_optic,Yes,Yes,No,No,No,No,Yes,0,2020-02-01,1979
8610-ZIKJJ,2019-12-01,No,One_year,No,Mailed_check,20.3,31.9,Female,0,Yes,Yes,No,No,No,No,No,No,No,No,0,2020-02-01,62
3756-VNWDH,2014-09-01,No,One_year,Yes,Electronic_check,100.75,6674.65,Male,1,Yes,No,Fiber_optic,Yes,No,No,No,Yes,Yes,Yes,0,2020-02-01,1979
7801-KICAO,2018-08-01,No,Month-to-month,Yes,Electronic_check,74.15,1345.75,Female,0,No,No,Fiber_optic,No,No,No,No,No,No,Yes,0,2020-02-01,549
7673-LPRNY,2018-03-01,No,One_year,Yes,Electronic_check,78.55,1843.05,Female,0,No,No,DSL,Yes,No,Yes,No,Yes,Yes,Yes,0,2020-02-01,702
8229-TNIQA,2019-07-01,2019-11-01 00:00:00,Month-to-month,Yes,Mailed_check,45.3,196.95,Female,0,No,No,DSL,No,No,No,No,No,No,No,1,2019-11-01,123
6060-QBMGV,2014-04-01,No,Two_year,No,Credit_card_(automatic),19.85,1433.8,Male,0,Yes,No,No,No,No,No,No,No,No,No,0,2020-02-01,2132
7339-POGZN,2019-10-01,No,Month-to-month,No,Electronic_check,50.7,214.55,Female,0,No,No,DSL,No,No,No,No,No,No,Yes,0,2020-02-01,123
2828-SLQPF,2018-07-01,No,Month-to-month,Yes,Bank_transfer_(automatic),45.0,865.85,Male,0,No,No,DSL,No,No,No,No,No,No,No,0,2020-02-01,580
4465-VDKIQ,2018-08-01,No,Month-to-month,No,Electronic_check,77.8,1358.6,Female,0,No,No,Fiber_optic,No,Yes,Yes,No,No,No,No,0,2020-02-01,549
2921-XWDJH,2016-12-01,No,Month-to-month,Yes,Electronic_check,83.45,3147.15,Female,1,Yes,No,Fiber_optic,Yes,No,No,No,No,Yes,No,0,2020-02-01,1157
6221-AVQYL,2019-11-01,2020-01-01 00:00:00,Month-to-month,Yes,Credit_card_(automatic),73.25,131.05,Male,0,No,No,Fiber_optic,No,No,No,No,No,No,Yes,1,2020-01-01,61
2558-BUOZZ,2016-03-01,No,One_year,No,Bank_transfer_(automatic),94.8,4535.85,Male,0,No,No,Fiber_optic,Yes,Yes,No,No,Yes,No,Yes,0,2020-02-01,1432
9257-AZMTZ,2015-10-01,No,Two_year,No,Bank_transfer_(automatic),20.1,1078.75,Female,0,Yes,Yes,No,No,No,No,No,No,No,No,0,2020-02-01,1584
0003-MKNFE,2019-05-01,No,Month-to-month,No,Mailed_check,59.9,542.4,Male,0,No,No,DSL,No,No,No,No,No,Yes,Yes,0,2020-02-01,276
0975-UYDTX,2017-12-01,No,One_year,Yes,Credit_card_(automatic),90.1,2312.55,Female,0,Yes,No,DSL,Yes,Yes,Yes,Yes,Yes,Yes,Yes,0,2020-02-01,792
7743-EXURX,2019-03-01,2019-11-01 00:00:00,Month-to-month,Yes,Electronic_check,51.05,415.05,Male,0,Yes,Yes,DSL,No,No,Yes,No,No,No,No,1,2019-11-01,245
4682-BLBUC,2016-06-01,No,One_year,Yes,Electronic_check,70.95,3250.45,Male,0,Yes,No,DSL,No,Yes,Yes,Yes,Yes,No,No,0,2020-02-01,1340
0975-VOOVL,2019-11-01,No,Month-to-month,No,Mailed_check,29.2,98.5,Female,0,No,No,DSL,No,Yes,No,No,No,No,No,0,2020-02-01,92
5968-VXZLG,2019-12-01,No,Month-to-month,Yes,Bank_transfer_(automatic),46.6,87.9,Male,0,No,No,DSL,No,No,No,No,No,No,No,0,2020-02-01,62
5569-KGJHX,2019-01-01,2019-10-01 00:00:00,Month-to-month,Yes,Bank_transfer_(automatic),85.35,754.65,Female,0,Yes,Yes,Fiber_optic,No,No,No,No,Yes,No,Yes,1,2019-10-01,273
4988-IQIGL,2019-12-01,2020-01-01 00:00:00,Month-to-month,Yes,Electronic_check,75.35,75.35,Male,1,No,No,Fiber_optic,No,No,No,No,No,No,Yes,1,2020-01-01,31
5201-FRKKS,2018-01-01,No,Month-to-month,No,Bank_transfer_(automatic),74.3,1952.25,Male,0,No,No,Fiber_optic,Yes,No,No,No,No,No,No,0,2020-02-01,761
9799-CAYJJ,2019-12-01,No,Month-to-month,Yes,Electronic_check,69.3,153.8,Female,1,Yes,No,Fiber_optic,No,No,No,No,No,No,No,0,2020-02-01,62
7730-IUTDZ,2016-03-01,2019-10-01 00:00:00,Month-to-month,Yes,Electronic_check,75.2,3198.6,Male,0,No,No,Fiber_optic,Yes,No,No,No,No,No,No,1,2019-10-01,1309
0426-TIRNE,2019-11-01,2019-12-01 00:00:00,Month-to-month,No,Mailed_check,20.9,20.9,Female,0,No,No,No,No,No,No,No,No,No,No,1,2019-12-01,30
5443-SCMKX,2015-04-01,No,One_year,Yes,Electronic_check,94.3,5610.15,Female,0,Yes,No,Fiber_optic,No,Yes,Yes,No,No,Yes,Yes,0,2020-02-01,1767
8295-KMENE,2015-03-01,No,Two_year,Yes,Mailed_check,76.45,4519.5,Female,0,Yes,Yes,DSL,Yes,No,Yes,Yes,Yes,No,Yes,0,2020-02-01,1798
6738-ISCBM,2016-06-01,No,One_year,Yes,Electronic_check,54.0,2440.25,Male,0,No,No,DSL,Yes,No,Yes,No,Yes,Yes,No,0,2020-02-01,1340
9821-BESNZ,2014-08-01,No,One_year,Yes,Electronic_check,104.25,6860.6,Male,0,No,No,Fiber_optic,No,Yes,No,Yes,Yes,Yes,Yes,0,2020-02-01,2010
3678-MNGZX,2014-06-01,No,Two_year,No,Bank_transfer_(automatic),19.95,1377.7,Male,0,Yes,Yes,No,No,No,No,No,No,No,No,0,2020-02-01,2071
1335-NTIUC,2019-05-01,No,Month-to-month,Yes,Electronic_check,24.95,190.25,Male,0,No,No,DSL,No,No,No,No,No,No,No,0,2020-02-01,276
2916-BQZLN,2018-07-01,No,Month-to-month,Yes,Electronic_check,84.75,1651.95,Male,0,No,No,Fiber_optic,Yes,No,Yes,No,No,No,Yes,0,2020-02-01,580
4558-CGYCZ,2019-10-01,No,Month-to-month,No,Mailed_check,19.75,78.3,Male,0,No,No,No,No,No,No,No,No,No,No,0,2020-02-01,123
2368-GAKKQ,2014-04-01,No,Two_year,Yes,Bank_transfer_(automatic),113.65,7939.25,Female,0,No,No,Fiber_optic,Yes,Yes,Yes,Yes,Yes,Yes,Yes,0,2020-02-01,2132
8710-YGLWG,2020-01-01,No,Month-to-month,Yes,Mailed_check,44.9,44.9,Male,0,No,No,DSL,No,No,No,No,No,No,No,0,2020-02-01,31
3199-XGZCY,2019-06-01,No,Month-to-month,Yes,Electronic_check,75.25,576.7,Female,0,No,No,Fiber_optic,No,No,No,No,No,No,Yes,0,2020-02-01,245
3785-KTYSH,2015-09-01,No,Two_year,No,Mailed_check,24.6,1279.0,Male,0,No,No,No,No,No,No,No,No,No,Yes,0,2020-02-01,1614
6814-ZPWFQ,2015-11-01,No,One_year,No,Bank_transfer_(automatic),25.0,1260.7,Male,1,No,No,No,No,No,No,No,No,No,Yes,0,2020-02-01,1553
4063-EIKNQ,2019-03-01,No,Month-to-month,No,Bank_transfer_(automatic),20.95,267.35,Male,0,Yes,Yes,No,No,No,No,No,No,No,No,0,2020-02-01,337
6993-YCOBK,2015-02-01,No,Two_year,Yes,Electronic_check,110.6,6586.85,Male,0,Yes,Yes,Fiber_optic,Yes,No,Yes,Yes,Yes,Yes,Yes,0,2020-02-01,1826
5206-HPJKM,2018-09-01,No,Month-to-month,Yes,Credit_card_(automatic),55.5,934.15,Male,0,No,No,DSL,Yes,Yes,No,No,No,No,No,0,2020-02-01,518
7587-RZNME,2019-08-01,2019-11-01 00:00:00,Month-to-month,Yes,Electronic_check,43.3,123.65,Male,0,No,No,DSL,No,No,No,No,No,No,No,1,2019-11-01,92
0748-RDGGM,2014-02-01,2019-12-01 00:00:00,One_year,Yes,Bank_transfer_(automatic),109.5,7534.65,Male,0,Yes,No,Fiber_optic,Yes,Yes,Yes,Yes,Yes,Yes,No,1,2019-12-01,2129
8393-JMVMB,2020-01-01,No,Month-to-month,No,Mailed_check,19.45,19.45,Male,0,No,No,No,No,No,No,No,No,No,No,0,2020-02-01,31
5019-GQVCR,2016-07-01,No,Month-to-month,Yes,Electronic_check,84.85,3645.6,Male,1,No,No,Fiber_optic,No,No,No,No,Yes,No,Yes,0,2020-02-01,1310
6036-TTFYU,2018-10-01,No,Month-to-month,No,Mailed_check,19.6,314.45,Female,0,Yes,No,No,No,No,No,No,No,No,No,0,2020-02-01,488
2550-AEVRU,2015-05-01,No,One_year,No,Electronic_check,53.45,3053.0,Female,0,Yes,Yes,DSL,Yes,Yes,No,No,No,No,No,0,2020-02-01,1737
0969-RGKCU,2017-01-01,No,One_year,No,Credit_card_(automatic),19.8,677.05,Male,0,Yes,Yes,No,No,No,No,No,No,No,No,0,2020-02-01,1126
0378-CJKPV,2014-02-01,No,Two_year,No,Credit_card_(automatic),112.1,7965.95,Female,0,Yes,No,Fiber_optic,Yes,Yes,Yes,Yes,Yes,Yes,Yes,0,2020-02-01,2191
4706-AXVKM,2019-01-01,2019-12-01 00:00:00,Month-to-month,Yes,Credit_card_(automatic),84.8,906.85,Female,1,No,No,Fiber_optic,No,No,No,No,No,Yes,Yes,1,2019-12-01,334
5889-JTMUL,2015-09-01,2019-11-01 00:00:00,Month-to-month,Yes,Electronic_check,95.05,4888.7,Female,1,Yes,No,Fiber_optic,No,Yes,Yes,No,Yes,No,Yes,1,2019-11-01,1522
9026-RNUJS,2019-07-01,2019-12-01 00:00:00,Month-to-month,No,Electronic_check,50.35,237.25,Male,1,No,No,DSL,No,No,Yes,No,No,No,No,1,2019-12-01,153
3746-EUBYR,2019-12-01,2020-01-01 00:00:00,Month-to-month,Yes,Bank_transfer_(automatic),74.6,74.6,Male,0,Yes,No,Fiber_optic,No,No,No,No,No,No,Yes,1,2020-01-01,31
2332-EFBJY,2018-09-01,2020-01-01 00:00:00,Month-to-month,Yes,Mailed_check,19.7,342.4,Male,0,No,No,No,No,No,No,No,No,No,No,1,2020-01-01,487
2880-FPNAE,2019-12-01,No,Month-to-month,Yes,Electronic_check,74.2,140.1,Male,1,Yes,No,Fiber_optic,No,No,Yes,No,No,No,No,0,2020-02-01,62
1703-MGIAB,2018-09-01,No,Month-to-month,Yes,Mailed_check,69.0,1108.0,Female,0,No,No,DSL,No,No,Yes,Yes,Yes,No,Yes,0,2020-02-01,518
4311-QTTAI,2018-10-01,No,One_year,No,Credit_card_(automatic),19.35,295.55,Female,0,No,No,No,No,No,No,No,No,No,No,0,2020-02-01,488
9474-PHLYD,2018-09-01,2019-12-01 00:00:00,Month-to-month,Yes,Electronic_check,59.45,892.65,Female,0,No,No,DSL,No,No,Yes,No,No,Yes,No,1,2019-12-01,456
4318-RAJVY,2019-04-01,No,One_year,Yes,Mailed_check,19.8,198.25,Female,0,No,No,No,No,No,No,No,No,No,No,0,2020-02-01,306
2165-VOEGB,2016-02-01,2019-12-01 00:00:00,One_year,Yes,Bank_transfer_(automatic),105.2,4822.85,Female,0,No,Yes,Fiber_optic,Yes,Yes,No,Yes,Yes,Yes,No,1,2019-12-01,1399
3612-YUNGG,2014-10-01,No,Two_year,Yes,Credit_card_(automatic),109.2,6741.15,Male,0,Yes,Yes,Fiber_optic,No,Yes,Yes,Yes,Yes,Yes,Yes,0,2020-02-01,1949
2254-DLXRI,2020-01-01,No,Month-to-month,Yes,Mailed_check,79.15,79.15,Female,0,No,No,Fiber_optic,No,Yes,No,No,No,No,Yes,0,2020-02-01,31
5062-CJJKH,2018-01-01,No,One_year,No,Mailed_check,53.65,1355.45,Male,0,Yes,Yes,DSL,No,Yes,Yes,No,No,No,No,0,2020-02-01,761
9028-LIHRP,2014-03-01,No,Two_year,No,Credit_card_(automatic),100.2,7209.0,Male,0,Yes,Yes,Fiber_optic,Yes,Yes,Yes,Yes,Yes,No,No,0,2020-02-01,2163
2219-MVUSO,2019-02-01,2019-10-01 00:00:00,Month-to-month,Yes,Mailed_check,45.15,438.4,Male,0,No,No,DSL,No,No,No,No,No,No,No,1,2019-10-01,242
1053-MXTTK,2014-02-01,No,Two_year,Yes,Bank_transfer_(automatic),108.65,7726.35,Female,0,Yes,Yes,Fiber_optic,Yes,Yes,Yes,Yes,Yes,Yes,No,0,2020-02-01,2191
1530-ZTDOZ,2016-01-01,No,Month-to-month,No,Bank_transfer_(automatic),40.65,2070.75,Female,0,Yes,No,DSL,Yes,No,No,No,Yes,No,No,0,2020-02-01,1492
1301-LOPVR,2017-09-01,No,One_year,Yes,Credit_card_(automatic),55.35,1636.95,Male,0,Yes,Yes,DSL,Yes,Yes,Yes,Yes,No,Yes,No,0,2020-02-01,883
0853-TWRVK,2014-02-01,No,Two_year,No,Bank_transfer_(automatic),105.6,7581.5,Male,0,Yes,No,Fiber_optic,Yes,Yes,Yes,Yes,No,Yes,Yes,0,2020-02-01,2191
8914-RBTSB,2017-05-01,2019-12-01 00:00:00,Month-to-month,No,Electronic_check,93.8,3019.5,Male,0,Yes,No,Fiber_optic,No,Yes,Yes,No,Yes,No,Yes,1,2019-12-01,944
6212-ATMLK,2015-12-01,No,Month-to-month,Yes,Electronic_check,95.7,4729.75,Female,0,No,No,Fiber_optic,No,No,No,No,Yes,Yes,Yes,0,2020-02-01,1523
8200-LGKSR,2014-03-01,No,Two_year,No,Electronic_check,83.2,6126.1,Male,0,Yes,No,DSL,Yes,No,Yes,Yes,Yes,Yes,Yes,0,2020-02-01,2163
1568-BEKZM,2014-04-01,No,Two_year,No,Credit_card_(automatic),90.05,6333.4,Male,1,Yes,No,DSL,Yes,Yes,Yes,Yes,Yes,Yes,Yes,0,2020-02-01,2132
0670-ANMUU,2014-03-01,No,One_year,No,Credit_card_(automatic),97.65,6687.85,Male,0,No,No,Fiber_optic,Yes,No,No,Yes,No,Yes,Yes,0,2020-02-01,2163
6897-RWMUB,2015-01-01,No,Two_year,Yes,Bank_transfer_(automatic),68.05,4158.25,Male,0,Yes,Yes,DSL,Yes,Yes,Yes,Yes,No,No,No,0,2020-02-01,1857
0963-ZBDRN,2017-04-01,2019-12-01 00:00:00,Month-to-month,Yes,Electronic_check,96.2,3183.4,Male,0,No,No,Fiber_optic,No,No,No,Yes,Yes,Yes,No,1,2019-12-01,974
7594-RQHXR,2019-09-01,2019-10-01 00:00:00,Month-to-month,Yes,Electronic_check,79.6,79.6,Female,0,No,Yes,Fiber_optic,No,No,No,No,No,Yes,No,1,2019-10-01,30
6999-CHVCF,2014-06-01,No,Two_year,Yes,Bank_transfer_(automatic),102.1,7149.35,Male,0,No,No,Fiber_optic,Yes,Yes,Yes,No,No,Yes,Yes,0,2020-02-01,2071
6134-KWTBV,2014-12-01,No,Two_year,No,Bank_transfer_(automatic),23.4,1429.65,Male,0,No,No,No,No,No,No,No,No,No,Yes,0,2020-02-01,1888
1077-HUUJM,2019-07-01,No,Month-to-month,Yes,Electronic_check,71.05,472.65,Female,0,No,Yes,Fiber_optic,No,No,No,No,No,No,No,0,2020-02-01,215
6331-EWIEB,2018-02-01,2019-10-01 00:00:00,Month-to-month,Yes,Electronic_check,85.25,1734.5,Male,0,No,No,Fiber_optic,No,No,No,No,Yes,No,Yes,1,2019-10-01,607
0895-LNKRC,2019-08-01,No,One_year,No,Mailed_check,19.45,113.5,Male,0,Yes,Yes,No,No,No,No,No,No,No,No,0,2020-02-01,184
2045-BMBTJ,2017-05-01,No,Month-to-month,Yes,Bank_transfer_(automatic),59.45,1884.65,Female,1,No,No,DSL,Yes,Yes,Yes,No,Yes,Yes,No,0,2020-02-01,1006
8417-GSODA,2017-10-01,No,One_year,No,Bank_transfer_(automatic),92.2,2568.15,Male,0,Yes,Yes,Fiber_optic,No,No,No,No,Yes,Yes,Yes,0,2020-02-01,853
5171-EPLKN,2017-11-01,No,Two_year,No,Credit_card_(automatic),19.85,470.0,Male,0,No,No,No,No,No,No,No,No,No,No,0,2020-02-01,822
4452-QIIEB,2019-07-01,No,Month-to-month,No,Mailed_check,43.9,278.4,Male,0,No,No,DSL,No,No,No,No,No,No,No,0,2020-02-01,215
5998-VVEJY,2017-08-01,2019-10-01 00:00:00,Month-to-month,Yes,Electronic_check,80.5,2088.8,Male,0,No,No,Fiber_optic,No,No,No,Yes,No,No,Yes,1,2019-10-01,791
1624-NALOJ,2019-06-01,2019-11-01 00:00:00,Month-to-month,Yes,Electronic_check,89.8,502.6,Male,1,No,No,Fiber_optic,No,Yes,No,No,No,Yes,Yes,1,2019-11-01,153
6741-EGCBI,2017-08-01,No,Month-to-month,Yes,Credit_card_(automatic),90.5,2595.85,Male,1,No,No,Fiber_optic,Yes,No,No,No,No,Yes,Yes,0,2020-02-01,914
7820-ZYGNY,2014-11-01,No,One_year,No,Credit_card_(automatic),90.45,5825.5,Male,0,No,No,Fiber_optic,No,Yes,No,No,No,Yes,Yes,0,2020-02-01,1918
4317-VTEOA,2019-11-01,2019-12-01 00:00:00,Month-to-month,Yes,Electronic_check,50.75,50.75,Male,0,No,No,DSL,No,Yes,No,No,No,No,No,1,2019-12-01,30
9677-AVKED,2015-09-01,No,One_year,Yes,Electronic_check,84.6,4449.75,Female,0,No,Yes,DSL,No,Yes,Yes,Yes,Yes,Yes,Yes,0,2020-02-01,1614
1670-SVOWZ,2018-09-01,2019-11-01 00:00:00,Month-to-month,Yes,Credit_card_(automatic),89.65,1208.35,Female,0,Yes,Yes,Fiber_optic,No,Yes,No,Yes,No,Yes,No,1,2019-11-01,426
2227-JRSJX,2018-05-01,No,Month-to-month,Yes,Bank_transfer_(automatic),99.15,1956.4,Female,0,No,No,Fiber_optic,No,Yes,No,Yes,Yes,Yes,No,0,2020-02-01,641
9847-HNVGP,2018-09-01,No,One_year,No,Mailed_check,19.95,310.6,Male,0,No,No,No,No,No,No,No,No,No,No,0,2020-02-01,518
6696-YDAYZ,2018-10-01,No,Two_year,No,Mailed_check,20.5,290.55,Male,0,Yes,Yes,No,No,No,No,No,No,No,No,0,2020-02-01,488
8980-WQFWL,2017-03-01,No,Month-to-month,Yes,Electronic_check,62.1,2096.1,Female,0,No,No,DSL,No,No,Yes,No,No,Yes,No,0,2020-02-01,1067
1730-ZMAME,2017-06-01,No,Month-to-month,Yes,Electronic_check,79.5,2665.0,Female,1,No,No,Fiber_optic,No,No,No,No,No,Yes,No,0,2020-02-01,975
6506-EYCNH,2017-10-01,No,Month-to-month,Yes,Bank_transfer_(automatic),19.55,543.8,Female,0,Yes,Yes,No,No,No,No,No,No,No,No,0,2020-02-01,853
4634-JLRJT,2020-01-01,No,Month-to-month,Yes,Mailed_check,20.35,20.35,Female,0,No,No,No,No,No,No,No,No,No,No,0,2020-02-01,31
9501-UKKNL,2015-03-01,No,Month-to-month,Yes,Electronic_check,51.7,3005.8,Male,0,No,No,DSL,No,No,No,Yes,Yes,Yes,No,0,2020-02-01,1798
2560-QTSBS,2014-02-01,No,One_year,Yes,Bank_transfer_(automatic),23.3,1623.15,Female,0,Yes,Yes,No,No,No,No,No,No,No,Yes,0,2020-02-01,2191
7541-YLXCL,2016-10-01,2019-10-01 00:00:00,One_year,Yes,Mailed_check,65.4,2498.4,Male,0,No,No,DSL,No,Yes,No,Yes,No,Yes,No,1,2019-10-01,1095
4795-WRNVT,2016-10-01,No,Month-to-month,No,Mailed_check,65.1,2586.0,Female,0,No,No,DSL,Yes,Yes,No,No,Yes,No,No,0,2020-02-01,1218
6080-TCMYC,2016-10-01,No,Month-to-month,Yes,Electronic_check,81.2,3292.3,Male,0,Yes,Yes,Fiber_optic,No,No,Yes,No,No,No,Yes,0,2020-02-01,1218
0260-ZDLGK,2019-01-01,2019-10-01 00:00:00,Month-to-month,Yes,Mailed_check,72.9,651.4,Female,0,No,Yes,DSL,No,No,Yes,Yes,Yes,Yes,No,1,2019-10-01,273
7860-UXCRM,2014-11-01,No,Two_year,No,Credit_card_(automatic),74.5,4674.55,Male,0,Yes,Yes,DSL,Yes,Yes,Yes,Yes,Yes,No,No,0,2020-02-01,1918
6357-JJPQT,2019-11-01,No,Month-to-month,Yes,Electronic_check,80.5,232.35,Female,0,No,No,Fiber_optic,No,No,No,No,Yes,No,No,0,2020-02-01,92
2292-XQWSV,2016-10-01,No,One_year,No,Mailed_check,60.3,2448.5,Male,0,Yes,Yes,DSL,No,Yes,Yes,Yes,Yes,Yes,No,0,2020-02-01,1218
9552-TGUZV,2019-06-01,No,Month-to-month,Yes,Mailed_check,75.0,658.1,Male,0,Yes,No,Fiber_optic,Yes,No,No,No,No,No,No,0,2020-02-01,245
5913-INRQV,2017-04-01,No,One_year,No,Mailed_check,90.15,3128.8,Male,1,Yes,No,Fiber_optic,Yes,No,No,Yes,Yes,No,No,0,2020-02-01,1036
8722-NGNBH,2019-07-01,2019-12-01 00:00:00,Month-to-month,No,Mailed_check,40.0,223.45,Male,0,No,No,DSL,Yes,No,Yes,Yes,No,No,No,1,2019-12-01,153
6210-KBBPI,2019-01-01,2019-10-01 00:00:00,Month-to-month,Yes,Credit_card_(automatic),99.45,919.4,Male,1,No,No,Fiber_optic,No,Yes,No,No,Yes,Yes,Yes,1,2019-10-01,273
9643-YBLUR,2019-05-01,No,Month-to-month,Yes,Credit_card_(automatic),69.05,653.95,Male,0,Yes,No,DSL,No,Yes,Yes,No,No,Yes,Yes,0,2020-02-01,276
8734-FNWVH,2017-07-01,No,Month-to-month,No,Bank_transfer_(automatic),59.7,1825.5,Male,0,Yes,Yes,DSL,No,No,No,No,No,Yes,Yes,0,2020-02-01,945
9447-YPTBX,2015-12-01,No,One_year,Yes,Bank_transfer_(automatic),19.85,943.1,Female,0,Yes,No,No,No,No,No,No,No,No,No,0,2020-02-01,1523
0133-BMFZO,2019-10-01,2019-12-01 00:00:00,Month-to-month,Yes,Electronic_check,86.25,181.65,Female,0,No,No,Fiber_optic,Yes,Yes,No,Yes,No,No,No,1,2019-12-01,61
6128-CZOMY,2019-11-01,2019-12-01 00:00:00,Month-to-month,Yes,Electronic_check,45.65,45.65,Female,0,No,No,DSL,No,No,No,No,No,No,No,1,2019-12-01,30
9540-JYROE,2019-05-01,2020-01-01 00:00:00,Month-to-month,Yes,Mailed_check,70.1,551.35,Male,0,No,No,Fiber_optic,No,No,No,No,No,No,No,1,2020-01-01,245
9026-LHEVG,2019-05-01,No,Month-to-month,No,Electronic_check,40.75,359.4,Female,0,No,No,DSL,No,Yes,No,No,No,Yes,No,0,2020-02-01,276
2260-USTRB,2019-10-01,2019-12-01 00:00:00,Month-to-month,Yes,Bank_transfer_(automatic),70.2,115.95,Female,1,No,No,Fiber_optic,No,No,No,No,No,No,No,1,2019-12-01,61
3656-TKRVZ,2019-10-01,2020-01-01 00:00:00,Month-to-month,No,Electronic_check,55.35,165.2,Female,0,No,No,DSL,Yes,Yes,No,No,No,No,No,1,2020-01-01,92
7011-CVEUC,2018-01-01,No,Month-to-month,Yes,Credit_card_(automatic),95.7,2338.35,Male,0,Yes,No,Fiber_optic,No,No,No,Yes,Yes,Yes,No,0,2020-02-01,761
6185-TASNN,2020-01-01,No,Month-to-month,No,Electronic_check,46.3,46.3,Male,1,No,No,DSL,No,No,No,No,No,No,No,0,2020-02-01,31
7925-PNRGI,2016-05-01,No,Month-to-month,No,Mailed_check,81.3,3541.1,Female,0,Yes,Yes,DSL,Yes,Yes,Yes,Yes,Yes,No,Yes,0,2020-02-01,1371
8623-TMRBY,2015-08-01,2019-11-01 00:00:00,Month-to-month,Yes,Electronic_check,84.2,4146.05,Male,1,Yes,Yes,Fiber_optic,No,Yes,Yes,No,No,No,Yes,1,2019-11-01,1553
1552-CZCLL,2015-07-01,No,Month-to-month,No,Credit_card_(automatic),20.0,1087.25,Female,0,Yes,Yes,No,No,No,No,No,No,No,No,0,2020-02-01,1676
3038-PQIUY,2016-12-01,No,Month-to-month,Yes,Bank_transfer_(automatic),66.15,2522.4,Female,0,No,No,DSL,Yes,Yes,Yes,No,No,No,Yes,0,2020-02-01,1157
1501-SGHBW,2019-08-01,2019-10-01 00:00:00,Month-to-month,No,Mailed_check,45.85,81.0,Male,0,No,No,DSL,No,No,No,No,No,No,No,1,2019-10-01,61
9313-CDOGY,2016-12-01,No,Month-to-month,No,Electronic_check,19.6,717.3,Male,0,Yes,Yes,No,No,No,No,No,No,No,No,0,2020-02-01,1157
8148-BPLZQ,2017-04-01,No,Month-to-month,Yes,Electronic_check,49.8,1734.2,Male,0,No,No,DSL,No,Yes,No,No,No,No,No,0,2020-02-01,1036
2623-DRYAM,2014-04-01,No,One_year,Yes,Electronic_check,101.75,7069.3,Female,0,Yes,No,Fiber_optic,No,No,Yes,No,Yes,Yes,Yes,0,2020-02-01,2132
9987-LUTYD,2019-01-01,No,One_year,No,Mailed_check,55.15,742.9,Female,0,No,No,DSL,Yes,No,No,Yes,No,No,No,0,2020-02-01,396
3208-YPIOE,2016-10-01,2020-01-01 00:00:00,Month-to-month,No,Electronic_check,75.25,3017.65,Male,0,No,No,Fiber_optic,No,No,No,No,No,No,Yes,1,2020-01-01,1187
4488-KQFDT,2015-01-01,No,One_year,Yes,Electronic_check,103.95,6423.0,Female,0,No,No,Fiber_optic,No,Yes,Yes,No,Yes,Yes,Yes,0,2020-02-01,1857
2612-RANWT,2018-10-01,2019-10-01 00:00:00,Month-to-month,Yes,Bank_transfer_(automatic),100.15,1164.3,Female,0,No,No,Fiber_optic,No,No,Yes,No,Yes,Yes,Yes,1,2019-10-01,365
5693-PIPCS,2016-09-01,No,Two_year,Yes,Credit_card_(automatic),99.65,4220.35,Male,0,No,No,Fiber_optic,No,Yes,No,Yes,Yes,Yes,No,0,2020-02-01,1248
0491-KAPQG,2018-05-01,No,Month-to-month,Yes,Electronic_check,73.7,1558.7,Male,0,No,No,Fiber_optic,No,No,No,No,No,No,Yes,0,2020-02-01,641
1925-LFCZZ,2015-07-01,No,One_year,Yes,Bank_transfer_(automatic),50.05,2743.45,Male,1,No,No,DSL,No,No,Yes,No,Yes,Yes,No,0,2020-02-01,1676
8039-EQPIM,2014-05-01,No,Two_year,No,Bank_transfer_(automatic),60.25,4055.5,Male,0,Yes,No,DSL,Yes,No,Yes,Yes,Yes,Yes,No,0,2020-02-01,2102
6900-PXRMS,2017-08-01,2019-10-01 00:00:00,Month-to-month,No,Electronic_check,105.75,2710.25,Male,1,Yes,Yes,Fiber_optic,No,Yes,Yes,No,Yes,Yes,Yes,1,2019-10-01,791
8707-RMEZH,2014-05-01,No,One_year,No,Credit_card_(automatic),87.3,6055.55,Female,1,Yes,No,Fiber_optic,Yes,Yes,No,No,No,Yes,No,0,2020-02-01,2102
3346-BRMIS,2018-06-01,2019-12-01 00:00:00,Month-to-month,Yes,Electronic_check,48.35,810.7,Female,1,Yes,No,DSL,No,No,Yes,No,Yes,Yes,No,1,2019-12-01,548
3209-ZPKFI,2016-03-01,No,Month-to-month,No,Electronic_check,54.25,2538.2,Male,0,Yes,Yes,DSL,No,Yes,No,No,No,No,Yes,0,2020-02-01,1432
6479-VDGRK,2014-02-01,No,Two_year,No,Bank_transfer_(automatic),85.3,6129.2,Female,0,Yes,Yes,DSL,Yes,Yes,Yes,Yes,Yes,Yes,No,0,2020-02-01,2191
9373-WSLOY,2017-05-01,No,Month-to-month,Yes,Electronic_check,50.0,1750.85,Male,1,Yes,No,DSL,No,Yes,Yes,Yes,Yes,No,No,0,2020-02-01,1006
2933-FILNV,2019-11-01,2020-01-01 00:00:00,Month-to-month,Yes,Mailed_check,24.4,36.55,Female,0,Yes,Yes,DSL,No,No,No,No,No,No,No,1,2020-01-01,61
3569-JFODW,2014-02-01,No,Two_year,No,Credit_card_(automatic),90.95,6652.45,Female,0,Yes,Yes,DSL,Yes,Yes,Yes,Yes,Yes,Yes,Yes,0,2020-02-01,2191
9819-FBNSV,2017-01-01,No,Month-to-month,Yes,Bank_transfer_(automatic),72.25,2575.45,Male,1,Yes,No,Fiber_optic,No,No,No,No,No,No,No,0,2020-02-01,1126
9544-PYPSJ,2014-12-01,No,Month-to-month,Yes,Credit_card_(automatic),96.1,6019.35,Female,1,Yes,Yes,Fiber_optic,No,Yes,Yes,No,No,Yes,Yes,0,2020-02-01,1888
1591-XWLGB,2014-03-01,No,Two_year,No,Credit_card_(automatic),19.85,1379.6,Female,0,Yes,No,No,No,No,No,No,No,No,No,0,2020-02-01,2163
0396-UKGAI,2018-03-01,No,Month-to-month,Yes,Bank_transfer_(automatic),55.3,1284.2,Male,0,No,Yes,DSL,No,Yes,No,Yes,No,No,No,0,2020-02-01,702
3243-ZHOHY,2018-10-01,No,One_year,No,Mailed_check,20.1,296.15,Female,0,No,No,No,No,No,No,No,No,No,No,0,2020-02-01,488
5186-EJEGL,2019-05-01,No,Month-to-month,Yes,Mailed_check,69.5,653.25,Male,0,No,No,DSL,Yes,No,Yes,Yes,Yes,No,No,0,2020-02-01,276
7527-QNRUS,2018-09-01,No,Two_year,Yes,Mailed_check,25.15,412.6,Male,0,Yes,Yes,No,No,No,No,No,No,No,Yes,0,2020-02-01,518
9986-BONCE,2019-08-01,2019-12-01 00:00:00,Month-to-month,No,Bank_transfer_(automatic),20.95,85.5,Female,0,No,No,No,No,No,No,No,No,No,No,1,2019-12-01,122
2722-JMONI,2019-12-01,2020-01-01 00:00:00,Month-to-month,Yes,Electronic_check,49.55,49.55,Female,1,Yes,No,DSL,Yes,No,No,No,No,No,No,1,2020-01-01,31
2203-GHNWN,2018-02-01,No,Month-to-month,Yes,Mailed_check,79.65,1928.7,Female,0,Yes,No,Fiber_optic,No,No,Yes,No,No,No,Yes,0,2020-02-01,730
3878-AVSOQ,2020-01-01,No,Month-to-month,Yes,Electronic_check,71.25,71.25,Female,1,No,No,Fiber_optic,No,No,No,No,No,No,No,0,2020-02-01,31
3258-SYSWS,2014-02-01,No,Two_year,No,Bank_transfer_(automatic),113.8,7845.8,Male,1,No,No,Fiber_optic,Yes,Yes,Yes,Yes,Yes,Yes,Yes,0,2020-02-01,2191
5296-PSYVW,2014-02-01,No,Two_year,No,Electronic_check,24.55,1750.7,Female,0,Yes,No,No,No,No,No,No,No,No,Yes,0,2020-02-01,2191
6319-QSUSR,2019-03-01,No,Month-to-month,No,Credit_card_(automatic),19.7,216.2,Female,0,No,Yes,No,No,No,No,No,No,No,No,0,2020-02-01,337
4083-EUGRJ,2019-02-01,2019-11-01 00:00:00,Month-to-month,No,Mailed_check,20.25,178.5,Male,0,No,No,No,No,No,No,No,No,No,No,1,2019-11-01,273
7579-OOPEC,2019-08-01,2019-10-01 00:00:00,Month-to-month,No,Credit_card_(automatic),50.15,115.1,Female,1,Yes,No,DSL,No,Yes,No,No,No,No,No,1,2019-10-01,61
0512-FLFDW,2015-02-01,No,One_year,Yes,Credit_card_(automatic),100.5,6029.0,Female,1,Yes,No,Fiber_optic,No,No,Yes,No,Yes,Yes,Yes,0,2020-02-01,1826
1771-OADNZ,2017-06-01,2019-11-01 00:00:00,Month-to-month,Yes,Electronic_check,95.9,2745.2,Male,1,Yes,No,Fiber_optic,No,Yes,Yes,No,No,Yes,Yes,1,2019-11-01,883
0487-CRLZF,2016-01-01,No,Two_year,Yes,Bank_transfer_(automatic),74.45,3721.9,Female,0,No,No,DSL,No,No,Yes,Yes,Yes,Yes,No,0,2020-02-01,1492
2107-FBPTK,2017-08-01,No,Month-to-month,Yes,Electronic_check,104.1,3121.1,Female,1,No,No,Fiber_optic,No,Yes,Yes,No,Yes,Yes,Yes,0,2020-02-01,914
9451-WLYRI,2015-09-01,No,One_year,No,Credit_card_(automatic),19.05,990.45,Female,0,Yes,No,No,No,No,No,No,No,No,No,0,2020-02-01,1614
8219-VYBVI,2016-11-01,No,Two_year,No,Mailed_check,25.0,1004.35,Male,0,No,Yes,No,No,No,No,No,No,No,Yes,0,2020-02-01,1187
1991-VOPLL,2019-05-01,No,Month-to-month,No,Mailed_check,19.05,157.65,Female,0,No,No,No,No,No,No,No,No,No,No,0,2020-02-01,276
9738-QLWTP,2016-11-01,No,One_year,No,Electronic_check,81.9,3219.75,Male,0,No,No,Fiber_optic,No,No,Yes,Yes,No,No,No,0,2020-02-01,1187
1016-DJTSV,2019-06-01,No,Month-to-month,Yes,Electronic_check,69.7,572.85,Male,1,No,No,Fiber_optic,No,No,No,No,No,No,No,0,2020-02-01,245
9419-IPPBE,2015-11-01,No,One_year,Yes,Electronic_check,90.15,4554.85,Female,0,Yes,Yes,Fiber_optic,No,No,Yes,No,No,Yes,Yes,0,2020-02-01,1553
0174-QRVVY,2014-03-01,No,Two_year,No,Credit_card_(automatic),25.35,1847.55,Male,0,Yes,Yes,No,No,No,No,No,No,No,Yes,0,2020-02-01,2163
5699-BNCAS,2014-03-01,No,Two_year,Yes,Mailed_check,24.65,1766.75,Male,1,No,No,No,No,No,No,No,No,No,Yes,0,2020-02-01,2163
2900-PHPLN,2014-04-01,No,Two_year,Yes,Credit_card_(automatic),19.55,1462.05,Female,1,Yes,No,No,No,No,No,No,No,No,No,0,2020-02-01,2132
0612-RTZZA,2019-11-01,2019-12-01 00:00:00,Month-to-month,No,Electronic_check,25.25,25.25,Female,1,No,No,DSL,No,No,No,No,No,No,No,1,2019-12-01,30
8106-GWQOK,2016-12-01,No,Two_year,Yes,Bank_transfer_(automatic),60.0,2193.2,Male,0,Yes,No,DSL,Yes,Yes,No,Yes,Yes,Yes,No,0,2020-02-01,1157
8751-EDEKA,2017-10-01,No,Month-to-month,No,Credit_card_(automatic),89.9,2433.5,Female,0,Yes,No,Fiber_optic,No,Yes,Yes,No,No,Yes,No,0,2020-02-01,853
6878-GGDWG,2017-06-01,No,Month-to-month,No,Bank_transfer_(automatic),19.4,641.15,Female,0,Yes,No,No,No,No,No,No,No,No,No,0,2020-02-01,975
4039-PIMHX,2016-01-01,No,Two_year,No,Mailed_check,49.8,2398.4,Male,1,Yes,No,DSL,No,Yes,No,No,No,No,No,0,2020-02-01,1492
8450-LUGUK,2017-01-01,No,Two_year,Yes,Bank_transfer_(automatic),24.1,861.85,Female,0,Yes,Yes,No,No,No,No,No,No,No,Yes,0,2020-02-01,1126
3604-WLABM,2019-04-01,No,Month-to-month,No,Electronic_check,54.25,583.0,Female,0,No,No,DSL,No,No,Yes,Yes,No,No,No,0,2020-02-01,306
0795-GMVQO,2014-07-01,No,One_year,No,Credit_card_(automatic),109.9,7332.4,Male,0,Yes,No,Fiber_optic,Yes,Yes,Yes,No,Yes,Yes,Yes,0,2020-02-01,2041
2259-OUUSZ,2019-07-01,No,One_year,Yes,Credit_card_(automatic),35.5,249.55,Male,0,No,No,DSL,No,No,Yes,Yes,No,No,No,0,2020-02-01,215
1142-IHLOO,2015-11-01,No,One_year,No,Credit_card_(automatic),87.55,4475.9,Female,0,No,No,Fiber_optic,No,No,No,No,Yes,Yes,No,0,2020-02-01,1553
6410-LEFEN,2019-03-01,2019-12-01 00:00:00,Month-to-month,No,Electronic_check,45.15,416.45,Female,0,No,No,DSL,No,No,No,No,No,No,No,1,2019-12-01,275
4633-MKHYU,2019-05-01,No,Month-to-month,Yes,Mailed_check,88.4,788.6,Female,0,No,No,Fiber_optic,No,No,No,No,Yes,Yes,No,0,2020-02-01,276
6257-RJOHI,2019-10-01,No,Month-to-month,Yes,Mailed_check,50.8,202.3,Male,0,No,No,DSL,No,No,No,Yes,No,No,No,0,2020-02-01,123
1545-JFUML,2014-03-01,No,Two_year,Yes,Electronic_check,99.0,6994.6,Male,0,Yes,No,Fiber_optic,Yes,Yes,Yes,No,Yes,No,Yes,0,2020-02-01,2163
3194-ORPIK,2015-08-01,2019-10-01 00:00:00,Month-to-month,Yes,Bank_transfer_(automatic),84.4,4116.15,Female,0,Yes,Yes,Fiber_optic,No,No,No,No,Yes,No,Yes,1,2019-10-01,1522
7826-VVKWT,2018-02-01,No,Two_year,Yes,Electronic_check,96.55,2263.45,Female,1,Yes,Yes,Fiber_optic,No,No,Yes,No,Yes,Yes,No,0,2020-02-01,730
1353-GHZOS,2018-04-01,No,One_year,Yes,Bank_transfer_(automatic),59.75,1374.35,Male,0,Yes,No,DSL,Yes,No,No,No,Yes,No,No,0,2020-02-01,671
2587-EKXTS,2016-06-01,No,Month-to-month,Yes,Electronic_check,111.5,4915.15,Male,0,No,No,Fiber_optic,Yes,Yes,Yes,No,Yes,Yes,Yes,0,2020-02-01,1340
5442-BXVND,2017-05-01,No,Month-to-month,No,Bank_transfer_(automatic),24.25,838.5,Female,0,Yes,Yes,No,No,No,No,No,No,No,Yes,0,2020-02-01,1006
8816-VXNZD,2019-09-01,2019-10-01 00:00:00,Month-to-month,Yes,Electronic_check,75.1,75.1,Female,0,No,No,Fiber_optic,No,No,No,No,No,No,Yes,1,2019-10-01,30
9378-FXTIZ,2015-04-01,2019-10-01 00:00:00,One_year,Yes,Credit_card_(automatic),70.15,3715.65,Female,0,Yes,No,DSL,No,No,No,No,Yes,Yes,Yes,1,2019-10-01,1644
1723-HKXJQ,2016-07-01,2020-01-01 00:00:00,Month-to-month,Yes,Electronic_check,101.75,4273.45,Male,0,No,No,Fiber_optic,No,Yes,No,No,Yes,Yes,Yes,1,2020-01-01,1279
7825-GKXMW,2019-12-01,2020-01-01 00:00:00,Month-to-month,No,Electronic_check,45.8,45.8,Female,0,No,No,DSL,No,No,No,No,No,No,No,1,2020-01-01,31
9753-OYLBX,2020-01-01,No,Month-to-month,No,Mailed_check,20.5,20.5,Female,0,No,No,No,No,No,No,No,No,No,No,0,2020-02-01,31
2364-UFROM,2017-08-01,No,One_year,No,Electronic_check,70.4,2044.75,Male,0,No,No,DSL,Yes,Yes,No,Yes,Yes,No,No,0,2020-02-01,914
6656-JWRQX,2020-01-01,No,Month-to-month,No,Mailed_check,30.55,30.55,Female,0,No,No,DSL,No,No,No,Yes,No,No,No,0,2020-02-01,31
6473-ULUHT,2018-10-01,No,Month-to-month,No,Electronic_check,84.9,1398.25,Male,0,Yes,Yes,DSL,Yes,Yes,No,Yes,Yes,Yes,Yes,0,2020-02-01,488
1240-KNSEZ,2019-10-01,2019-11-01 00:00:00,Month-to-month,Yes,Mailed_check,20.1,20.1,Male,0,No,No,No,No,No,No,No,No,No,No,1,2019-11-01,31
0836-SEYLU,2019-04-01,2020-01-01 00:00:00,Month-to-month,No,Mailed_check,40.65,328.95,Male,0,Yes,No,DSL,No,No,No,Yes,Yes,No,No,1,2020-01-01,275
4433-JCGCG,2016-02-01,2019-12-01 00:00:00,Month-to-month,Yes,Electronic_check,101.0,4680.05,Male,1,Yes,No,Fiber_optic,No,No,Yes,No,Yes,Yes,Yes,1,2019-12-01,1399
3716-BDVDB,2019-12-01,2020-01-01 00:00:00,Month-to-month,Yes,Electronic_check,69.1,69.1,Male,0,No,No,Fiber_optic,No,No,No,No,No,No,No,1,2020-01-01,31
7688-AWMDX,2014-03-01,No,Two_year,No,Bank_transfer_(automatic),54.5,3778.2,Male,0,Yes,No,DSL,Yes,No,No,Yes,No,No,No,0,2020-02-01,2163
2842-BCQGE,2016-07-01,No,Month-to-month,Yes,Credit_card_(automatic),75.35,3161.4,Male,0,No,No,Fiber_optic,No,No,No,No,No,No,Yes,0,2020-02-01,1310
7244-QWYHG,2015-12-01,No,One_year,Yes,Bank_transfer_(automatic),44.45,2188.45,Male,0,Yes,No,DSL,Yes,No,No,Yes,Yes,No,No,0,2020-02-01,1523
5899-MQZZL,2018-12-01,2020-01-01 00:00:00,Month-to-month,Yes,Mailed_check,75.0,999.45,Female,0,No,No,Fiber_optic,No,No,No,No,No,No,Yes,1,2020-01-01,396
6849-OYAMU,2018-03-01,2019-10-01 00:00:00,One_year,No,Bank_transfer_(automatic),100.0,1888.65,Male,0,Yes,Yes,Fiber_optic,No,Yes,No,Yes,Yes,Yes,No,1,2019-10-01,579
5312-UXESG,2016-09-01,No,Month-to-month,No,Bank_transfer_(automatic),98.05,3990.6,Female,0,No,No,Fiber_optic,No,No,Yes,No,Yes,Yes,Yes,0,2020-02-01,1248
9488-HGMJH,2019-09-01,2019-10-01 00:00:00,Month-to-month,Yes,Electronic_check,71.15,71.15,Female,1,No,No,Fiber_optic,No,No,No,No,No,No,No,1,2019-10-01,30
6038-GCYEC,2017-10-01,2019-10-01 00:00:00,Month-to-month,Yes,Credit_card_(automatic),54.15,1240.25,Female,0,No,No,DSL,No,Yes,Yes,No,Yes,Yes,No,1,2019-10-01,730
2150-WLKUW,2016-10-01,No,One_year,No,Bank_transfer_(automatic),63.9,2635.0,Female,0,Yes,No,DSL,No,Yes,No,No,Yes,No,Yes,0,2020-02-01,1218
7159-FVYPK,2019-11-01,No,Month-to-month,Yes,Bank_transfer_(automatic),69.15,235.0,Female,0,Yes,Yes,DSL,No,Yes,Yes,No,Yes,No,Yes,0,2020-02-01,92
7032-LMBHI,2017-01-01,No,One_year,No,Bank_transfer_(automatic),64.65,2347.85,Female,0,No,No,DSL,Yes,No,No,No,Yes,No,Yes,0,2020-02-01,1126
1150-WFARN,2014-05-01,2019-12-01 00:00:00,Two_year,Yes,Credit_card_(automatic),108.75,7156.2,Female,0,Yes,Yes,Fiber_optic,Yes,No,Yes,Yes,Yes,Yes,Yes,1,2019-12-01,2040
6088-BXMRG,2017-06-01,No,Month-to-month,Yes,Electronic_check,98.85,3089.6,Female,0,Yes,Yes,Fiber_optic,No,Yes,No,No,Yes,Yes,Yes,0,2020-02-01,975
3144-AUDBS,2019-06-01,2019-12-01 00:00:00,Month-to-month,Yes,Electronic_check,49.15,270.8,Female,0,Yes,No,DSL,No,No,No,Yes,No,No,No,1,2019-12-01,183
4821-SJHJV,2017-06-01,No,Month-to-month,No,Electronic_check,89.6,2901.8,Female,0,Yes,Yes,Fiber_optic,Yes,No,No,No,Yes,No,Yes,0,2020-02-01,975
7346-MEDWM,2015-03-01,No,Month-to-month,Yes,Electronic_check,83.25,4949.1,Female,0,No,No,Fiber_optic,No,Yes,Yes,No,No,No,Yes,0,2020-02-01,1798
1137-DGOWI,2017-08-01,No,One_year,No,Bank_transfer_(automatic),70.25,2198.9,Female,0,Yes,No,DSL,No,Yes,Yes,Yes,No,Yes,No,0,2020-02-01,914
5616-PRTNT,2018-03-01,2019-11-01 00:00:00,Month-to-month,Yes,Electronic_check,19.4,374.5,Male,0,No,Yes,No,No,No,No,No,No,No,No,1,2019-11-01,610
3812-LRZIR,2017-11-01,No,Two_year,No,Electronic_check,24.5,761.95,Female,0,Yes,Yes,No,No,No,No,No,No,No,Yes,0,2020-02-01,822
4818-QIUFN,2018-02-01,2019-10-01 00:00:00,Month-to-month,Yes,Electronic_check,79.15,1520.9,Female,1,No,No,Fiber_optic,Yes,No,No,No,No,No,Yes,1,2019-10-01,607
9483-GCPWE,2019-05-01,No,One_year,No,Mailed_check,20.1,190.25,Male,0,No,Yes,No,No,No,No,No,No,No,No,0,2020-02-01,276
4227-OJHAL,2014-06-01,No,One_year,Yes,Credit_card_(automatic),73.0,5163.0,Female,0,Yes,Yes,DSL,Yes,Yes,Yes,No,Yes,No,Yes,0,2020-02-01,2071
9220-CXRSC,2014-05-01,No,Two_year,No,Credit_card_(automatic),61.4,4059.85,Female,0,Yes,Yes,DSL,Yes,No,No,Yes,No,No,Yes,0,2020-02-01,2102
4993-JCRGJ,2017-12-01,No,Month-to-month,Yes,Mailed_check,84.3,2281.6,Male,0,No,No,Fiber_optic,No,No,Yes,Yes,No,No,Yes,0,2020-02-01,792
9537-JALFH,2014-05-01,No,Two_year,No,Bank_transfer_(automatic),19.9,1356.7,Male,0,Yes,Yes,No,No,No,No,No,No,No,No,0,2020-02-01,2102
6698-OXETB,2019-03-01,No,Two_year,No,Mailed_check,20.4,231.45,Male,0,No,No,No,No,No,No,No,No,No,No,0,2020-02-01,337
2103-ZRXFN,2020-01-01,No,Month-to-month,No,Mailed_check,50.75,50.75,Male,0,No,No,DSL,No,No,No,No,No,No,Yes,0,2020-02-01,31
3724-BSCVH,2019-04-01,No,One_year,No,Mailed_check,20.45,242.4,Male,0,Yes,Yes,No,No,No,No,No,No,No,No,0,2020-02-01,306
4877-TSOFF,2015-07-01,No,One_year,Yes,Bank_transfer_(automatic),75.75,4264.25,Female,0,Yes,Yes,DSL,Yes,Yes,No,Yes,No,Yes,Yes,0,2020-02-01,1676
9209-NWPGU,2016-06-01,No,One_year,No,Electronic_check,65.4,2774.55,Male,0,No,No,DSL,Yes,No,No,Yes,Yes,No,No,0,2020-02-01,1340
6961-VCPMC,2016-03-01,2020-01-01 00:00:00,Month-to-month,Yes,Electronic_check,80.4,3605.2,Male,1,Yes,No,Fiber_optic,No,No,No,No,No,Yes,No,1,2020-01-01,1401
7306-YDSOI,2014-05-01,No,Two_year,Yes,Bank_transfer_(automatic),59.75,4069.9,Male,0,Yes,Yes,DSL,Yes,Yes,Yes,No,No,No,No,0,2020-02-01,2102
5288-AHOUP,2019-03-01,No,Month-to-month,Yes,Electronic_check,78.5,874.2,Male,1,No,No,Fiber_optic,No,No,No,No,No,Yes,No,0,2020-02-01,337
6688-UZPWD,2018-11-01,2019-10-01 00:00:00,Month-to-month,Yes,Electronic_check,102.0,1145.35,Female,0,Yes,No,Fiber_optic,No,Yes,No,No,Yes,Yes,Yes,1,2019-10-01,334
0655-YDGFJ,2017-09-01,No,Month-to-month,No,Bank_transfer_(automatic),48.95,1323.7,Male,0,No,No,DSL,No,No,Yes,No,No,No,No,0,2020-02-01,883
8468-EHYJA,2015-05-01,No,Month-to-month,Yes,Electronic_check,99.65,5497.05,Female,0,Yes,No,Fiber_optic,Yes,No,No,No,Yes,Yes,Yes,0,2020-02-01,1737
6823-SIDFQ,2017-10-01,No,One_year,No,Credit_card_(automatic),18.25,534.7,Male,0,No,No,No,No,No,No,No,No,No,No,0,2020-02-01,853
1097-FSPVW,2016-08-01,No,Month-to-month,No,Credit_card_(automatic),54.55,2455.05,Female,0,No,No,DSL,Yes,No,Yes,No,No,No,No,0,2020-02-01,1279
2839-RFSQE,2019-11-01,2020-01-01 00:00:00,Month-to-month,No,Mailed_check,20.65,38.7,Female,0,No,No,No,No,No,No,No,No,No,No,1,2020-01-01,61
8328-SKJNO,2018-03-01,No,One_year,No,Bank_transfer_(automatic),40.65,947.4,Male,0,No,Yes,DSL,Yes,Yes,No,Yes,No,No,No,0,2020-02-01,702
7010-ZMVBF,2018-08-01,No,Month-to-month,No,Mailed_check,20.45,357.0,Female,0,Yes,Yes,No,No,No,No,No,No,No,No,0,2020-02-01,549
5201-CBWYG,2014-12-01,No,One_year,No,Bank_transfer_(automatic),24.8,1476.25,Male,0,Yes,Yes,No,No,No,No,No,No,No,Yes,0,2020-02-01,1888
0968-GSIKN,2019-10-01,2019-11-01 00:00:00,Month-to-month,Yes,Mailed_check,70.8,70.8,Female,0,No,No,Fiber_optic,No,No,No,No,No,No,No,1,2019-11-01,31
1965-DDBWU,2018-08-01,2019-12-01 00:00:00,Month-to-month,Yes,Credit_card_(automatic),89.05,1448.6,Male,0,No,No,Fiber_optic,No,No,No,Yes,No,Yes,Yes,1,2019-12-01,487
9057-SIHCH,2019-07-01,2019-10-01 00:00:00,Month-to-month,Yes,Electronic_check,96.6,291.9,Female,0,No,No,Fiber_optic,No,No,No,No,Yes,Yes,Yes,1,2019-10-01,92
6352-GIGGQ,2014-07-01,No,One_year,Yes,Bank_transfer_(automatic),88.8,5903.15,Male,0,No,No,DSL,Yes,Yes,Yes,Yes,Yes,Yes,Yes,0,2020-02-01,2041
3635-QQRQD,2014-12-01,No,Two_year,Yes,Credit_card_(automatic),20.05,1201.65,Male,0,No,No,No,No,No,No,No,No,No,No,0,2020-02-01,1888
6771-XWBDM,2015-04-01,2020-01-01 00:00:00,Month-to-month,Yes,Credit_card_(automatic),104.5,5921.35,Female,0,Yes,No,Fiber_optic,No,Yes,Yes,No,Yes,Yes,Yes,1,2020-01-01,1736
2897-DOVND,2019-12-01,No,Month-to-month,Yes,Electronic_check,69.8,146.65,Male,0,No,No,Fiber_optic,No,No,No,No,No,No,No,0,2020-02-01,62
3082-YVEKW,2018-03-01,No,Two_year,Yes,Bank_transfer_(automatic),77.15,1759.4,Female,0,Yes,Yes,DSL,Yes,No,Yes,Yes,Yes,No,Yes,0,2020-02-01,702
0191-EQUUH,2018-01-01,No,Two_year,No,Bank_transfer_(automatic),35.05,844.45,Female,0,No,Yes,DSL,Yes,No,No,Yes,No,No,No,0,2020-02-01,761
7134-HBPBS,2014-02-01,No,Two_year,Yes,Bank_transfer_(automatic),108.1,7774.05,Female,1,No,No,Fiber_optic,No,Yes,Yes,Yes,Yes,Yes,Yes,0,2020-02-01,2191
3489-HHPFY,2019-12-01,No,Month-to-month,Yes,Electronic_check,84.05,134.05,Female,0,Yes,No,Fiber_optic,No,No,No,No,Yes,No,Yes,0,2020-02-01,62
2926-JEJJC,2019-06-01,No,One_year,Yes,Bank_transfer_(automatic),20.2,140.95,Female,0,No,No,No,No,No,No,No,No,No,No,0,2020-02-01,245
8601-QACRS,2019-07-01,2019-12-01 00:00:00,Month-to-month,Yes,Mailed_check,50.6,249.95,Female,0,No,No,DSL,No,No,No,No,No,No,Yes,1,2019-12-01,153
4950-BDEUX,2017-03-01,No,Month-to-month,No,Electronic_check,49.2,1701.65,Male,0,No,No,DSL,No,No,Yes,No,Yes,Yes,No,0,2020-02-01,1067
5789-LDFXO,2018-02-01,No,One_year,No,Electronic_check,24.6,592.65,Male,0,No,No,No,No,No,No,No,No,No,Yes,0,2020-02-01,730
0508-OOLTO,2019-12-01,No,Month-to-month,Yes,Electronic_check,71.65,135.75,Female,0,Yes,Yes,Fiber_optic,No,No,No,No,No,No,No,0,2020-02-01,62
2984-TBYKU,2014-02-01,No,Two_year,Yes,Credit_card_(automatic),104.9,7732.65,Male,0,Yes,Yes,Fiber_optic,Yes,Yes,Yes,Yes,No,Yes,Yes,0,2020-02-01,2191
9822-WMWVG,2016-09-01,No,Month-to-month,Yes,Electronic_check,106.5,4282.4,Female,0,No,No,Fiber_optic,Yes,Yes,Yes,Yes,Yes,No,Yes,0,2020-02-01,1248
2391-SOORI,2019-09-01,2020-01-01 00:00:00,Month-to-month,No,Electronic_check,49.35,219.65,Male,0,No,Yes,DSL,Yes,No,No,No,No,No,No,1,2020-01-01,122
9040-KZVWO,2017-12-01,No,One_year,No,Bank_transfer_(automatic),75.5,2018.1,Male,0,No,No,Fiber_optic,No,Yes,No,No,No,No,No,0,2020-02-01,792
2645-QTLMB,2019-04-01,2019-11-01 00:00:00,Month-to-month,Yes,Electronic_check,94.25,669.0,Male,0,No,No,Fiber_optic,No,Yes,No,No,Yes,Yes,No,1,2019-11-01,214
4806-HIPDW,2019-10-01,2019-11-01 00:00:00,Month-to-month,Yes,Electronic_check,68.95,68.95,Female,0,Yes,No,Fiber_optic,No,No,No,No,No,No,No,1,2019-11-01,31
1548-ARAGG,2019-10-01,No,Month-to-month,Yes,Mailed_check,58.5,224.85,Female,0,Yes,Yes,DSL,No,Yes,No,Yes,No,No,Yes,0,2020-02-01,123
6339-RZCBJ,2016-02-01,No,Two_year,No,Credit_card_(automatic),78.9,3771.5,Male,0,No,No,DSL,No,Yes,Yes,Yes,Yes,Yes,No,0,2020-02-01,1461
4424-TKOPW,2019-10-01,2019-12-01 00:00:00,Month-to-month,Yes,Electronic_check,93.85,196.75,Male,1,No,No,Fiber_optic,No,No,No,No,Yes,Yes,Yes,1,2019-12-01,61
4415-WNGVR,2019-02-01,No,One_year,Yes,Electronic_check,79.2,943.85,Female,1,Yes,No,DSL,Yes,No,Yes,Yes,Yes,Yes,No,0,2020-02-01,365
2522-AHJXR,2015-02-01,No,Month-to-month,Yes,Bank_transfer_(automatic),109.45,6572.85,Male,0,Yes,No,Fiber_optic,Yes,No,Yes,Yes,Yes,Yes,Yes,0,2020-02-01,1826
0412-UCCNP,2015-07-01,No,Two_year,Yes,Electronic_check,59.2,3175.85,Male,0,No,No,DSL,Yes,No,Yes,Yes,No,No,No,0,2020-02-01,1676
1816-FLZDK,2020-01-01,No,Month-to-month,No,Mailed_check,29.15,29.15,Male,0,No,No,DSL,No,No,No,Yes,No,No,No,0,2020-02-01,31
7096-UCLNH,2020-01-01,No,Month-to-month,No,Mailed_check,20.05,20.05,Male,0,No,No,No,No,No,No,No,No,No,No,0,2020-02-01,31
8443-ZRDBZ,2019-09-01,2020-01-01 00:00:00,Month-to-month,Yes,Electronic_check,76.05,318.9,Male,0,No,No,Fiber_optic,No,No,No,No,No,No,Yes,1,2020-01-01,122
9136-ALYBR,2019-09-01,2019-10-01 00:00:00,Month-to-month,Yes,Mailed_check,24.45,24.45,Male,0,No,No,DSL,No,No,No,No,No,No,No,1,2019-10-01,30
4615-PIVVU,2016-08-01,No,Two_year,No,Credit_card_(automatic),66.5,2762.75,Female,0,No,No,DSL,No,No,Yes,Yes,No,Yes,No,0,2020-02-01,1279
8885-QSQBX,2020-01-01,No,Month-to-month,No,Bank_transfer_(automatic),49.55,49.55,Female,0,No,No,DSL,Yes,No,No,No,No,No,No,0,2020-02-01,31
7479-NITWS,2019-06-01,2020-01-01 00:00:00,Month-to-month,Yes,Credit_card_(automatic),89.35,631.85,Male,0,No,No,Fiber_optic,No,No,Yes,No,Yes,No,Yes,1,2020-01-01,214
8617-ENBDS,2019-11-01,No,Month-to-month,Yes,Credit_card_(automatic),73.6,232.5,Male,0,No,No,Fiber_optic,No,No,Yes,No,No,No,No,0,2020-02-01,92
9385-NXKDA,2014-02-01,No,Two_year,Yes,Credit_card_(automatic),82.65,5919.35,Female,0,Yes,No,DSL,Yes,Yes,Yes,No,Yes,Yes,Yes,0,2020-02-01,2191
0430-IHCDJ,2018-11-01,No,Month-to-month,Yes,Electronic_check,49.0,749.25,Male,0,No,No,DSL,No,No,No,No,No,No,Yes,0,2020-02-01,457
2959-MJHIC,2019-06-01,2019-10-01 00:00:00,Month-to-month,Yes,Electronic_check,80.35,307.4,Male,0,Yes,No,Fiber_optic,No,No,No,No,Yes,No,No,1,2019-10-01,122
6674-KVJHG,2019-03-01,No,One_year,No,Electronic_check,25.2,245.15,Female,0,No,No,No,No,No,No,No,No,No,Yes,0,2020-02-01,337
1814-DKOLC,2019-09-01,No,Month-to-month,No,Mailed_check,25.45,134.75,Female,0,No,No,No,No,No,No,No,No,No,Yes,0,2020-02-01,153
4201-JMNGR,2019-11-01,2019-12-01 00:00:00,Month-to-month,Yes,Electronic_check,55.8,55.8,Female,1,No,No,DSL,Yes,No,Yes,No,No,No,No,1,2019-12-01,30
9351-HXDMR,2014-02-01,No,Two_year,Yes,Credit_card_(automatic),110.9,8240.85,Male,0,Yes,No,Fiber_optic,Yes,No,Yes,Yes,Yes,Yes,Yes,0,2020-02-01,2191
3537-HPKQT,2015-07-01,No,Month-to-month,Yes,Credit_card_(automatic),77.75,4266.4,Female,0,Yes,No,Fiber_optic,No,Yes,No,No,No,No,Yes,0,2020-02-01,1676
2129-ALKBS,2016-10-01,No,Month-to-month,Yes,Electronic_check,26.2,1077.5,Female,0,Yes,Yes,No,No,No,No,No,No,No,Yes,0,2020-02-01,1218
5821-MMEIL,2015-05-01,No,Two_year,No,Bank_transfer_(automatic),19.9,1115.6,Female,0,Yes,No,No,No,No,No,No,No,No,No,0,2020-02-01,1737
5960-WPXQM,2019-10-01,2019-11-01 00:00:00,Month-to-month,Yes,Electronic_check,79.05,79.05,Male,0,No,No,Fiber_optic,No,No,No,No,Yes,No,No,1,2019-11-01,31
0684-AOSIH,2019-09-01,2019-10-01 00:00:00,Month-to-month,Yes,Electronic_check,95.0,95.0,Male,0,Yes,No,Fiber_optic,Yes,No,No,No,Yes,Yes,No,1,2019-10-01,30
8260-NGFNY,2019-09-01,2019-10-01 00:00:00,Month-to-month,No,Mailed_check,25.2,25.2,Female,0,No,No,DSL,No,No,No,No,No,No,No,1,2019-10-01,30
1309-XGFSN,2015-10-01,No,One_year,Yes,Electronic_check,80.85,4079.55,Male,1,Yes,Yes,DSL,No,Yes,Yes,No,Yes,Yes,Yes,0,2020-02-01,1584
1866-RZZQS,2016-08-01,2020-01-01 00:00:00,Month-to-month,Yes,Electronic_check,98.4,4187.75,Male,1,No,No,Fiber_optic,No,No,Yes,No,Yes,Yes,Yes,1,2020-01-01,1248
6968-URWQU,2016-07-01,No,One_year,Yes,Mailed_check,56.35,2391.15,Male,0,Yes,No,DSL,No,No,No,No,Yes,No,No,0,2020-02-01,1310
4742-TXUEX,2016-03-01,No,Two_year,No,Bank_transfer_(automatic),19.3,890.5,Female,0,Yes,Yes,No,No,No,No,No,No,No,No,0,2020-02-01,1432
9631-XEYKE,2019-11-01,No,Month-to-month,No,Bank_transfer_(automatic),50.4,137.25,Male,0,No,No,DSL,No,No,No,No,No,No,Yes,0,2020-02-01,92
8631-NBHFZ,2014-06-01,2019-12-01 00:00:00,Two_year,No,Credit_card_(automatic),79.4,5154.6,Male,1,Yes,Yes,DSL,Yes,Yes,Yes,Yes,Yes,No,Yes,1,2019-12-01,2009
1335-MXCSE,2015-07-01,No,Two_year,Yes,Credit_card_(automatic),55.25,3119.9,Male,0,Yes,Yes,DSL,No,No,Yes,Yes,No,No,No,0,2020-02-01,1676
8873-TMKGR,2017-09-01,No,One_year,No,Mailed_check,19.1,529.5,Male,0,No,No,No,No,No,No,No,No,No,No,0,2020-02-01,883
8800-JOOCF,2019-02-01,No,Month-to-month,Yes,Electronic_check,84.05,966.55,Female,0,No,Yes,Fiber_optic,No,No,No,No,Yes,No,Yes,0,2020-02-01,365
1469-LBJQJ,2014-08-01,No,Month-to-month,Yes,Electronic_check,105.2,6936.85,Female,0,Yes,No,Fiber_optic,No,Yes,Yes,No,Yes,Yes,Yes,0,2020-02-01,2010
4958-XCBDQ,2016-11-01,2019-10-01 00:00:00,Month-to-month,Yes,Electronic_check,101.4,3496.3,Male,1,No,No,Fiber_optic,No,No,Yes,No,Yes,Yes,Yes,1,2019-10-01,1064
8337-UPOAQ,2019-03-01,2020-01-01 00:00:00,Month-to-month,Yes,Electronic_check,89.8,914.3,Male,1,Yes,No,Fiber_optic,No,No,Yes,No,No,Yes,Yes,1,2020-01-01,306
0064-YIJGF,2017-11-01,No,Month-to-month,Yes,Bank_transfer_(automatic),75.75,1929.0,Male,0,Yes,Yes,Fiber_optic,No,No,No,No,No,No,Yes,0,2020-02-01,822
2386-OWURY,2015-04-01,No,Month-to-month,Yes,Electronic_check,95.3,5817.7,Female,0,No,No,Fiber_optic,No,No,No,Yes,Yes,Yes,No,0,2020-02-01,1767
1725-IQNIY,2015-04-01,2019-10-01 00:00:00,Two_year,No,Bank_transfer_(automatic),109.75,6110.2,Male,0,Yes,No,Fiber_optic,Yes,Yes,Yes,Yes,Yes,Yes,No,1,2019-10-01,1644
0310-VQXAM,2019-05-01,No,Month-to-month,No,Mailed_check,19.85,178.8,Male,0,No,No,No,No,No,No,No,No,No,No,0,2020-02-01,276
6598-RFFVI,2019-09-01,2019-11-01 00:00:00,One_year,No,Credit_card_(automatic),19.3,28.3,Male,0,No,No,No,No,No,No,No,No,No,No,1,2019-11-01,61
3453-RTHJQ,2019-08-01,No,Month-to-month,Yes,Electronic_check,69.1,435.0,Male,0,No,No,Fiber_optic,No,No,No,No,No,No,No,0,2020-02-01,184
6712-OAWRH,2017-09-01,2019-11-01 00:00:00,Month-to-month,Yes,Electronic_check,91.25,2351.8,Female,1,No,No,Fiber_optic,No,No,No,No,Yes,Yes,No,1,2019-11-01,791
6278-FEPBZ,2019-05-01,No,Month-to-month,No,Mailed_check,20.25,186.15,Female,0,No,No,No,No,No,No,No,No,No,No,0,2020-02-01,276
4280-DLSHD,2019-06-01,No,Month-to-month,Yes,Mailed_check,54.75,445.85,Male,0,Yes,No,DSL,No,Yes,Yes,No,No,No,No,0,2020-02-01,245
1508-DFXCU,2019-02-01,No,Month-to-month,Yes,Electronic_check,81.45,912.0,Male,0,No,No,Fiber_optic,No,No,No,No,Yes,No,No,0,2020-02-01,365
8614-VGMMV,2018-10-01,2020-01-01 00:00:00,Month-to-month,Yes,Electronic_check,49.1,679.55,Female,0,No,No,DSL,No,No,No,No,No,No,Yes,1,2020-01-01,457
7868-BGSZA,2016-07-01,No,One_year,Yes,Electronic_check,80.2,3581.6,Male,0,Yes,No,DSL,Yes,No,Yes,No,Yes,Yes,Yes,0,2020-02-01,1310
2800-QQUSO,2016-08-01,No,Month-to-month,Yes,Electronic_check,100.3,4222.95,Male,0,No,No,Fiber_optic,No,No,No,Yes,Yes,Yes,Yes,0,2020-02-01,1279
2930-UOTMB,2017-03-01,2019-10-01 00:00:00,Month-to-month,No,Credit_card_(automatic),65.25,1994.3,Female,0,No,No,DSL,Yes,No,Yes,Yes,No,No,Yes,1,2019-10-01,944
7973-DZRKH,2014-08-01,No,Two_year,Yes,Credit_card_(automatic),90.95,5930.05,Female,0,No,Yes,Fiber_optic,Yes,No,Yes,Yes,No,No,Yes,0,2020-02-01,2010
5914-DVBWJ,2018-05-01,2019-11-01 00:00:00,Month-to-month,Yes,Electronic_check,85.45,1505.85,Female,1,No,No,Fiber_optic,No,Yes,No,Yes,No,No,Yes,1,2019-11-01,549
7698-YFGEZ,2020-01-01,No,Month-to-month,No,Mailed_check,20.0,20.0,Male,0,No,No,No,No,No,No,No,No,No,No,0,2020-02-01,31
2533-QVMSK,2014-10-01,2019-11-01 00:00:00,Two_year,Yes,Electronic_check,94.1,5638.3,Male,0,Yes,No,Fiber_optic,No,Yes,No,Yes,Yes,No,Yes,1,2019-11-01,1857
9773-PEQBZ,2019-04-01,No,Month-to-month,No,Electronic_check,79.85,797.25,Male,0,No,No,Fiber_optic,No,Yes,No,No,No,No,Yes,0,2020-02-01,306
8644-XLFBW,2019-12-01,2020-01-01 00:00:00,Month-to-month,Yes,Electronic_check,71.65,71.65,Male,1,No,No,Fiber_optic,No,No,No,No,No,No,No,1,2020-01-01,31
0650-BWOZN,2018-08-01,No,Month-to-month,Yes,Electronic_check,73.55,1359.45,Female,1,No,No,Fiber_optic,No,Yes,No,No,No,No,No,0,2020-02-01,549
8625-AZYZY,2017-11-01,2019-11-01 00:00:00,Month-to-month,Yes,Electronic_check,104.65,2542.45,Male,0,Yes,No,Fiber_optic,No,Yes,Yes,No,Yes,Yes,Yes,1,2019-11-01,730
7785-RDVIG,2019-11-01,No,Month-to-month,No,Mailed_check,19.3,54.7,Female,0,Yes,Yes,No,No,No,No,No,No,No,No,0,2020-02-01,92
9602-WCXPI,2015-12-01,No,One_year,No,Credit_card_(automatic),20.15,989.05,Male,0,No,No,No,No,No,No,No,No,No,No,0,2020-02-01,1523
2903-YYTBW,2020-01-01,No,Month-to-month,No,Electronic_check,44.55,44.55,Male,0,Yes,Yes,DSL,No,No,No,No,No,No,No,0,2020-02-01,31
3620-MWJNE,2019-12-01,No,Month-to-month,Yes,Mailed_check,54.45,87.3,Male,0,No,No,DSL,Yes,No,No,Yes,No,No,No,0,2020-02-01,62
8573-JGCZW,2018-09-01,No,One_year,Yes,Bank_transfer_(automatic),19.65,351.55,Male,0,No,No,No,No,No,No,No,No,No,No,0,2020-02-01,518
6837-HAEVO,2014-05-01,No,Two_year,Yes,Electronic_check,105.0,7297.75,Male,0,Yes,Yes,Fiber_optic,No,Yes,Yes,No,Yes,Yes,Yes,0,2020-02-01,2102
6701-YVNQG,2014-02-01,No,Two_year,Yes,Credit_card_(automatic),88.7,6301.7,Male,0,Yes,No,DSL,Yes,Yes,Yes,Yes,Yes,Yes,Yes,0,2020-02-01,2191
9306-CPCBC,2019-09-01,2019-12-01 00:00:00,Month-to-month,Yes,Electronic_check,74.25,210.3,Female,0,No,No,Fiber_optic,No,No,No,No,No,No,Yes,1,2019-12-01,91
4304-XUMGI,2015-12-01,No,Two_year,Yes,Bank_transfer_(automatic),75.15,3822.45,Male,1,Yes,Yes,DSL,Yes,Yes,Yes,No,No,Yes,Yes,0,2020-02-01,1523
9504-YAZWB,2015-09-01,No,Two_year,No,Mailed_check,20.25,1048.45,Female,0,No,No,No,No,No,No,No,No,No,No,0,2020-02-01,1614
8819-ZBYNA,2015-04-01,No,Two_year,Yes,Credit_card_(automatic),109.1,6393.65,Female,0,Yes,No,Fiber_optic,Yes,Yes,No,Yes,Yes,Yes,Yes,0,2020-02-01,1767
6174-NRBTZ,2016-04-01,No,One_year,Yes,Bank_transfer_(automatic),30.75,1489.3,Male,0,No,No,DSL,Yes,No,No,No,No,No,No,0,2020-02-01,1401
9481-IEBZY,2014-02-01,No,Month-to-month,Yes,Credit_card_(automatic),112.9,8061.5,Male,1,Yes,No,Fiber_optic,Yes,Yes,Yes,Yes,Yes,Yes,Yes,0,2020-02-01,2191
1833-VGRUM,2019-09-01,2019-10-01 00:00:00,Month-to-month,Yes,Electronic_check,74.2,74.2,Female,1,No,No,Fiber_optic,No,No,No,No,No,No,Yes,1,2019-10-01,30
6137-NICCO,2019-08-01,No,Month-to-month,Yes,Mailed_check,94.05,518.75,Female,0,Yes,Yes,Fiber_optic,No,Yes,Yes,No,Yes,No,Yes,0,2020-02-01,184
9065-ZCPQX,2014-02-01,No,Two_year,No,Bank_transfer_(automatic),78.85,5763.15,Male,0,Yes,No,DSL,Yes,Yes,Yes,Yes,No,Yes,Yes,0,2020-02-01,2191
6402-EJMWF,2019-10-01,No,Month-to-month,Yes,Mailed_check,55.3,238.5,Male,0,No,No,DSL,No,No,No,No,No,Yes,No,0,2020-02-01,123
3620-EHIMZ,2015-10-01,No,Two_year,No,Mailed_check,19.35,1031.7,Female,0,Yes,Yes,No,No,No,No,No,No,No,No,0,2020-02-01,1584
3213-VVOLG,2020-02-01,No,Two_year,No,Mailed_check,25.35,0.0,Male,0,Yes,Yes,No,No,No,No,No,No,No,Yes,0,2020-02-01,0
6870-ECSHE,2019-12-01,No,One_year,No,Mailed_check,20.45,34.8,Female,0,No,No,No,No,No,No,No,No,No,No,0,2020-02-01,62
8747-UDCOI,2014-09-01,No,Two_year,No,Bank_transfer_(automatic),19.35,1319.95,Female,0,Yes,No,No,No,No,No,No,No,No,No,0,2020-02-01,1979
8374-XGEJJ,2016-06-01,2020-01-01 00:00:00,Month-to-month,Yes,Electronic_check,101.0,4388.4,Male,1,Yes,No,Fiber_optic,No,Yes,No,No,Yes,Yes,Yes,1,2020-01-01,1309
2656-TABEH,2019-07-01,2019-11-01 00:00:00,Month-to-month,Yes,Electronic_check,100.2,420.2,Male,0,Yes,No,Fiber_optic,No,Yes,No,No,Yes,Yes,Yes,1,2019-11-01,123
6946-LMSQS,2017-12-01,2020-01-01 00:00:00,One_year,Yes,Electronic_check,89.05,2177.45,Male,1,Yes,No,Fiber_optic,Yes,No,No,No,No,Yes,Yes,1,2020-01-01,761
4626-OZDTJ,2015-11-01,No,One_year,Yes,Credit_card_(automatic),78.65,3950.85,Female,0,Yes,No,DSL,No,Yes,No,Yes,Yes,Yes,Yes,0,2020-02-01,1553
9169-BSVIN,2019-02-01,No,Month-to-month,No,Bank_transfer_(automatic),74.75,827.05,Male,0,No,No,DSL,No,No,Yes,No,Yes,Yes,Yes,0,2020-02-01,365
2325-ZUSFD,2015-01-01,2019-10-01 00:00:00,One_year,Yes,Bank_transfer_(automatic),70.1,3913.3,Female,0,Yes,Yes,DSL,Yes,No,No,No,Yes,Yes,No,1,2019-10-01,1734
8194-PEEBY,2018-02-01,No,One_year,No,Mailed_check,19.9,533.5,Female,0,Yes,Yes,No,No,No,No,No,No,No,No,0,2020-02-01,730
6872-HXFNF,2014-10-01,No,One_year,No,Bank_transfer_(automatic),58.35,3756.45,Female,0,Yes,No,DSL,No,No,Yes,Yes,No,No,Yes,0,2020-02-01,1949
3932-CMDTD,2019-08-01,2019-12-01 00:00:00,One_year,Yes,Electronic_check,105.65,443.9,Female,0,No,No,Fiber_optic,No,Yes,Yes,Yes,Yes,Yes,No,1,2019-12-01,122
7714-YXSMB,2017-12-01,No,Month-to-month,Yes,Bank_transfer_(automatic),100.5,2599.95,Female,0,No,No,Fiber_optic,No,No,Yes,No,Yes,Yes,Yes,0,2020-02-01,792
8387-UGUSU,2018-11-01,No,Month-to-month,No,Mailed_check,20.05,284.3,Female,0,Yes,Yes,No,No,No,No,No,No,No,No,0,2020-02-01,457
1080-BWSYE,2014-10-01,No,Two_year,No,Credit_card_(automatic),25.65,1740.8,Male,1,Yes,No,No,No,No,No,No,No,No,Yes,0,2020-02-01,1949
4039-HEUNW,2016-12-01,2019-12-01 00:00:00,Month-to-month,Yes,Electronic_check,96.5,3436.1,Male,1,Yes,No,Fiber_optic,No,Yes,No,No,Yes,Yes,Yes,1,2019-12-01,1095
1194-HVAIF,2017-11-01,No,Month-to-month,No,Credit_card_(automatic),95.0,2462.55,Female,0,Yes,No,Fiber_optic,No,No,No,No,Yes,Yes,Yes,0,2020-02-01,822
0812-WUPTB,2019-10-01,2019-11-01 00:00:00,Month-to-month,No,Mailed_check,70.85,70.85,Male,1,Yes,No,Fiber_optic,No,No,No,No,No,No,No,1,2019-11-01,31
3594-UVONA,2016-12-01,2019-11-01 00:00:00,One_year,Yes,Credit_card_(automatic),85.95,3110.1,Female,0,No,No,DSL,Yes,No,Yes,Yes,Yes,Yes,Yes,1,2019-11-01,1065
0004-TLHLJ,2019-09-01,2020-01-01 00:00:00,Month-to-month,Yes,Electronic_check,73.9,280.85,Male,0,No,No,Fiber_optic,No,No,Yes,No,No,No,No,1,2020-01-01,122
1767-TGTKO,2019-06-01,No,Month-to-month,Yes,Electronic_check,45.45,411.75,Female,0,Yes,Yes,DSL,No,No,No,No,No,No,No,0,2020-02-01,245
8439-LTUGF,2019-04-01,No,Month-to-month,Yes,Credit_card_(automatic),20.0,198.6,Male,0,No,No,No,No,No,No,No,No,No,No,0,2020-02-01,306
8805-JNRAZ,2019-12-01,No,Month-to-month,No,Mailed_check,49.2,103.7,Female,0,No,No,DSL,No,Yes,No,No,No,No,No,0,2020-02-01,62
5089-IFSDP,2015-01-01,2019-11-01 00:00:00,Two_year,Yes,Bank_transfer_(automatic),109.45,6144.55,Female,0,Yes,No,Fiber_optic,Yes,Yes,Yes,No,Yes,Yes,Yes,1,2019-11-01,1765
6418-HNFED,2015-11-01,No,Two_year,Yes,Credit_card_(automatic),83.25,4089.45,Male,0,Yes,No,DSL,Yes,Yes,Yes,Yes,Yes,Yes,No,0,2020-02-01,1553
0206-OYVOC,2016-04-01,No,Two_year,Yes,Mailed_check,19.25,864.2,Female,0,Yes,Yes,No,No,No,No,No,No,No,No,0,2020-02-01,1401
7291-CDTMJ,2020-01-01,No,Month-to-month,Yes,Bank_transfer_(automatic),19.65,19.65,Male,0,No,No,No,No,No,No,No,No,No,No,0,2020-02-01,31
7128-GGCNO,2016-04-01,No,Month-to-month,No,Bank_transfer_(automatic),72.8,3249.4,Male,0,No,No,Fiber_optic,No,No,No,No,No,No,Yes,0,2020-02-01,1401
0237-YFUTL,2015-12-01,No,Month-to-month,Yes,Bank_transfer_(automatic),109.65,5405.8,Female,0,Yes,No,Fiber_optic,Yes,Yes,No,Yes,Yes,Yes,Yes,0,2020-02-01,1523
7691-KGKGP,2015-09-01,No,Month-to-month,No,Credit_card_(automatic),65.0,3363.8,Male,0,Yes,Yes,DSL,No,Yes,No,Yes,Yes,No,No,0,2020-02-01,1614
6710-HSJRD,2015-01-01,No,Month-to-month,Yes,Electronic_check,114.1,7132.15,Male,0,Yes,No,Fiber_optic,No,Yes,Yes,Yes,Yes,Yes,Yes,0,2020-02-01,1857
3675-EQOZA,2019-09-01,No,Month-to-month,No,Bank_transfer_(automatic),20.65,93.55,Male,0,No,No,No,No,No,No,No,No,No,No,0,2020-02-01,153
0840-DCNZE,2016-03-01,No,One_year,Yes,Bank_transfer_(automatic),86.95,4138.9,Male,0,No,No,DSL,Yes,Yes,Yes,Yes,Yes,Yes,No,0,2020-02-01,1432
1732-FEKLD,2015-08-01,No,One_year,Yes,Bank_transfer_(automatic),94.75,5121.75,Female,0,No,No,Fiber_optic,No,Yes,Yes,No,Yes,No,Yes,0,2020-02-01,1645
9862-KJTYK,2018-07-01,No,Month-to-month,Yes,Credit_card_(automatic),25.35,566.1,Male,0,No,Yes,DSL,No,No,No,No,No,No,No,0,2020-02-01,580
0479-HMSWA,2017-12-01,No,Two_year,Yes,Electronic_check,105.45,2715.3,Female,0,No,Yes,Fiber_optic,No,Yes,Yes,Yes,Yes,Yes,No,0,2020-02-01,792
5854-KSRBJ,2014-04-01,No,Two_year,No,Mailed_check,25.4,1782.05,Male,0,Yes,Yes,No,No,No,No,No,No,No,Yes,0,2020-02-01,2132
0365-BZUWY,2018-09-01,No,Month-to-month,Yes,Electronic_check,102.55,1742.5,Male,0,Yes,No,Fiber_optic,No,Yes,Yes,No,Yes,Yes,Yes,0,2020-02-01,518
4817-VYYWS,2017-04-01,2019-10-01 00:00:00,Month-to-month,Yes,Electronic_check,100.2,2983.8,Female,0,No,No,Fiber_optic,No,Yes,No,No,Yes,Yes,Yes,1,2019-10-01,913
5701-SVCWR,2020-01-01,No,Month-to-month,No,Mailed_check,24.0,24.0,Female,0,No,Yes,No,No,No,No,No,No,No,Yes,0,2020-02-01,31
3129-AAQOU,2018-07-01,No,Two_year,No,Mailed_check,25.6,485.9,Female,0,Yes,Yes,No,No,No,No,No,No,No,Yes,0,2020-02-01,580
4922-CVPDX,2017-12-01,No,Two_year,Yes,Credit_card_(automatic),73.5,1905.7,Female,0,Yes,No,DSL,No,Yes,Yes,No,Yes,Yes,No,0,2020-02-01,792
1396-QWFBJ,2018-01-01,2019-10-01 00:00:00,Month-to-month,Yes,Bank_transfer_(automatic),74.05,1565.7,Female,0,Yes,Yes,Fiber_optic,No,Yes,No,No,No,No,No,1,2019-10-01,638
1357-BIJKI,2015-12-01,No,One_year,Yes,Electronic_check,98.25,4858.7,Male,0,Yes,No,Fiber_optic,No,Yes,No,No,Yes,Yes,Yes,0,2020-02-01,1523
1099-BTKWT,2014-06-01,No,One_year,Yes,Electronic_check,54.4,3723.65,Female,0,Yes,No,DSL,Yes,No,Yes,No,Yes,Yes,No,0,2020-02-01,2071
5299-SJCZT,2019-09-01,2019-12-01 00:00:00,Month-to-month,Yes,Bank_transfer_(automatic),101.55,298.35,Male,0,No,No,Fiber_optic,No,No,Yes,No,Yes,Yes,Yes,1,2019-12-01,91
2018-PZKMU,2019-05-01,No,Month-to-month,No,Electronic_check,103.1,970.45,Male,0,Yes,Yes,Fiber_optic,No,No,Yes,Yes,Yes,Yes,No,0,2020-02-01,276
7340-KEFQE,2015-11-01,No,Two_year,No,Bank_transfer_(automatic),34.2,1782.0,Female,0,Yes,Yes,DSL,Yes,No,No,Yes,No,No,No,0,2020-02-01,1553
4570-QHXHL,2019-05-01,No,Month-to-month,Yes,Electronic_check,43.75,405.7,Female,0,No,No,DSL,No,No,No,No,No,No,No,0,2020-02-01,276
2403-BCASL,2016-07-01,2019-12-01 00:00:00,One_year,Yes,Electronic_check,111.95,4534.9,Male,1,Yes,Yes,Fiber_optic,No,Yes,Yes,Yes,Yes,Yes,Yes,1,2019-12-01,1248
7392-YYPYJ,2018-04-01,No,Month-to-month,Yes,Electronic_check,100.65,2415.95,Male,0,No,No,Fiber_optic,No,Yes,No,No,Yes,Yes,Yes,0,2020-02-01,671
2898-LSJGD,2018-01-01,2019-10-01 00:00:00,One_year,Yes,Electronic_check,55.95,1157.05,Female,0,Yes,Yes,DSL,Yes,No,Yes,No,Yes,Yes,No,1,2019-10-01,638
2223-GDSHL,2014-03-01,No,Two_year,Yes,Bank_transfer_(automatic),116.05,8297.5,Male,0,Yes,Yes,Fiber_optic,Yes,Yes,Yes,Yes,Yes,Yes,Yes,0,2020-02-01,2163
7359-PTSXY,2019-10-01,2019-11-01 00:00:00,Month-to-month,No,Electronic_check,45.75,45.75,Male,0,No,No,DSL,No,No,No,No,No,No,No,1,2019-11-01,31
9470-RTWDV,2017-12-01,No,One_year,Yes,Credit_card_(automatic),82.0,2083.1,Male,0,Yes,Yes,DSL,No,No,Yes,Yes,Yes,Yes,Yes,0,2020-02-01,792
2176-OSJUV,2014-03-01,No,Two_year,No,Bank_transfer_(automatic),65.15,4681.75,Male,0,Yes,No,DSL,Yes,Yes,No,Yes,No,No,Yes,0,2020-02-01,2163
9348-YVOMK,2019-10-01,No,Month-to-month,Yes,Credit_card_(automatic),44.8,176.2,Male,0,No,No,DSL,No,No,No,No,No,No,No,0,2020-02-01,123
8104-OSKWT,2019-02-01,No,Month-to-month,Yes,Electronic_check,79.8,1001.2,Female,0,No,No,Fiber_optic,Yes,No,No,No,No,No,Yes,0,2020-02-01,365
4521-YEEHE,2018-08-01,No,Month-to-month,Yes,Electronic_check,88.85,1594.75,Female,0,Yes,No,Fiber_optic,No,No,No,Yes,Yes,No,Yes,0,2020-02-01,549
4090-KPJIP,2019-11-01,No,Month-to-month,Yes,Electronic_check,74.95,212.4,Female,0,No,No,Fiber_optic,No,No,No,No,No,No,Yes,0,2020-02-01,92
3786-WOVKF,2014-02-01,No,One_year,Yes,Bank_transfer_(automatic),106.85,7677.4,Female,1,Yes,No,Fiber_optic,Yes,Yes,No,No,Yes,Yes,Yes,0,2020-02-01,2191
4503-BDXBD,2018-11-01,2019-10-01 00:00:00,Month-to-month,No,Electronic_check,74.95,815.5,Male,0,No,No,Fiber_optic,No,Yes,No,No,No,No,No,1,2019-10-01,334
6086-ESGRL,2019-11-01,2019-12-01 00:00:00,Month-to-month,No,Credit_card_(automatic),80.15,80.15,Female,0,No,No,Fiber_optic,No,No,No,No,No,Yes,No,1,2019-12-01,30
2592-HODOV,2019-01-01,No,One_year,No,Credit_card_(automatic),19.3,259.65,Male,0,No,No,No,No,No,No,No,No,No,No,0,2020-02-01,396
3886-CERTZ,2014-01-01,2020-01-01 00:00:00,One_year,Yes,Electronic_check,109.25,8109.8,Female,0,Yes,No,Fiber_optic,No,Yes,Yes,Yes,Yes,Yes,Yes,1,2020-01-01,2191
7995-ZHHNZ,2016-08-01,No,One_year,No,Credit_card_(automatic),56.1,2386.85,Male,0,Yes,No,DSL,Yes,No,No,No,No,No,Yes,0,2020-02-01,1279
3824-RHKVR,2018-09-01,No,Month-to-month,No,Credit_card_(automatic),19.7,340.35,Female,0,No,No,No,No,No,No,No,No,No,No,0,2020-02-01,518
5816-SCGFC,2019-07-01,No,Month-to-month,Yes,Mailed_check,51.3,419.35,Female,1,No,No,DSL,No,Yes,No,No,No,No,No,0,2020-02-01,215
5989-AXPUC,2014-06-01,No,Two_year,No,Mailed_check,118.6,7990.05,Female,0,Yes,No,Fiber_optic,Yes,Yes,Yes,Yes,Yes,Yes,Yes,0,2020-02-01,2071
4979-HPRFL,2015-06-01,No,Two_year,No,Bank_transfer_(automatic),24.15,1402.25,Male,0,Yes,Yes,No,No,No,No,No,No,No,Yes,0,2020-02-01,1706
8590-OHDIW,2016-12-01,No,One_year,No,Mailed_check,20.3,749.35,Female,0,Yes,Yes,No,No,No,No,No,No,No,No,0,2020-02-01,1157
8015-IHCGW,2014-02-01,No,Two_year,Yes,Electronic_check,115.5,8425.15,Female,0,Yes,Yes,Fiber_optic,Yes,Yes,Yes,Yes,Yes,Yes,Yes,0,2020-02-01,2191
2332-TODQS,2016-02-01,No,One_year,No,Credit_card_(automatic),25.05,1171.5,Female,0,No,No,No,No,No,No,No,No,No,Yes,0,2020-02-01,1461
9278-VZKCD,2015-10-01,No,Month-to-month,Yes,Electronic_check,109.1,5647.95,Female,1,Yes,No,Fiber_optic,Yes,Yes,Yes,No,Yes,Yes,Yes,0,2020-02-01,1584
8008-OTEZX,2017-03-01,No,One_year,No,Mailed_check,19.65,708.8,Female,0,Yes,Yes,No,No,No,No,No,No,No,No,0,2020-02-01,1067
2773-OVBPK,2014-07-01,No,Two_year,Yes,Bank_transfer_(automatic),111.3,7567.2,Male,0,Yes,No,Fiber_optic,No,Yes,Yes,Yes,Yes,Yes,Yes,0,2020-02-01,2041
5999-LCXAO,2020-01-01,No,Month-to-month,No,Mailed_check,29.9,29.9,Female,0,No,No,DSL,Yes,No,No,No,No,No,No,0,2020-02-01,31
5206-XZZQI,2015-09-01,No,Month-to-month,Yes,Mailed_check,80.6,4348.1,Male,0,No,No,Fiber_optic,No,Yes,No,Yes,No,No,No,0,2020-02-01,1614
4803-LBYPN,2017-04-01,No,Month-to-month,No,Mailed_check,20.8,635.9,Male,0,Yes,Yes,No,No,No,No,No,No,No,No,0,2020-02-01,1036
5759-RCVCB,2019-10-01,2020-01-01 00:00:00,Month-to-month,No,Credit_card_(automatic),35.2,108.95,Female,0,No,No,DSL,No,No,No,No,Yes,No,No,1,2020-01-01,92
6372-RFVNS,2019-10-01,2019-11-01 00:00:00,Month-to-month,No,Electronic_check,78.8,78.8,Female,0,Yes,No,Fiber_optic,No,No,No,No,Yes,No,No,1,2019-11-01,31
2139-FQHLM,2018-07-01,No,Month-to-month,No,Mailed_check,89.95,1682.4,Male,0,No,No,Fiber_optic,No,No,Yes,Yes,Yes,No,No,0,2020-02-01,580
8261-GWDBQ,2015-02-01,No,Two_year,Yes,Bank_transfer_(automatic),116.05,6925.9,Female,1,Yes,No,Fiber_optic,Yes,Yes,Yes,Yes,Yes,Yes,Yes,0,2020-02-01,1826
1093-YSWCA,2019-03-01,No,Two_year,No,Credit_card_(automatic),19.55,223.15,Male,0,No,No,No,No,No,No,No,No,No,No,0,2020-02-01,337
8938-UMKPI,2015-11-01,2019-10-01 00:00:00,Month-to-month,Yes,Electronic_check,106.4,5127.95,Female,0,No,No,Fiber_optic,No,Yes,Yes,No,Yes,Yes,Yes,1,2019-10-01,1430
0991-BRRFB,2018-06-01,2019-12-01 00:00:00,Month-to-month,No,Electronic_check,49.4,874.8,Male,0,No,No,DSL,Yes,No,No,No,No,No,No,1,2019-12-01,548
3882-IYOIJ,2015-02-01,No,Two_year,No,Credit_card_(automatic),115.25,6758.45,Female,0,Yes,Yes,Fiber_optic,Yes,Yes,Yes,Yes,Yes,Yes,Yes,0,2020-02-01,1826
8749-TZYEC,2014-02-01,No,Two_year,No,Credit_card_(automatic),24.8,1874.3,Male,0,Yes,No,No,No,No,No,No,No,No,Yes,0,2020-02-01,2191
1755-FZQEC,2016-11-01,No,One_year,No,Mailed_check,19.9,791.15,Male,0,No,No,No,No,No,No,No,No,No,No,0,2020-02-01,1187
3115-JPJDD,2015-03-01,No,One_year,Yes,Credit_card_(automatic),81.25,4639.45,Female,0,Yes,No,Fiber_optic,Yes,No,Yes,No,No,No,No,0,2020-02-01,1798
5600-KTXFM,2019-12-01,No,Month-to-month,No,Mailed_check,69.95,143.9,Male,0,Yes,Yes,Fiber_optic,No,No,No,No,No,No,No,0,2020-02-01,62
3871-IKPYH,2019-11-01,2019-12-01 00:00:00,Month-to-month,No,Electronic_check,69.1,69.1,Male,1,No,No,Fiber_optic,No,No,No,No,No,No,No,1,2019-12-01,30
6319-IEJWJ,2018-04-01,2019-12-01 00:00:00,Month-to-month,Yes,Electronic_check,90.2,1776.55,Male,0,Yes,Yes,Fiber_optic,No,No,No,No,Yes,Yes,No,1,2019-12-01,609
9025-AOMKI,2019-05-01,2019-11-01 00:00:00,Month-to-month,Yes,Bank_transfer_(automatic),93.55,536.4,Female,0,No,No,Fiber_optic,No,No,No,No,Yes,Yes,Yes,1,2019-11-01,184
6339-TBELP,2014-03-01,No,Two_year,Yes,Credit_card_(automatic),86.4,6172.0,Male,0,No,No,Fiber_optic,No,No,Yes,Yes,No,No,Yes,0,2020-02-01,2163
7964-YESJC,2018-02-01,No,Month-to-month,No,Mailed_check,66.3,1559.45,Female,0,Yes,No,DSL,Yes,Yes,Yes,No,No,No,Yes,0,2020-02-01,730
6173-GOLSU,2014-07-01,No,Month-to-month,Yes,Credit_card_(automatic),94.65,6079.0,Male,1,Yes,No,Fiber_optic,No,No,No,No,Yes,Yes,Yes,0,2020-02-01,2041
5275-SQEIZ,2019-12-01,2020-01-01 00:00:00,Month-to-month,Yes,Mailed_check,80.85,80.85,Male,0,No,No,Fiber_optic,No,No,No,No,No,Yes,No,1,2020-01-01,31
7716-YTYHG,2016-01-01,2020-01-01 00:00:00,One_year,Yes,Mailed_check,82.05,4029.95,Female,0,Yes,Yes,Fiber_optic,No,No,No,No,No,Yes,Yes,1,2020-01-01,1461
9938-ZREHM,2017-01-01,No,One_year,No,Mailed_check,72.1,2658.4,Female,0,Yes,No,DSL,No,Yes,No,Yes,No,Yes,Yes,0,2020-02-01,1126
7950-XWOVN,2019-03-01,No,Month-to-month,No,Mailed_check,34.7,383.55,Male,0,No,No,DSL,No,Yes,Yes,No,No,No,No,0,2020-02-01,337
4390-KYULV,2019-08-01,2019-11-01 00:00:00,Month-to-month,Yes,Credit_card_(automatic),20.55,51.15,Male,0,Yes,No,No,No,No,No,No,No,No,No,1,2019-11-01,92
4647-MUZON,2018-08-01,No,Month-to-month,Yes,Credit_card_(automatic),95.95,1745.5,Female,0,Yes,No,Fiber_optic,No,No,Yes,No,Yes,Yes,No,0,2020-02-01,549
9702-AIUJO,2015-12-01,No,One_year,Yes,Bank_transfer_(automatic),44.8,2230.85,Male,0,Yes,Yes,DSL,No,No,No,No,No,No,No,0,2020-02-01,1523
8849-PRIQJ,2014-07-01,No,One_year,Yes,Electronic_check,109.4,7281.6,Female,0,Yes,Yes,Fiber_optic,Yes,No,Yes,Yes,Yes,Yes,Yes,0,2020-02-01,2041
8851-RAGOV,2018-01-01,No,Month-to-month,Yes,Mailed_check,71.05,1837.7,Female,0,Yes,No,DSL,Yes,Yes,No,Yes,No,Yes,No,0,2020-02-01,761
1304-NECVQ,2019-11-01,2020-01-01 00:00:00,Month-to-month,Yes,Electronic_check,78.55,149.55,Female,1,No,No,Fiber_optic,No,No,Yes,No,No,No,Yes,1,2020-01-01,61
5396-IZEPB,2019-05-01,No,Month-to-month,No,Credit_card_(automatic),19.7,180.7,Male,0,No,No,No,No,No,No,No,No,No,No,0,2020-02-01,276
1729-VLAZJ,2019-04-01,No,One_year,No,Mailed_check,40.25,411.45,Female,0,No,Yes,DSL,Yes,Yes,No,Yes,No,No,No,0,2020-02-01,306
8285-ABVLB,2014-04-01,No,Two_year,No,Credit_card_(automatic),19.85,1328.35,Female,0,Yes,No,No,No,No,No,No,No,No,No,0,2020-02-01,2132
0701-TJSEF,2019-05-01,No,Month-to-month,Yes,Bank_transfer_(automatic),68.25,576.95,Male,0,No,No,DSL,Yes,No,Yes,Yes,No,Yes,No,0,2020-02-01,276
5712-VBOXD,2019-10-01,No,Month-to-month,Yes,Credit_card_(automatic),20.15,68.45,Female,0,No,No,No,No,No,No,No,No,No,No,0,2020-02-01,123
6629-LADHQ,2019-12-01,No,Month-to-month,No,Mailed_check,50.95,123.05,Female,0,No,No,DSL,Yes,No,No,No,No,No,No,0,2020-02-01,62
8945-GRKHX,2019-09-01,2019-10-01 00:00:00,Month-to-month,No,Electronic_check,78.65,78.65,Female,0,No,Yes,Fiber_optic,No,No,No,No,No,Yes,No,1,2019-10-01,30
1559-DTODC,2018-07-01,No,Month-to-month,Yes,Bank_transfer_(automatic),25.15,468.35,Male,0,No,No,DSL,No,No,No,No,No,No,No,0,2020-02-01,580
4797-MIWUM,2019-07-01,No,Month-to-month,Yes,Bank_transfer_(automatic),20.25,174.7,Male,0,Yes,Yes,No,No,No,No,No,No,No,No,0,2020-02-01,215
6959-UWKHF,2019-12-01,2020-01-01 00:00:00,Month-to-month,Yes,Electronic_check,42.9,42.9,Male,0,No,No,DSL,No,No,No,No,No,No,No,1,2020-01-01,31
8720-RQSBJ,2020-01-01,No,Month-to-month,No,Electronic_check,44.0,44.0,Male,1,No,No,DSL,No,No,No,No,No,No,No,0,2020-02-01,31
4537-CIBHB,2019-05-01,No,One_year,No,Mailed_check,20.25,172.35,Female,0,Yes,Yes,No,No,No,No,No,No,No,No,0,2020-02-01,276
3815-SLMEF,2019-09-01,2019-12-01 00:00:00,Month-to-month,No,Mailed_check,34.25,139.35,Female,0,No,No,DSL,Yes,No,No,Yes,No,No,No,1,2019-12-01,91
5154-VEKBL,2019-01-01,2019-10-01 00:00:00,Month-to-month,No,Mailed_check,58.5,539.85,Female,0,No,No,DSL,Yes,No,Yes,Yes,Yes,Yes,No,1,2019-10-01,273
4324-AHJKS,2019-09-01,No,Month-to-month,No,Credit_card_(automatic),55.8,300.4,Female,0,No,No,DSL,Yes,No,Yes,No,No,No,No,0,2020-02-01,153
4355-CVPVS,2015-06-01,No,One_year,No,Bank_transfer_(automatic),88.9,4968.0,Female,0,Yes,Yes,Fiber_optic,No,No,No,No,Yes,Yes,No,0,2020-02-01,1706
4495-LHSSK,2018-08-01,No,Month-to-month,No,Mailed_check,57.65,992.7,Female,0,No,Yes,DSL,Yes,No,No,No,No,No,Yes,0,2020-02-01,549
5655-JSMZM,2015-12-01,2020-01-01 00:00:00,Month-to-month,Yes,Electronic_check,96.2,4718.25,Male,1,No,No,Fiber_optic,No,No,No,No,Yes,Yes,Yes,1,2020-01-01,1492
5915-ANOEI,2014-04-01,No,Two_year,No,Mailed_check,79.15,5536.5,Male,0,Yes,No,DSL,Yes,Yes,Yes,Yes,Yes,No,Yes,0,2020-02-01,2132
9861-PDSZP,2014-02-01,No,Two_year,Yes,Credit_card_(automatic),108.05,7806.6,Female,0,No,No,Fiber_optic,No,Yes,Yes,Yes,Yes,Yes,Yes,0,2020-02-01,2191
4505-EXZHB,2019-04-01,2019-10-01 00:00:00,Month-to-month,No,Electronic_check,74.4,434.1,Female,1,No,No,Fiber_optic,No,No,Yes,No,No,No,No,1,2019-10-01,183
7225-CBZPL,2018-09-01,No,Month-to-month,Yes,Electronic_check,94.8,1563.9,Male,1,Yes,No,Fiber_optic,No,No,No,No,Yes,Yes,Yes,0,2020-02-01,518
6704-UTUKK,2017-09-01,No,Month-to-month,Yes,Electronic_check,45.9,1332.4,Male,0,Yes,No,DSL,No,No,No,No,Yes,Yes,No,0,2020-02-01,883
4587-VVTOX,2019-07-01,2020-01-01 00:00:00,Month-to-month,Yes,Electronic_check,105.3,545.2,Female,0,Yes,No,Fiber_optic,No,Yes,Yes,No,Yes,Yes,Yes,1,2020-01-01,184
2019-HDCZY,2014-11-01,No,Two_year,No,Electronic_check,102.6,6296.75,Male,0,Yes,No,Fiber_optic,No,No,Yes,No,Yes,Yes,Yes,0,2020-02-01,1918
4652-NNHNY,2018-06-01,2019-10-01 00:00:00,Month-to-month,Yes,Bank_transfer_(automatic),73.85,1284.2,Male,0,Yes,No,Fiber_optic,No,No,No,No,No,No,Yes,1,2019-10-01,487
8788-DOXSU,2015-03-01,No,One_year,Yes,Bank_transfer_(automatic),61.35,3645.5,Male,0,No,No,DSL,No,No,Yes,No,No,Yes,No,0,2020-02-01,1798
7404-JLKQG,2019-11-01,No,Month-to-month,No,Electronic_check,57.55,161.45,Female,0,No,No,DSL,No,No,Yes,No,Yes,No,No,0,2020-02-01,92
7421-ZLUPA,2019-06-01,No,Month-to-month,Yes,Mailed_check,29.25,226.95,Female,0,No,No,DSL,No,Yes,No,No,No,No,No,0,2020-02-01,245
8972-HJWNV,2019-03-01,2019-10-01 00:00:00,Month-to-month,Yes,Electronic_check,84.55,646.85,Female,1,Yes,No,Fiber_optic,No,No,No,No,No,Yes,Yes,1,2019-10-01,214
3274-NSDWE,2014-06-01,No,Two_year,No,Credit_card_(automatic),19.6,1441.65,Female,0,No,No,No,No,No,No,No,No,No,No,0,2020-02-01,2071
2632-IVXVF,2014-06-01,No,Two_year,No,Credit_card_(automatic),111.75,7511.3,Female,0,Yes,Yes,Fiber_optic,Yes,No,Yes,Yes,Yes,Yes,Yes,0,2020-02-01,2071
3692-JHONH,2015-10-01,No,One_year,Yes,Electronic_check,106.5,5621.85,Female,1,Yes,No,Fiber_optic,No,Yes,Yes,No,Yes,Yes,Yes,0,2020-02-01,1584
8915-NNTRC,2014-02-01,No,Two_year,Yes,Credit_card_(automatic),107.7,7919.8,Male,0,Yes,Yes,Fiber_optic,Yes,Yes,No,Yes,Yes,Yes,Yes,0,2020-02-01,2191
5914-GXMDA,2017-06-01,No,One_year,No,Mailed_check,19.3,593.2,Female,0,Yes,No,No,No,No,No,No,No,No,No,0,2020-02-01,975
7463-IFMQU,2014-02-01,No,Two_year,No,Bank_transfer_(automatic),20.05,1423.65,Female,0,Yes,No,No,No,No,No,No,No,No,No,0,2020-02-01,2191
2920-RNCEZ,2020-01-01,No,Month-to-month,Yes,Credit_card_(automatic),69.95,69.95,Male,0,Yes,Yes,Fiber_optic,No,No,No,No,No,No,No,0,2020-02-01,31
2541-YGPKE,2016-08-01,No,One_year,No,Credit_card_(automatic),63.7,2763.35,Male,0,Yes,Yes,DSL,Yes,No,No,Yes,No,Yes,No,0,2020-02-01,1279
8515-OCTJS,2017-10-01,2019-11-01 00:00:00,Two_year,No,Credit_card_(automatic),24.75,692.1,Female,0,No,No,No,No,No,No,No,No,No,Yes,1,2019-11-01,761
5382-TEMLV,2016-05-01,No,Month-to-month,Yes,Bank_transfer_(automatic),50.9,2298.55,Male,0,No,No,DSL,Yes,No,No,No,No,No,No,0,2020-02-01,1371
3441-CGZJH,2016-07-01,No,One_year,Yes,Credit_card_(automatic),60.4,2640.55,Female,0,Yes,Yes,DSL,Yes,No,Yes,Yes,Yes,Yes,No,0,2020-02-01,1310
9592-ERDKV,2017-01-01,No,One_year,No,Mailed_check,79.25,2911.8,Male,0,Yes,No,DSL,Yes,No,Yes,No,Yes,Yes,Yes,0,2020-02-01,1126
2860-RANUS,2018-05-01,2020-01-01 00:00:00,Month-to-month,Yes,Credit_card_(automatic),85.8,1727.5,Female,1,No,No,Fiber_optic,No,No,No,No,No,Yes,Yes,1,2020-01-01,610
5261-QSHQM,2019-09-01,2020-01-01 00:00:00,Month-to-month,Yes,Electronic_check,24.45,86.6,Female,0,No,No,DSL,No,No,No,No,No,No,No,1,2020-01-01,122
4778-IZARL,2014-11-01,No,Two_year,Yes,Credit_card_(automatic),110.1,6705.7,Male,0,Yes,No,Fiber_optic,Yes,Yes,Yes,Yes,Yes,Yes,No,0,2020-02-01,1918
0432-CAJZV,2019-11-01,No,Month-to-month,No,Mailed_check,90.7,237.65,Male,0,No,No,Fiber_optic,No,No,No,No,Yes,Yes,No,0,2020-02-01,92
7008-LZVOZ,2014-08-01,No,Two_year,Yes,Credit_card_(automatic),25.3,1672.35,Male,0,Yes,Yes,No,No,No,No,No,No,No,Yes,0,2020-02-01,2010
8868-WOZGU,2017-08-01,2019-12-01 00:00:00,Month-to-month,Yes,Electronic_check,105.7,2979.5,Male,0,No,No,Fiber_optic,No,Yes,Yes,No,Yes,Yes,Yes,1,2019-12-01,852
1200-TUZHR,2019-06-01,No,Month-to-month,No,Electronic_check,85.2,695.75,Female,1,No,No,Fiber_optic,No,No,No,No,No,Yes,Yes,0,2020-02-01,245
9365-CSLBQ,2014-03-01,No,Two_year,No,Mailed_check,24.35,1654.6,Male,0,No,Yes,No,No,No,No,No,No,No,Yes,0,2020-02-01,2163
1334-FJSVR,2019-10-01,2019-11-01 00:00:00,Month-to-month,Yes,Electronic_check,24.25,24.25,Male,0,No,No,DSL,No,No,No,No,No,No,No,1,2019-11-01,31
5884-FBCTL,2014-02-01,No,Two_year,No,Bank_transfer_(automatic),25.1,1857.85,Female,0,Yes,Yes,No,No,No,No,No,No,No,Yes,0,2020-02-01,2191
7130-CTCUS,2018-10-01,No,Month-to-month,Yes,Bank_transfer_(automatic),54.55,825.1,Male,1,Yes,No,DSL,Yes,Yes,No,No,No,No,No,0,2020-02-01,488
6242-FEGFD,2014-08-01,No,Two_year,No,Mailed_check,96.6,6424.25,Male,0,Yes,No,Fiber_optic,Yes,Yes,Yes,Yes,No,No,Yes,0,2020-02-01,2010
7625-XCQRH,2019-02-01,2020-01-01 00:00:00,Month-to-month,Yes,Electronic_check,76.5,837.95,Female,0,No,No,Fiber_optic,No,No,No,No,No,No,Yes,1,2020-01-01,334
6194-HBGQN,2015-11-01,No,One_year,Yes,Credit_card_(automatic),81.15,4126.2,Male,0,No,No,DSL,Yes,Yes,Yes,Yes,Yes,No,Yes,0,2020-02-01,1553
7634-WSWDB,2019-06-01,No,Month-to-month,Yes,Electronic_check,38.5,330.8,Female,0,No,Yes,DSL,Yes,No,No,No,No,Yes,No,0,2020-02-01,245
6986-IXNDM,2018-12-01,No,Month-to-month,Yes,Electronic_check,92.9,1337.45,Male,0,No,No,Fiber_optic,No,No,No,No,Yes,Yes,No,0,2020-02-01,427
1731-TVIUK,2019-07-01,2019-11-01 00:00:00,Month-to-month,Yes,Electronic_check,93.5,362.2,Female,0,No,No,Fiber_optic,No,Yes,No,Yes,No,Yes,Yes,1,2019-11-01,123
2987-BJXIK,2014-04-01,No,Two_year,No,Mailed_check,84.7,5991.05,Female,0,No,No,DSL,Yes,Yes,Yes,No,Yes,Yes,Yes,0,2020-02-01,2132
9769-TSBZE,2014-04-01,No,Two_year,No,Electronic_check,66.0,4891.5,Female,0,No,Yes,DSL,Yes,Yes,No,Yes,No,No,Yes,0,2020-02-01,2132
0406-BPDVR,2015-06-01,2019-12-01 00:00:00,One_year,Yes,Credit_card_(automatic),101.5,5373.1,Female,1,Yes,No,Fiber_optic,No,Yes,No,No,Yes,Yes,Yes,1,2019-12-01,1644
0618-XWMSS,2017-09-01,2020-01-01 00:00:00,Month-to-month,Yes,Bank_transfer_(automatic),74.9,2068.55,Male,0,No,Yes,Fiber_optic,Yes,No,No,No,No,No,No,1,2020-01-01,852
1395-WSWXR,2018-02-01,No,Two_year,No,Mailed_check,20.75,487.05,Male,0,No,No,No,No,No,No,No,No,No,No,0,2020-02-01,730
6023-GSSXW,2014-05-01,No,Two_year,Yes,Credit_card_(automatic),61.45,4131.2,Female,0,Yes,No,DSL,No,Yes,No,No,No,Yes,No,0,2020-02-01,2102
6752-APNJL,2016-08-01,No,Month-to-month,No,Mailed_check,54.5,2301.15,Male,0,Yes,Yes,DSL,Yes,Yes,No,No,No,No,No,0,2020-02-01,1279
5276-KQWHG,2019-08-01,2019-10-01 00:00:00,Month-to-month,Yes,Electronic_check,69.6,131.65,Female,1,No,No,Fiber_optic,No,No,No,No,No,No,No,1,2019-10-01,61
0420-HLGXF,2016-11-01,No,Month-to-month,Yes,Electronic_check,99.75,4036.0,Female,1,No,No,Fiber_optic,No,No,Yes,No,Yes,Yes,Yes,0,2020-02-01,1187
7446-KQISO,2016-05-01,No,Two_year,Yes,Bank_transfer_(automatic),109.75,4900.65,Male,0,Yes,Yes,Fiber_optic,No,Yes,Yes,Yes,Yes,Yes,Yes,0,2020-02-01,1371
9823-EALYC,2014-02-01,No,Two_year,Yes,Bank_transfer_(automatic),80.85,5727.45,Male,0,Yes,Yes,DSL,Yes,Yes,Yes,Yes,Yes,No,Yes,0,2020-02-01,2191
0582-AVCLN,2016-12-01,No,Two_year,No,Mailed_check,20.3,743.05,Female,0,No,No,No,No,No,No,No,No,No,No,0,2020-02-01,1157
5803-NQJZO,2014-02-01,No,Two_year,Yes,Bank_transfer_(automatic),67.8,4804.65,Male,0,Yes,No,DSL,Yes,Yes,Yes,Yes,No,No,Yes,0,2020-02-01,2191
2565-JSLRY,2019-10-01,2019-11-01 00:00:00,Month-to-month,Yes,Mailed_check,24.05,24.05,Male,0,No,No,No,No,No,No,No,No,No,Yes,1,2019-11-01,31
2607-DHDAK,2014-02-01,No,Two_year,Yes,Credit_card_(automatic),19.8,1414.65,Male,0,Yes,Yes,No,No,No,No,No,No,No,No,0,2020-02-01,2191
1073-XXCZD,2015-07-01,No,Two_year,No,Bank_transfer_(automatic),25.7,1443.65,Male,0,Yes,No,No,No,No,No,No,No,No,Yes,0,2020-02-01,1676
0743-HRVFF,2015-11-01,No,One_year,Yes,Electronic_check,56.15,2898.95,Female,0,Yes,Yes,DSL,No,No,Yes,Yes,Yes,Yes,No,0,2020-02-01,1553
4006-HKYHO,2014-11-01,No,Two_year,Yes,Bank_transfer_(automatic),86.7,5309.5,Male,0,No,No,DSL,Yes,Yes,Yes,Yes,Yes,Yes,No,0,2020-02-01,1918
3727-JEZTU,2020-01-01,No,Month-to-month,No,Mailed_check,20.4,20.4,Female,0,No,No,No,No,No,No,No,No,No,No,0,2020-02-01,31
8143-ETQTI,2018-03-01,No,Two_year,Yes,Mailed_check,19.65,451.55,Female,0,Yes,Yes,No,No,No,No,No,No,No,No,0,2020-02-01,702
6689-KXGBO,2019-09-01,2019-10-01 00:00:00,Month-to-month,No,Electronic_check,50.55,50.55,Female,0,No,No,DSL,No,Yes,No,No,No,No,No,1,2019-10-01,30
9667-TKTVZ,2019-12-01,No,Month-to-month,Yes,Mailed_check,54.35,117.05,Female,0,No,No,DSL,No,No,No,Yes,No,No,Yes,0,2020-02-01,62
3657-COGMW,2015-10-01,No,Month-to-month,No,Credit_card_(automatic),108.1,5839.3,Female,1,No,No,Fiber_optic,Yes,Yes,Yes,No,Yes,Yes,Yes,0,2020-02-01,1584
8570-KLJYJ,2017-02-01,No,One_year,No,Mailed_check,54.45,1893.5,Female,0,No,No,DSL,Yes,No,No,No,No,No,Yes,0,2020-02-01,1095
7754-IXRMC,2020-01-01,No,Month-to-month,No,Mailed_check,45.35,45.35,Female,0,No,No,DSL,No,No,No,No,No,No,No,0,2020-02-01,31
9473-CBZOP,2017-10-01,No,One_year,No,Mailed_check,59.0,1654.45,Female,0,No,No,DSL,Yes,No,Yes,No,No,No,Yes,0,2020-02-01,853
2969-WGHQO,2019-07-01,No,One_year,No,Electronic_check,69.45,477.05,Female,0,Yes,Yes,DSL,Yes,Yes,Yes,No,Yes,No,No,0,2020-02-01,215
6615-NGGZJ,2018-08-01,2019-10-01 00:00:00,Month-to-month,Yes,Electronic_check,100.55,1415.55,Male,0,No,No,Fiber_optic,No,Yes,No,No,Yes,Yes,Yes,1,2019-10-01,426
4334-HOWRP,2014-02-01,No,Two_year,Yes,Credit_card_(automatic),64.95,4546.0,Male,1,Yes,No,DSL,Yes,Yes,Yes,Yes,Yes,Yes,No,0,2020-02-01,2191
4255-DDUOU,2019-11-01,2019-12-01 00:00:00,Month-to-month,Yes,Mailed_check,20.5,20.5,Female,0,Yes,Yes,No,No,No,No,No,No,No,No,1,2019-12-01,30
5863-OOKCL,2019-04-01,No,Month-to-month,No,Mailed_check,18.85,163.2,Female,0,No,No,No,No,No,No,No,No,No,No,0,2020-02-01,306
1686-STUHN,2016-08-01,No,One_year,No,Bank_transfer_(automatic),19.8,849.9,Male,0,No,No,No,No,No,No,No,No,No,No,0,2020-02-01,1279
1329-VHWNP,2019-07-01,No,Month-to-month,No,Bank_transfer_(automatic),25.05,189.95,Female,0,No,No,DSL,No,No,No,No,No,No,No,0,2020-02-01,215
2984-MIIZL,2019-07-01,2019-11-01 00:00:00,Month-to-month,Yes,Bank_transfer_(automatic),74.8,321.9,Male,0,No,No,Fiber_optic,No,No,Yes,No,No,No,No,1,2019-11-01,123
0266-GMEAO,2014-02-01,No,Two_year,Yes,Credit_card_(automatic),114.3,8058.55,Male,0,Yes,Yes,Fiber_optic,Yes,Yes,Yes,Yes,Yes,Yes,Yes,0,2020-02-01,2191
5590-YRFJT,2018-03-01,2019-11-01 00:00:00,Month-to-month,Yes,Electronic_check,24.45,482.8,Female,0,Yes,No,DSL,No,No,No,No,No,No,No,1,2019-11-01,610
5574-NXZIU,2014-11-01,No,Two_year,No,Credit_card_(automatic),109.2,7049.75,Male,0,No,No,Fiber_optic,Yes,Yes,Yes,Yes,Yes,Yes,No,0,2020-02-01,1918
0019-GFNTW,2015-06-01,No,Two_year,No,Bank_transfer_(automatic),45.05,2560.1,Female,0,No,No,DSL,Yes,Yes,Yes,Yes,No,No,No,0,2020-02-01,1706
4256-ZWTZI,2019-09-01,No,Month-to-month,Yes,Mailed_check,51.0,286.8,Female,0,No,Yes,DSL,No,No,No,Yes,No,No,No,0,2020-02-01,153
8309-PPCED,2014-02-01,No,Two_year,Yes,Bank_transfer_(automatic),110.45,7982.5,Female,0,Yes,No,Fiber_optic,No,Yes,Yes,Yes,Yes,Yes,Yes,0,2020-02-01,2191
4098-NAUKP,2014-06-01,No,Month-to-month,Yes,Electronic_check,84.65,5683.6,Male,1,Yes,Yes,Fiber_optic,No,Yes,Yes,No,No,No,Yes,0,2020-02-01,2071
5196-WPYOW,2014-07-01,No,One_year,No,Mailed_check,60.05,3994.05,Male,0,Yes,Yes,DSL,Yes,Yes,No,Yes,No,No,No,0,2020-02-01,2041
4608-LCIMN,2019-06-01,No,Month-to-month,No,Bank_transfer_(automatic),44.65,369.15,Male,0,Yes,Yes,DSL,No,No,No,No,No,No,No,0,2020-02-01,245
1485-YDHMM,2015-10-01,No,Month-to-month,Yes,Bank_transfer_(automatic),93.25,4631.7,Male,0,Yes,Yes,Fiber_optic,No,Yes,No,Yes,No,Yes,Yes,0,2020-02-01,1584
4054-CUMIA,2018-08-01,No,Month-to-month,Yes,Mailed_check,20.25,401.95,Female,0,Yes,Yes,No,No,No,No,No,No,No,No,0,2020-02-01,549
0603-TPMIB,2015-03-01,No,Two_year,No,Mailed_check,25.45,1534.05,Female,0,Yes,Yes,No,No,No,No,No,No,No,Yes,0,2020-02-01,1798
2525-GVKQU,2015-02-01,No,Two_year,No,Mailed_check,20.6,1093.0,Female,0,No,No,No,No,No,No,No,No,No,No,0,2020-02-01,1826
8161-QYMTT,2019-07-01,No,Month-to-month,Yes,Electronic_check,94.1,701.3,Male,0,No,No,Fiber_optic,No,No,No,No,Yes,Yes,Yes,0,2020-02-01,215
9581-GVBXT,2015-03-01,No,One_year,No,Mailed_check,34.8,1980.3,Male,0,Yes,Yes,DSL,Yes,No,Yes,No,No,No,No,0,2020-02-01,1798
5862-BRIXZ,2016-04-01,No,Two_year,Yes,Bank_transfer_(automatic),60.75,2893.4,Male,0,No,No,DSL,Yes,No,Yes,Yes,Yes,Yes,No,0,2020-02-01,1401
5404-GGUKR,2019-09-01,No,Month-to-month,Yes,Electronic_check,51.35,262.3,Male,0,No,No,DSL,No,Yes,No,No,No,No,No,0,2020-02-01,153
3308-JSGML,2015-03-01,No,Two_year,Yes,Credit_card_(automatic),64.05,3886.85,Male,1,Yes,No,DSL,Yes,No,Yes,Yes,Yes,Yes,No,0,2020-02-01,1798
2126-GSEGL,2014-04-01,No,Two_year,Yes,Bank_transfer_(automatic),84.8,5917.55,Female,0,Yes,No,DSL,No,Yes,Yes,Yes,Yes,Yes,Yes,0,2020-02-01,2132
3677-TNKIO,2018-11-01,2020-01-01 00:00:00,Month-to-month,Yes,Credit_card_(automatic),71.0,914.0,Female,0,No,No,Fiber_optic,No,No,No,No,No,No,No,1,2020-01-01,426
0440-QEXBZ,2016-06-01,No,Month-to-month,Yes,Mailed_check,50.15,2139.1,Female,0,No,No,DSL,No,No,No,No,No,No,Yes,0,2020-02-01,1340
2434-EEVDB,2014-10-01,No,Two_year,Yes,Credit_card_(automatic),94.6,5948.7,Female,0,Yes,No,Fiber_optic,Yes,No,Yes,No,Yes,No,Yes,0,2020-02-01,1949
6762-QVYJO,2015-04-01,No,Two_year,No,Mailed_check,59.75,3624.35,Female,0,Yes,Yes,DSL,Yes,No,Yes,Yes,Yes,Yes,No,0,2020-02-01,1767
6199-IWKGC,2016-04-01,No,One_year,No,Electronic_check,100.25,4753.85,Female,1,Yes,No,Fiber_optic,No,No,No,Yes,Yes,Yes,Yes,0,2020-02-01,1401
2675-DHUTR,2015-04-01,No,Month-to-month,Yes,Electronic_check,98.9,5780.7,Male,1,Yes,No,Fiber_optic,No,Yes,No,No,Yes,Yes,Yes,0,2020-02-01,1767
8152-VETUR,2014-02-01,No,Two_year,Yes,Credit_card_(automatic),97.7,6869.7,Female,0,Yes,No,Fiber_optic,No,Yes,No,No,Yes,Yes,Yes,0,2020-02-01,2191
9667-EQRXU,2017-06-01,2019-12-01 00:00:00,Month-to-month,Yes,Electronic_check,40.3,1172.95,Female,1,No,No,DSL,No,No,Yes,No,Yes,No,No,1,2019-12-01,913
7446-YPODE,2019-03-01,No,Month-to-month,No,Bank_transfer_(automatic),60.25,662.95,Male,1,No,No,DSL,Yes,Yes,No,No,No,No,Yes,0,2020-02-01,337
9522-BNTHX,2017-04-01,No,Month-to-month,Yes,Electronic_check,56.25,1765.95,Female,1,No,No,DSL,No,Yes,Yes,No,Yes,Yes,No,0,2020-02-01,1036
4676-WLUHT,2015-08-01,No,Two_year,No,Bank_transfer_(automatic),46.2,2431.95,Male,0,No,No,DSL,Yes,Yes,No,No,No,Yes,No,0,2020-02-01,1645
3329-WDIOK,2019-10-01,2020-01-01 00:00:00,Month-to-month,Yes,Electronic_check,50.6,155.35,Female,0,No,No,DSL,No,Yes,No,No,Yes,Yes,No,1,2020-01-01,92
7980-MHFLQ,2014-02-01,No,Two_year,No,Mailed_check,24.9,1859.2,Female,0,Yes,Yes,No,No,No,No,No,No,No,Yes,0,2020-02-01,2191
2873-ZLIWT,2016-08-01,2019-12-01 00:00:00,Month-to-month,Yes,Electronic_check,84.85,3303.05,Female,0,Yes,Yes,Fiber_optic,No,No,Yes,Yes,No,No,Yes,1,2019-12-01,1217
3415-TAILE,2019-11-01,2020-01-01 00:00:00,Month-to-month,No,Mailed_check,65.7,134.35,Female,0,Yes,Yes,DSL,No,No,No,No,Yes,Yes,No,1,2020-01-01,61
0757-WCUUZ,2015-08-01,No,Two_year,No,Credit_card_(automatic),63.35,3409.1,Male,0,Yes,Yes,DSL,No,No,Yes,No,No,Yes,Yes,0,2020-02-01,1645
1629-DQQVB,2018-12-01,No,Month-to-month,No,Bank_transfer_(automatic),50.1,709.5,Female,0,No,No,DSL,Yes,No,No,No,No,No,No,0,2020-02-01,427
1915-IOFGU,2019-11-01,2019-12-01 00:00:00,Month-to-month,No,Electronic_check,70.5,70.5,Female,0,No,No,Fiber_optic,No,No,No,No,No,No,No,1,2019-12-01,30
3045-XETSH,2019-03-01,2020-01-01 00:00:00,Month-to-month,Yes,Electronic_check,94.85,953.45,Female,0,No,No,Fiber_optic,No,Yes,Yes,No,No,Yes,Yes,1,2020-01-01,306
0374-AACSZ,2020-01-01,No,Month-to-month,No,Electronic_check,50.15,50.15,Female,0,No,No,DSL,Yes,No,No,No,No,No,No,0,2020-02-01,31
7239-HZZCX,2019-11-01,2019-12-01 00:00:00,Month-to-month,No,Mailed_check,19.75,19.75,Male,0,No,No,No,No,No,No,No,No,No,No,1,2019-12-01,30
4872-VXRIL,2015-06-01,No,One_year,Yes,Bank_transfer_(automatic),64.65,3665.55,Male,0,No,No,DSL,Yes,Yes,No,Yes,No,No,Yes,0,2020-02-01,1706
9140-CZQZZ,2014-06-01,No,Two_year,Yes,Bank_transfer_(automatic),79.6,5515.8,Female,0,Yes,No,DSL,Yes,Yes,No,Yes,Yes,Yes,No,0,2020-02-01,2071
3423-HHXAO,2018-12-01,No,One_year,Yes,Mailed_check,19.5,272.0,Female,0,Yes,Yes,No,No,No,No,No,No,No,No,0,2020-02-01,427
9938-TKDGL,2014-06-01,No,Two_year,Yes,Electronic_check,99.55,6668.0,Male,0,Yes,Yes,Fiber_optic,Yes,No,No,Yes,Yes,Yes,No,0,2020-02-01,2071
0531-ZZJWQ,2015-07-01,No,Month-to-month,Yes,Electronic_check,74.0,4052.4,Male,1,Yes,No,Fiber_optic,No,No,No,No,No,No,Yes,0,2020-02-01,1676
6537-QLGEX,2018-10-01,No,Month-to-month,Yes,Electronic_check,38.9,664.4,Female,0,No,No,DSL,Yes,No,No,No,Yes,No,No,0,2020-02-01,488
2688-BHGOG,2019-05-01,No,Month-to-month,Yes,Electronic_check,79.55,718.55,Male,1,No,No,Fiber_optic,No,No,No,No,No,Yes,No,0,2020-02-01,276
7683-CBDKJ,2018-09-01,2019-11-01 00:00:00,Month-to-month,Yes,Electronic_check,65.45,937.6,Male,0,Yes,Yes,DSL,Yes,Yes,No,No,Yes,No,No,1,2019-11-01,426
0946-CLJTI,2015-02-01,2019-12-01 00:00:00,Month-to-month,Yes,Electronic_check,98.7,5812.6,Male,1,Yes,No,Fiber_optic,No,No,Yes,No,Yes,Yes,Yes,1,2019-12-01,1764
3160-TYXLT,2015-09-01,No,Month-to-month,Yes,Bank_transfer_(automatic),46.3,2546.85,Male,0,No,No,DSL,Yes,Yes,No,No,No,Yes,No,0,2020-02-01,1614
1325-USMEC,2014-04-01,No,Two_year,Yes,Credit_card_(automatic),99.35,6944.5,Male,0,Yes,No,Fiber_optic,Yes,Yes,Yes,No,Yes,No,Yes,0,2020-02-01,2132
0916-QOFDP,2018-12-01,No,Month-to-month,Yes,Electronic_check,95.8,1346.3,Female,1,Yes,Yes,Fiber_optic,No,No,No,No,Yes,Yes,Yes,0,2020-02-01,427
0628-CNQRM,2018-02-01,2019-12-01 00:00:00,One_year,Yes,Bank_transfer_(automatic),67.5,1544.05,Male,0,Yes,Yes,DSL,Yes,No,Yes,Yes,Yes,No,No,1,2019-12-01,668
5606-AMZBO,2019-04-01,No,Month-to-month,Yes,Credit_card_(automatic),78.15,765.15,Female,0,Yes,No,Fiber_optic,Yes,No,No,No,No,No,Yes,0,2020-02-01,306
6199-IPCAO,2017-09-01,No,Two_year,No,Mailed_check,26.1,692.55,Female,0,Yes,Yes,No,No,No,No,No,No,No,Yes,0,2020-02-01,883
7665-TOALD,2019-12-01,2020-01-01 00:00:00,Month-to-month,Yes,Electronic_check,69.6,69.6,Female,0,No,No,Fiber_optic,No,No,No,No,No,No,No,1,2020-01-01,31
0112-QWPNC,2015-10-01,2019-11-01 00:00:00,One_year,No,Electronic_check,84.35,4059.35,Male,0,Yes,No,DSL,Yes,No,Yes,Yes,Yes,Yes,Yes,1,2019-11-01,1492
0324-BRPCJ,2014-05-01,2020-01-01 00:00:00,Month-to-month,Yes,Electronic_check,100.2,6851.65,Female,1,Yes,No,Fiber_optic,No,Yes,No,No,Yes,Yes,Yes,1,2020-01-01,2071
2777-PHDEI,2019-12-01,2020-01-01 00:00:00,Month-to-month,No,Electronic_check,78.05,78.05,Female,0,No,No,Fiber_optic,No,No,No,No,Yes,No,No,1,2020-01-01,31
5640-CAXOA,2017-08-01,No,One_year,Yes,Credit_card_(automatic),40.35,1187.05,Female,0,No,No,DSL,No,No,No,Yes,No,Yes,No,0,2020-02-01,914
2235-EZAIK,2014-02-01,No,Two_year,No,Credit_card_(automatic),79.2,5401.9,Female,0,Yes,No,DSL,Yes,Yes,Yes,Yes,Yes,No,Yes,0,2020-02-01,2191
3847-BAERP,2019-04-01,No,Month-to-month,Yes,Mailed_check,20.9,247.0,Female,0,No,No,No,No,No,No,No,No,No,No,0,2020-02-01,306
1196-AMORA,2019-03-01,2019-10-01 00:00:00,Month-to-month,No,Electronic_check,73.6,520.0,Male,0,No,No,Fiber_optic,No,No,No,No,No,No,Yes,1,2019-10-01,214
4282-YMKNA,2019-03-01,2019-12-01 00:00:00,Month-to-month,Yes,Electronic_check,74.75,706.6,Female,0,No,No,Fiber_optic,No,No,No,No,No,No,Yes,1,2019-12-01,275
1453-RZFON,2020-01-01,No,Month-to-month,No,Mailed_check,49.9,49.9,Female,0,No,Yes,DSL,Yes,No,No,No,No,No,No,0,2020-02-01,31
8263-OKETD,2018-06-01,No,Month-to-month,Yes,Credit_card_(automatic),68.9,1370.35,Female,0,No,No,DSL,No,Yes,No,Yes,No,Yes,Yes,0,2020-02-01,610
0670-KDOMA,2020-01-01,No,Month-to-month,Yes,Mailed_check,20.25,20.25,Female,0,No,No,No,No,No,No,No,No,No,No,0,2020-02-01,31
2476-YGEFM,2017-09-01,No,Month-to-month,Yes,Credit_card_(automatic),76.0,2215.25,Female,0,No,No,Fiber_optic,No,No,No,No,No,No,Yes,0,2020-02-01,883
8687-BAFGU,2020-01-01,No,Month-to-month,No,Electronic_check,74.0,74.0,Male,0,No,No,Fiber_optic,No,No,No,Yes,No,No,No,0,2020-02-01,31
0641-EVBOJ,2019-11-01,No,Month-to-month,Yes,Mailed_check,82.3,214.4,Male,0,No,No,Fiber_optic,Yes,No,No,Yes,No,No,No,0,2020-02-01,92
0829-XXPLX,2018-06-01,No,Month-to-month,Yes,Bank_transfer_(automatic),89.4,1871.15,Female,0,No,No,Fiber_optic,Yes,No,Yes,No,Yes,No,No,0,2020-02-01,610
9974-JFBHQ,2014-10-01,No,Month-to-month,Yes,Credit_card_(automatic),99.15,6171.2,Male,0,No,Yes,Fiber_optic,No,Yes,No,Yes,Yes,Yes,No,0,2020-02-01,1949
5356-RHIPP,2019-11-01,2019-12-01 00:00:00,Month-to-month,Yes,Mailed_check,20.2,20.2,Male,0,No,No,No,No,No,No,No,No,No,No,1,2019-12-01,30
6624-JDRDS,2019-08-01,No,Month-to-month,No,Bank_transfer_(automatic),29.45,161.45,Female,0,No,No,DSL,Yes,No,No,No,No,No,No,0,2020-02-01,184
0608-JDVEC,2015-12-01,No,Two_year,No,Electronic_check,19.8,1013.2,Male,0,Yes,No,No,No,No,No,No,No,No,No,0,2020-02-01,1523
9780-FKVVF,2019-08-01,No,Month-to-month,Yes,Bank_transfer_(automatic),59.15,336.7,Male,0,No,No,DSL,Yes,No,No,No,No,Yes,No,0,2020-02-01,184
1919-RTPQD,2019-07-01,No,Month-to-month,No,Electronic_check,44.75,333.65,Male,0,Yes,Yes,DSL,No,No,No,No,No,No,No,0,2020-02-01,215
5214-NLTIT,2014-02-01,No,Two_year,Yes,Credit_card_(automatic),90.8,6511.8,Male,0,Yes,Yes,Fiber_optic,No,No,Yes,No,No,Yes,Yes,0,2020-02-01,2191
3345-PBBFH,2019-06-01,No,Month-to-month,Yes,Bank_transfer_(automatic),49.55,393.45,Male,0,Yes,No,DSL,No,Yes,No,No,No,No,No,0,2020-02-01,245
5055-BRMNE,2014-07-01,No,Two_year,No,Credit_card_(automatic),106.7,7009.5,Female,0,Yes,Yes,Fiber_optic,Yes,No,No,Yes,Yes,Yes,Yes,0,2020-02-01,2041
9189-JWSHV,2017-12-01,2019-12-01 00:00:00,Month-to-month,Yes,Electronic_check,93.55,2264.05,Female,1,Yes,No,Fiber_optic,No,No,No,No,Yes,Yes,Yes,1,2019-12-01,730
2190-PHBHR,2014-02-01,No,Two_year,Yes,Credit_card_(automatic),94.45,6921.7,Female,0,Yes,No,Fiber_optic,Yes,Yes,No,No,No,Yes,Yes,0,2020-02-01,2191
2650-GYRYL,2017-05-01,No,One_year,Yes,Bank_transfer_(automatic),19.45,600.25,Male,0,Yes,Yes,No,No,No,No,No,No,No,No,0,2020-02-01,1006
0746-JTRFU,2019-08-01,2019-10-01 00:00:00,Month-to-month,Yes,Electronic_check,25.05,56.35,Male,0,No,No,DSL,No,No,No,No,No,No,No,1,2019-10-01,61
5208-FVQKB,2014-04-01,No,Two_year,No,Mailed_check,67.95,4664.15,Male,0,Yes,No,DSL,Yes,Yes,No,Yes,No,Yes,No,0,2020-02-01,2132
7184-LRUUR,2018-04-01,No,One_year,No,Bank_transfer_(automatic),65.25,1441.8,Female,0,No,No,DSL,No,Yes,Yes,No,Yes,No,No,0,2020-02-01,671
6627-CFOSN,2015-03-01,No,Month-to-month,Yes,Bank_transfer_(automatic),99.45,5623.7,Female,0,No,No,Fiber_optic,Yes,Yes,Yes,No,No,Yes,Yes,0,2020-02-01,1798
3982-JGSFD,2017-02-01,No,One_year,Yes,Credit_card_(automatic),20.35,695.85,Male,0,No,No,No,No,No,No,No,No,No,No,0,2020-02-01,1095
1574-DYCWE,2015-11-01,No,Two_year,No,Mailed_check,19.95,1028.75,Female,0,Yes,Yes,No,No,No,No,No,No,No,No,0,2020-02-01,1553
7247-XOZPB,2015-09-01,No,One_year,No,Bank_transfer_(automatic),77.4,4155.95,Male,0,Yes,No,DSL,Yes,No,Yes,Yes,Yes,No,Yes,0,2020-02-01,1614
2466-FCCPT,2018-06-01,No,One_year,No,Bank_transfer_(automatic),19.7,395.6,Female,0,Yes,Yes,No,No,No,No,No,No,No,No,0,2020-02-01,610
6211-WWLTF,2014-11-01,No,Two_year,No,Credit_card_(automatic),99.7,6330.4,Male,0,Yes,No,Fiber_optic,Yes,No,Yes,No,Yes,Yes,No,0,2020-02-01,1918
4826-TZEVA,2016-10-01,No,Month-to-month,No,Credit_card_(automatic),74.8,2971.7,Female,0,No,No,Fiber_optic,No,Yes,No,No,No,No,No,0,2020-02-01,1218
6016-NXBNJ,2017-03-01,No,One_year,Yes,Mailed_check,19.15,638.0,Male,0,No,No,No,No,No,No,No,No,No,No,0,2020-02-01,1067
9138-EFSMO,2017-12-01,No,One_year,No,Bank_transfer_(automatic),78.95,2034.25,Male,0,Yes,Yes,Fiber_optic,No,No,No,No,No,Yes,No,0,2020-02-01,792
0576-WNXXC,2017-09-01,2019-12-01 00:00:00,Month-to-month,Yes,Electronic_check,95.55,2510.2,Male,1,Yes,No,Fiber_optic,No,Yes,Yes,No,No,Yes,Yes,1,2019-12-01,821
4632-XJMEX,2015-09-01,No,One_year,No,Credit_card_(automatic),62.85,3419.5,Male,0,No,Yes,DSL,Yes,Yes,No,Yes,No,No,No,0,2020-02-01,1614
8910-LEDAG,2017-04-01,No,Month-to-month,No,Credit_card_(automatic),71.55,2427.35,Male,1,Yes,No,Fiber_optic,No,No,No,No,No,No,No,0,2020-02-01,1036
3452-GWUIN,2018-07-01,No,Month-to-month,Yes,Electronic_check,94.95,1760.25,Female,1,Yes,No,Fiber_optic,No,No,No,No,Yes,Yes,Yes,0,2020-02-01,580
2716-GFZOR,2016-07-01,No,Month-to-month,Yes,Credit_card_(automatic),86.1,3551.65,Male,0,Yes,No,Fiber_optic,Yes,Yes,Yes,No,No,No,No,0,2020-02-01,1310
3724-UCSHY,2019-08-01,No,Month-to-month,No,Mailed_check,19.55,122.9,Male,0,Yes,Yes,No,No,No,No,No,No,No,No,0,2020-02-01,184
8626-XHBIE,2015-06-01,No,Two_year,Yes,Mailed_check,24.8,1424.2,Male,0,No,Yes,No,No,No,No,No,No,No,Yes,0,2020-02-01,1706
4628-CTTLA,2015-01-01,2019-10-01 00:00:00,Month-to-month,Yes,Electronic_check,39.3,2111.45,Male,0,No,No,DSL,No,Yes,No,No,Yes,No,No,1,2019-10-01,1734
3192-LNKRK,2017-04-01,No,Month-to-month,Yes,Mailed_check,84.05,2909.95,Male,0,Yes,Yes,Fiber_optic,No,No,Yes,No,Yes,No,No,0,2020-02-01,1036
4439-YRNVD,2019-04-01,No,Month-to-month,No,Electronic_check,36.25,374.0,Female,0,No,No,DSL,No,Yes,No,Yes,No,No,No,0,2020-02-01,306
2876-VBBBL,2019-12-01,2020-01-01 00:00:00,Month-to-month,Yes,Mailed_check,20.25,20.25,Female,0,No,No,No,No,No,No,No,No,No,No,1,2020-01-01,31
6834-NXDCA,2018-11-01,2019-12-01 00:00:00,Month-to-month,Yes,Electronic_check,23.9,300.8,Female,0,No,No,DSL,No,No,No,No,No,No,No,1,2019-12-01,395
2208-UGTGR,2015-06-01,No,Month-to-month,No,Electronic_check,98.6,5581.05,Male,0,No,No,Fiber_optic,No,Yes,No,No,Yes,Yes,Yes,0,2020-02-01,1706
3005-TYFRD,2015-07-01,No,Month-to-month,Yes,Credit_card_(automatic),103.65,5676.65,Female,0,Yes,No,Fiber_optic,No,Yes,Yes,No,Yes,Yes,Yes,0,2020-02-01,1676
8670-MEFCP,2017-02-01,No,Two_year,Yes,Credit_card_(automatic),92.9,3379.25,Female,0,Yes,Yes,DSL,Yes,Yes,Yes,Yes,Yes,Yes,Yes,0,2020-02-01,1095
3079-BCHLN,2016-03-01,No,One_year,No,Bank_transfer_(automatic),19.9,942.95,Male,0,Yes,No,No,No,No,No,No,No,No,No,0,2020-02-01,1432
7777-UNYHB,2019-02-01,No,Month-to-month,Yes,Credit_card_(automatic),20.1,232.4,Female,0,Yes,Yes,No,No,No,No,No,No,No,No,0,2020-02-01,365
5597-GLBUC,2019-10-01,2019-11-01 00:00:00,Month-to-month,Yes,Electronic_check,85.45,85.45,Female,0,No,No,Fiber_optic,No,No,Yes,No,Yes,No,No,1,2019-11-01,31
7278-CKDNC,2018-02-01,No,Month-to-month,Yes,Electronic_check,80.5,2088.45,Male,1,No,No,Fiber_optic,No,Yes,No,No,No,No,Yes,0,2020-02-01,730
2748-MYRVK,2014-10-01,2020-01-01 00:00:00,One_year,No,Bank_transfer_(automatic),99.9,6137.0,Female,0,No,No,Fiber_optic,No,Yes,No,No,Yes,Yes,Yes,1,2020-01-01,1918
8450-UYIBU,2017-03-01,No,Month-to-month,Yes,Electronic_check,39.85,1434.6,Female,1,No,No,DSL,No,No,Yes,No,Yes,No,No,0,2020-02-01,1067
2969-VAPYH,2014-07-01,No,One_year,No,Credit_card_(automatic),60.5,3870.0,Female,0,No,No,DSL,Yes,Yes,No,Yes,No,No,No,0,2020-02-01,2041
4822-YCXMX,2017-09-01,2019-10-01 00:00:00,Month-to-month,Yes,Electronic_check,84.8,2043.45,Male,0,No,No,Fiber_optic,No,No,No,No,No,Yes,Yes,1,2019-10-01,760
7181-OQCUT,2018-05-01,No,Month-to-month,No,Mailed_check,103.85,2215.0,Male,0,No,No,Fiber_optic,Yes,No,Yes,No,Yes,Yes,Yes,0,2020-02-01,641
8474-UMLNT,2019-01-01,No,Month-to-month,No,Bank_transfer_(automatic),67.8,842.25,Female,0,No,No,DSL,Yes,Yes,No,Yes,No,Yes,No,0,2020-02-01,396
9821-POOTN,2017-02-01,2020-01-01 00:00:00,Month-to-month,Yes,Electronic_check,75.2,2576.2,Male,0,Yes,No,Fiber_optic,No,No,No,No,No,No,Yes,1,2020-01-01,1064
3836-FZSDJ,2014-03-01,No,Two_year,No,Bank_transfer_(automatic),24.85,1901.0,Male,1,Yes,No,No,No,No,No,No,No,No,Yes,0,2020-02-01,2163
9142-XMYJH,2017-09-01,No,Month-to-month,No,Credit_card_(automatic),19.35,601.6,Female,0,No,No,No,No,No,No,No,No,No,No,0,2020-02-01,883
6559-ILWKJ,2014-02-01,2020-01-01 00:00:00,Two_year,No,Electronic_check,49.35,3515.25,Male,0,Yes,No,DSL,No,Yes,No,No,Yes,Yes,No,1,2020-01-01,2160
0187-QSXOE,2019-07-01,No,Month-to-month,Yes,Electronic_check,89.0,605.45,Male,1,Yes,No,Fiber_optic,No,No,No,No,Yes,Yes,No,0,2020-02-01,215
7733-UDMTP,2015-05-01,No,Month-to-month,Yes,Electronic_check,55.0,3094.05,Female,1,No,No,DSL,No,Yes,Yes,No,Yes,Yes,No,0,2020-02-01,1737
2649-HWLYB,2014-09-01,No,Two_year,No,Bank_transfer_(automatic),76.15,4929.55,Male,0,Yes,No,DSL,Yes,No,Yes,Yes,No,Yes,Yes,0,2020-02-01,1979
5214-CHIWJ,2017-11-01,No,One_year,No,Mailed_check,20.3,595.05,Male,0,No,No,No,No,No,No,No,No,No,No,0,2020-02-01,822
4229-CZMLL,2019-05-01,2019-11-01 00:00:00,Month-to-month,Yes,Electronic_check,74.9,469.8,Male,0,No,No,Fiber_optic,No,No,No,No,No,No,Yes,1,2019-11-01,184
6904-JLBGY,2014-02-01,No,Two_year,Yes,Credit_card_(automatic),117.35,8436.25,Female,1,No,No,Fiber_optic,Yes,Yes,Yes,Yes,Yes,Yes,Yes,0,2020-02-01,2191
2465-BLLEU,2020-01-01,No,Month-to-month,Yes,Mailed_check,19.75,19.75,Male,0,No,No,No,No,No,No,No,No,No,No,0,2020-02-01,31
1685-VAYJF,2019-03-01,No,Month-to-month,No,Credit_card_(automatic),45.2,492.0,Male,0,No,No,DSL,No,No,No,No,No,No,No,0,2020-02-01,337
8874-EJNSR,2016-11-01,No,Two_year,No,Mailed_check,25.2,987.95,Male,0,Yes,Yes,No,No,No,No,No,No,No,Yes,0,2020-02-01,1187
6917-YACBP,2015-03-01,No,Month-to-month,Yes,Electronic_check,89.75,5496.9,Female,1,No,No,Fiber_optic,Yes,Yes,Yes,No,No,No,Yes,0,2020-02-01,1798
5049-MUBWG,2017-12-01,No,One_year,No,Bank_transfer_(automatic),75.0,1908.35,Male,0,No,No,DSL,Yes,No,No,Yes,Yes,Yes,No,0,2020-02-01,792
4223-WOZCM,2019-12-01,No,Month-to-month,No,Mailed_check,49.95,107.1,Male,1,No,No,DSL,No,No,Yes,No,No,No,No,0,2020-02-01,62
0769-MURVM,2014-02-01,No,Two_year,No,Bank_transfer_(automatic),65.7,4575.35,Female,0,Yes,Yes,DSL,Yes,Yes,Yes,Yes,Yes,Yes,No,0,2020-02-01,2191
9253-VIFJQ,2014-09-01,No,One_year,No,Credit_card_(automatic),67.05,4309.55,Male,0,Yes,No,DSL,Yes,Yes,Yes,No,No,No,Yes,0,2020-02-01,1979
7030-FZTFM,2014-02-01,No,Two_year,No,Credit_card_(automatic),110.9,7922.75,Male,0,Yes,Yes,Fiber_optic,No,Yes,Yes,Yes,Yes,Yes,Yes,0,2020-02-01,2191
9741-YLNTD,2019-08-01,No,Month-to-month,Yes,Bank_transfer_(automatic),87.95,522.35,Male,0,No,No,Fiber_optic,No,No,No,Yes,No,Yes,Yes,0,2020-02-01,184
5917-RYRMG,2017-06-01,No,One_year,No,Credit_card_(automatic),19.8,587.7,Male,1,No,No,No,No,No,No,No,No,No,No,0,2020-02-01,975
5120-ZBLAI,2015-12-01,No,One_year,No,Bank_transfer_(automatic),75.7,3876.2,Female,0,Yes,No,DSL,No,No,Yes,No,Yes,Yes,Yes,0,2020-02-01,1523
1194-BHJYC,2015-01-01,No,Two_year,Yes,Mailed_check,62.15,3778.85,Male,0,Yes,No,DSL,Yes,No,Yes,Yes,Yes,Yes,No,0,2020-02-01,1857
3663-MITLP,2018-10-01,2020-01-01 00:00:00,Month-to-month,Yes,Electronic_check,101.25,1457.25,Female,0,No,No,Fiber_optic,No,Yes,Yes,No,Yes,Yes,No,1,2020-01-01,457
0906-QVPMS,2014-02-01,No,Two_year,No,Bank_transfer_(automatic),115.15,8349.45,Male,0,Yes,No,Fiber_optic,Yes,Yes,Yes,Yes,Yes,Yes,Yes,0,2020-02-01,2191
9025-ZRPVR,2019-01-01,2019-10-01 00:00:00,Month-to-month,Yes,Mailed_check,18.95,185.6,Male,0,No,No,No,No,No,No,No,No,No,No,1,2019-10-01,273
1905-OEILC,2020-01-01,No,Month-to-month,No,Mailed_check,19.5,19.5,Female,0,No,No,No,No,No,No,No,No,No,No,0,2020-02-01,31
7858-GTZSP,2019-02-01,No,Month-to-month,Yes,Electronic_check,86.55,1066.9,Female,0,No,No,Fiber_optic,No,No,No,No,No,Yes,Yes,0,2020-02-01,365
3285-UCQVC,2016-10-01,2019-11-01 00:00:00,Month-to-month,No,Credit_card_(automatic),28.6,973.55,Female,0,No,No,DSL,No,No,No,Yes,No,No,No,1,2019-11-01,1126
6248-BSHKG,2015-01-01,No,One_year,No,Mailed_check,20.4,1226.45,Male,0,Yes,Yes,No,No,No,No,No,No,No,No,0,2020-02-01,1857
4685-TFLLS,2018-08-01,No,One_year,No,Bank_transfer_(automatic),19.8,342.3,Male,0,Yes,Yes,No,No,No,No,No,No,No,No,0,2020-02-01,549
3470-BTGQO,2018-05-01,No,Month-to-month,No,Mailed_check,45.65,985.05,Male,0,No,Yes,DSL,No,No,No,No,No,No,No,0,2020-02-01,641
1209-VFFOC,2014-06-01,No,Two_year,Yes,Mailed_check,56.4,3948.45,Male,0,Yes,Yes,DSL,Yes,Yes,Yes,Yes,No,Yes,No,0,2020-02-01,2071
8224-DWCKX,2019-02-01,No,Month-to-month,Yes,Credit_card_(automatic),73.3,828.05,Male,1,No,No,Fiber_optic,No,No,No,No,No,No,Yes,0,2020-02-01,365
5482-PLVPE,2019-11-01,2020-01-01 00:00:00,Month-to-month,No,Electronic_check,24.35,41.85,Female,1,No,No,DSL,No,No,No,No,No,No,No,1,2020-01-01,61
4553-DVPZG,2014-12-01,No,Month-to-month,Yes,Electronic_check,101.35,6164.7,Female,0,Yes,No,Fiber_optic,No,No,Yes,No,Yes,Yes,Yes,0,2020-02-01,1888
4902-OHLSK,2017-08-01,2020-01-01 00:00:00,Month-to-month,No,Electronic_check,98.65,2862.75,Female,1,No,No,Fiber_optic,No,No,No,Yes,Yes,Yes,Yes,1,2020-01-01,883
6917-IAYHD,2020-01-01,No,Month-to-month,No,Mailed_check,33.6,33.6,Male,0,No,Yes,DSL,No,Yes,No,Yes,No,No,No,0,2020-02-01,31
0495-ZBNGW,2019-05-01,2019-10-01 00:00:00,Month-to-month,Yes,Bank_transfer_(automatic),79.9,343.95,Male,1,Yes,No,Fiber_optic,No,No,Yes,No,No,No,Yes,1,2019-10-01,153
8620-RJPZN,2020-01-01,No,Month-to-month,No,Electronic_check,20.7,20.7,Female,0,No,No,No,No,No,No,No,No,No,No,0,2020-02-01,31
7572-KPVKK,2014-12-01,No,Two_year,Yes,Electronic_check,104.05,6590.5,Male,0,No,Yes,Fiber_optic,No,No,Yes,Yes,Yes,Yes,Yes,0,2020-02-01,1888
2642-MAWLJ,2017-02-01,No,Two_year,No,Bank_transfer_(automatic),20.25,717.95,Female,0,Yes,Yes,No,No,No,No,No,No,No,No,0,2020-02-01,1095
2357-COQEK,2017-08-01,2019-12-01 00:00:00,Month-to-month,Yes,Electronic_check,103.3,2890.65,Female,1,No,No,Fiber_optic,No,No,Yes,Yes,Yes,Yes,Yes,1,2019-12-01,852
7103-ZGVNT,2014-05-01,No,One_year,No,Credit_card_(automatic),73.7,4885.85,Female,0,Yes,Yes,DSL,Yes,Yes,No,Yes,Yes,No,Yes,0,2020-02-01,2102
3737-GCSPV,2018-12-01,2019-11-01 00:00:00,Month-to-month,Yes,Credit_card_(automatic),96.2,1222.05,Female,0,Yes,No,Fiber_optic,Yes,No,No,Yes,Yes,No,Yes,1,2019-11-01,335
2027-WKXMW,2014-11-01,No,Month-to-month,Yes,Electronic_check,108.75,6871.7,Female,0,Yes,No,Fiber_optic,No,Yes,Yes,Yes,Yes,Yes,Yes,0,2020-02-01,1918
7137-NAXML,2018-03-01,No,One_year,No,Bank_transfer_(automatic),20.15,405.6,Male,0,No,No,No,No,No,No,No,No,No,No,0,2020-02-01,702
2428-ZMCTB,2019-04-01,No,Month-to-month,No,Credit_card_(automatic),19.75,208.25,Male,0,No,No,No,No,No,No,No,No,No,No,0,2020-02-01,306
2961-VNFKL,2014-03-01,No,Two_year,Yes,Credit_card_(automatic),25.95,1801.9,Female,0,Yes,No,No,No,No,No,No,No,No,Yes,0,2020-02-01,2163
1768-HNVGJ,2016-05-01,No,Month-to-month,Yes,Electronic_check,70.05,3062.45,Female,1,No,No,DSL,Yes,No,No,Yes,No,Yes,Yes,0,2020-02-01,1371
6963-KQYQB,2014-04-01,No,Two_year,No,Mailed_check,24.05,1764.75,Female,0,Yes,Yes,No,No,No,No,No,No,No,Yes,0,2020-02-01,2132
5934-RMPOV,2018-04-01,No,Month-to-month,Yes,Electronic_check,84.75,1816.75,Female,0,No,Yes,Fiber_optic,No,No,No,No,No,Yes,Yes,0,2020-02-01,671
1207-BLKSA,2015-10-01,No,Two_year,No,Mailed_check,23.05,1255.1,Female,0,Yes,Yes,No,No,No,No,No,No,No,Yes,0,2020-02-01,1584
4088-YLDSU,2015-04-01,2019-11-01 00:00:00,One_year,Yes,Electronic_check,104.15,5743.05,Male,0,Yes,No,Fiber_optic,No,No,Yes,Yes,Yes,Yes,Yes,1,2019-11-01,1675
8316-BBQAY,2014-09-01,No,Two_year,No,Credit_card_(automatic),59.95,3921.1,Female,0,No,No,DSL,Yes,No,Yes,Yes,Yes,Yes,No,0,2020-02-01,1979
1166-PQLGG,2014-02-01,No,Two_year,No,Bank_transfer_(automatic),19.55,1463.45,Female,0,Yes,Yes,No,No,No,No,No,No,No,No,0,2020-02-01,2191
3146-JTQHR,2019-04-01,No,One_year,No,Bank_transfer_(automatic),19.6,189.45,Male,0,Yes,No,No,No,No,No,No,No,No,No,0,2020-02-01,306
4291-YZODP,2019-07-01,No,One_year,No,Mailed_check,20.05,96.8,Female,0,No,Yes,No,No,No,No,No,No,No,No,0,2020-02-01,215
4395-PZMSN,2019-09-01,No,Month-to-month,Yes,Electronic_check,85.55,408.5,Male,1,No,No,Fiber_optic,No,Yes,No,No,No,Yes,No,0,2020-02-01,153
6427-FEFIG,2018-02-01,No,Two_year,No,Credit_card_(automatic),78.6,1846.65,Female,0,Yes,Yes,DSL,Yes,No,Yes,No,Yes,Yes,Yes,0,2020-02-01,730
0017-IUDMW,2014-02-01,No,Two_year,Yes,Credit_card_(automatic),116.8,8456.75,Female,0,Yes,Yes,Fiber_optic,Yes,Yes,Yes,Yes,Yes,Yes,Yes,0,2020-02-01,2191
8706-HRADD,2018-05-01,No,Month-to-month,Yes,Mailed_check,43.55,1011.5,Male,0,No,No,DSL,Yes,No,No,Yes,Yes,No,No,0,2020-02-01,641
9955-QOPOY,2014-05-01,No,One_year,Yes,Credit_card_(automatic),60.8,4263.4,Male,0,Yes,No,DSL,No,Yes,Yes,Yes,Yes,Yes,No,0,2020-02-01,2102
4385-ZKVNW,2016-06-01,No,Month-to-month,Yes,Bank_transfer_(automatic),54.9,2549.1,Male,0,Yes,Yes,DSL,No,Yes,No,Yes,No,No,No,0,2020-02-01,1340
5446-DKWYW,2015-01-01,No,One_year,Yes,Electronic_check,65.2,3965.05,Female,1,Yes,Yes,DSL,No,No,Yes,No,Yes,No,Yes,0,2020-02-01,1857
2034-CGRHZ,2017-11-01,2019-11-01 00:00:00,Month-to-month,Yes,Credit_card_(automatic),102.95,2496.7,Male,1,No,No,Fiber_optic,No,Yes,Yes,No,Yes,Yes,Yes,1,2019-11-01,730
5797-APWZC,2019-12-01,2020-01-01 00:00:00,Month-to-month,No,Electronic_check,90.6,90.6,Female,0,No,No,Fiber_optic,No,No,No,No,Yes,Yes,No,1,2020-01-01,31
3683-QKIUE,2019-06-01,2019-12-01 00:00:00,Month-to-month,Yes,Bank_transfer_(automatic),50.8,288.05,Female,0,No,No,DSL,No,No,No,Yes,No,No,No,1,2019-12-01,183
4228-ZGYUW,2019-07-01,2019-11-01 00:00:00,Month-to-month,Yes,Electronic_check,90.05,368.1,Male,0,No,No,Fiber_optic,No,Yes,No,No,No,Yes,Yes,1,2019-11-01,123
9031-ZVQPT,2014-02-01,No,Two_year,Yes,Electronic_check,108.2,7840.6,Male,0,Yes,No,Fiber_optic,No,Yes,Yes,Yes,Yes,Yes,Yes,0,2020-02-01,2191
2990-IAJSV,2014-02-01,No,Two_year,No,Bank_transfer_(automatic),92.0,6632.75,Male,0,No,No,DSL,Yes,Yes,Yes,Yes,Yes,Yes,Yes,0,2020-02-01,2191
8107-KNCIM,2018-12-01,No,Month-to-month,Yes,Electronic_check,75.1,1013.35,Male,1,Yes,No,Fiber_optic,No,No,No,No,No,No,Yes,0,2020-02-01,427
9027-YFHQJ,2019-07-01,No,Month-to-month,Yes,Bank_transfer_(automatic),25.05,152.95,Male,0,No,No,No,No,No,No,No,No,No,Yes,0,2020-02-01,215
5176-LDKUH,2016-02-01,No,One_year,No,Electronic_check,75.15,3772.65,Female,0,No,No,Fiber_optic,No,Yes,No,No,No,No,No,0,2020-02-01,1461
4644-OBGFZ,2015-07-01,No,One_year,No,Mailed_check,19.5,1026.35,Male,0,Yes,Yes,No,No,No,No,No,No,No,No,0,2020-02-01,1676
7926-IJOOU,2020-01-01,No,Month-to-month,No,Credit_card_(automatic),19.3,19.3,Male,0,No,No,No,No,No,No,No,No,No,No,0,2020-02-01,31
6480-YAGIY,2016-05-01,No,One_year,No,Credit_card_(automatic),112.2,5031.85,Male,0,No,No,Fiber_optic,Yes,Yes,Yes,Yes,Yes,Yes,No,0,2020-02-01,1371
4029-HPFVY,2019-11-01,No,Month-to-month,Yes,Mailed_check,70.3,220.4,Male,0,No,No,Fiber_optic,No,No,No,No,No,No,No,0,2020-02-01,92
7602-DBTOU,2014-03-01,No,Two_year,No,Mailed_check,19.6,1416.5,Female,0,Yes,No,No,No,No,No,No,No,No,No,0,2020-02-01,2163
5345-BMKWB,2019-06-01,No,Month-to-month,No,Mailed_check,20.25,158.35,Male,0,Yes,No,No,No,No,No,No,No,No,No,0,2020-02-01,245
3519-ZKXGG,2019-09-01,2019-12-01 00:00:00,Month-to-month,Yes,Electronic_check,75.85,256.6,Female,0,Yes,No,Fiber_optic,No,No,No,No,No,No,Yes,1,2019-12-01,91
5457-COLHT,2014-05-01,No,Two_year,No,Bank_transfer_(automatic),80.65,5542.55,Male,0,Yes,Yes,DSL,Yes,Yes,No,Yes,Yes,Yes,No,0,2020-02-01,2102
6416-TVAIH,2019-10-01,2019-11-01 00:00:00,Month-to-month,Yes,Electronic_check,68.5,68.5,Male,0,Yes,Yes,Fiber_optic,No,No,No,No,No,No,No,1,2019-11-01,31
5451-YHYPW,2014-02-01,No,Two_year,Yes,Credit_card_(automatic),115.75,8443.7,Female,1,Yes,No,Fiber_optic,Yes,Yes,Yes,Yes,Yes,Yes,Yes,0,2020-02-01,2191
5108-ADXWO,2019-02-01,2020-01-01 00:00:00,Month-to-month,Yes,Electronic_check,73.5,791.75,Male,0,No,No,Fiber_optic,Yes,No,No,No,No,No,No,1,2020-01-01,334
7998-WNZEM,2014-03-01,No,Two_year,No,Bank_transfer_(automatic),80.6,5708.2,Male,0,No,No,DSL,Yes,Yes,Yes,Yes,No,Yes,Yes,0,2020-02-01,2163
3066-RRJIO,2019-10-01,2019-11-01 00:00:00,Month-to-month,Yes,Mailed_check,69.95,69.95,Female,0,No,No,Fiber_optic,No,No,No,No,No,No,No,1,2019-11-01,31
4664-NJCMS,2017-05-01,No,Two_year,No,Bank_transfer_(automatic),59.55,2016.3,Female,0,Yes,No,DSL,Yes,No,Yes,Yes,Yes,Yes,No,0,2020-02-01,1006
0307-BCOPK,2018-10-01,No,One_year,No,Mailed_check,19.05,326.65,Female,0,No,No,No,No,No,No,No,No,No,No,0,2020-02-01,488
7629-WFGLW,2015-06-01,No,One_year,No,Electronic_check,95.65,5471.75,Female,1,Yes,No,Fiber_optic,Yes,Yes,Yes,Yes,No,No,Yes,0,2020-02-01,1706
2542-HYGIQ,2020-01-01,No,Month-to-month,No,Credit_card_(automatic),19.95,19.95,Female,0,No,No,No,No,No,No,No,No,No,No,0,2020-02-01,31
6715-OFDBP,2019-05-01,2019-10-01 00:00:00,Month-to-month,Yes,Electronic_check,70.05,346.4,Male,0,No,No,DSL,No,No,Yes,No,Yes,Yes,No,1,2019-10-01,153
5016-LIPDW,2015-05-01,No,One_year,No,Mailed_check,19.4,1061.6,Male,0,Yes,Yes,No,No,No,No,No,No,No,No,0,2020-02-01,1737
6481-LXPWL,2015-06-01,No,One_year,Yes,Credit_card_(automatic),36.1,1971.5,Male,0,Yes,Yes,DSL,No,Yes,Yes,No,No,No,No,0,2020-02-01,1706
1567-DSCIC,2019-05-01,2020-01-01 00:00:00,Month-to-month,Yes,Electronic_check,94.0,773.65,Male,0,No,No,Fiber_optic,No,Yes,Yes,No,Yes,No,Yes,1,2020-01-01,245
2150-UWTFY,2017-12-01,2019-10-01 00:00:00,Month-to-month,No,Mailed_check,61.15,1422.05,Female,0,Yes,Yes,DSL,Yes,Yes,Yes,No,No,No,No,1,2019-10-01,669
6124-ACRHJ,2020-01-01,No,Month-to-month,No,Mailed_check,19.75,19.75,Female,0,No,No,No,No,No,No,No,No,No,No,0,2020-02-01,31
9362-MWODR,2016-10-01,No,Month-to-month,Yes,Credit_card_(automatic),64.1,2460.35,Female,0,No,Yes,DSL,Yes,No,No,Yes,Yes,No,No,0,2020-02-01,1218
9975-GPKZU,2016-04-01,No,Two_year,No,Credit_card_(automatic),19.75,856.5,Male,0,Yes,Yes,No,No,No,No,No,No,No,No,0,2020-02-01,1401
9625-RZFUK,2014-11-01,No,Two_year,No,Mailed_check,19.7,1275.85,Male,0,Yes,Yes,No,No,No,No,No,No,No,No,0,2020-02-01,1918
5153-LXKDT,2014-06-01,No,Two_year,Yes,Electronic_check,110.2,7467.5,Male,0,Yes,Yes,Fiber_optic,Yes,Yes,Yes,No,Yes,Yes,Yes,0,2020-02-01,2071
5161-UBZXI,2014-05-01,No,Two_year,Yes,Credit_card_(automatic),106.35,7261.75,Male,0,Yes,Yes,Fiber_optic,Yes,Yes,No,Yes,Yes,Yes,No,0,2020-02-01,2102
1020-JPQOW,2015-06-01,No,Month-to-month,No,Electronic_check,90.55,5116.6,Female,0,Yes,No,Fiber_optic,No,Yes,Yes,Yes,No,No,Yes,0,2020-02-01,1706
7919-ZODZZ,2019-04-01,No,One_year,Yes,Mailed_check,65.9,660.05,Female,0,Yes,Yes,DSL,No,Yes,Yes,No,No,Yes,No,0,2020-02-01,306
0565-JUPYD,2014-11-01,No,One_year,No,Credit_card_(automatic),104.5,6590.8,Male,0,No,No,Fiber_optic,Yes,Yes,Yes,Yes,Yes,No,Yes,0,2020-02-01,1918
6867-ACCZI,2018-02-01,No,Two_year,Yes,Mailed_check,52.5,1208.15,Female,0,Yes,Yes,DSL,Yes,Yes,Yes,Yes,No,Yes,No,0,2020-02-01,730
5939-XAIXZ,2018-07-01,No,Month-to-month,Yes,Mailed_check,56.1,1033.9,Female,0,No,No,DSL,No,No,Yes,No,No,No,Yes,0,2020-02-01,580
9054-FOWNV,2018-04-01,No,Month-to-month,Yes,Electronic_check,88.75,1885.15,Male,0,Yes,Yes,Fiber_optic,No,No,Yes,No,Yes,No,Yes,0,2020-02-01,671
2683-BPJSO,2017-08-01,2020-01-01 00:00:00,Month-to-month,Yes,Electronic_check,84.45,2467.1,Male,0,Yes,No,Fiber_optic,Yes,Yes,No,No,No,No,Yes,1,2020-01-01,883
2157-MXBJS,2018-10-01,2019-11-01 00:00:00,One_year,Yes,Mailed_check,75.3,989.45,Male,0,Yes,No,DSL,No,No,Yes,No,Yes,Yes,Yes,1,2019-11-01,396
8207-VVMYB,2014-04-01,No,Two_year,Yes,Bank_transfer_(automatic),26.0,2006.95,Female,0,Yes,No,No,No,No,No,No,No,No,Yes,0,2020-02-01,2132
9732-EQMWY,2016-01-01,No,Month-to-month,No,Electronic_check,99.4,5025.0,Female,0,Yes,No,Fiber_optic,No,Yes,Yes,No,Yes,Yes,No,0,2020-02-01,1492
9360-AHGNL,2016-04-01,2019-11-01 00:00:00,One_year,Yes,Mailed_check,109.55,4830.25,Female,1,Yes,No,Fiber_optic,Yes,No,Yes,Yes,Yes,Yes,Yes,1,2019-11-01,1309
1087-UDSIH,2019-08-01,2019-11-01 00:00:00,Month-to-month,Yes,Mailed_check,19.6,59.75,Female,0,No,No,No,No,No,No,No,No,No,No,1,2019-11-01,92
5269-NRGDP,2016-08-01,No,One_year,No,Electronic_check,73.15,3088.25,Male,0,Yes,Yes,DSL,No,No,Yes,Yes,Yes,Yes,No,0,2020-02-01,1279
6195-MELTI,2015-05-01,No,One_year,Yes,Mailed_check,54.65,3134.7,Male,0,No,No,DSL,No,Yes,No,Yes,No,No,No,0,2020-02-01,1737
5485-WUYWF,2019-11-01,2020-01-01 00:00:00,Month-to-month,No,Bank_transfer_(automatic),66.4,94.55,Male,1,No,No,DSL,Yes,No,Yes,No,Yes,No,No,1,2020-01-01,61
2121-JAFOM,2014-02-01,No,Two_year,Yes,Credit_card_(automatic),115.55,8312.4,Female,0,Yes,No,Fiber_optic,Yes,Yes,Yes,Yes,Yes,Yes,Yes,0,2020-02-01,2191
8818-DOPVL,2016-04-01,No,Month-to-month,Yes,Electronic_check,104.45,4863.85,Female,1,No,No,Fiber_optic,No,Yes,Yes,No,Yes,Yes,Yes,0,2020-02-01,1401
2632-UCGVD,2014-04-01,2019-10-01 00:00:00,Month-to-month,Yes,Credit_card_(automatic),100.05,6871.9,Male,1,Yes,No,Fiber_optic,No,No,No,Yes,Yes,Yes,Yes,1,2019-10-01,2009
5445-PZWGX,2014-11-01,2020-01-01 00:00:00,One_year,No,Electronic_check,102.0,6529.25,Male,0,No,No,Fiber_optic,Yes,Yes,No,Yes,No,Yes,Yes,1,2020-01-01,1887
1227-UDMZR,2014-02-01,No,Two_year,Yes,Bank_transfer_(automatic),91.15,6637.9,Female,0,Yes,No,DSL,Yes,Yes,Yes,Yes,Yes,Yes,Yes,0,2020-02-01,2191
5198-HQAEN,2017-03-01,No,One_year,Yes,Electronic_check,89.7,3165.6,Male,0,Yes,Yes,Fiber_optic,No,Yes,No,Yes,Yes,No,No,0,2020-02-01,1067
9170-CCKOU,2018-07-01,2019-12-01 00:00:00,Month-to-month,No,Credit_card_(automatic),90.2,1454.15,Male,0,Yes,No,Fiber_optic,Yes,Yes,Yes,No,No,No,Yes,1,2019-12-01,518
2167-FQSTQ,2014-02-01,No,Two_year,Yes,Electronic_check,92.4,6786.1,Female,0,Yes,No,DSL,Yes,Yes,Yes,Yes,Yes,Yes,Yes,0,2020-02-01,2191
2819-GWENI,2017-10-01,No,One_year,No,Mailed_check,19.9,543.0,Female,0,Yes,Yes,No,No,No,No,No,No,No,No,0,2020-02-01,853
1043-YCUTE,2015-04-01,2019-12-01 00:00:00,Two_year,Yes,Credit_card_(automatic),25.15,1327.15,Male,0,Yes,No,No,No,No,No,No,No,No,Yes,1,2019-12-01,1705
3814-MLAXC,2017-05-01,2019-12-01 00:00:00,Month-to-month,Yes,Credit_card_(automatic),79.85,2404.15,Female,0,No,No,Fiber_optic,No,No,No,Yes,No,No,Yes,1,2019-12-01,944
3572-UUHRS,2016-05-01,No,One_year,No,Bank_transfer_(automatic),18.85,867.3,Male,0,No,No,No,No,No,No,No,No,No,No,0,2020-02-01,1371
2692-PFYTJ,2020-01-01,No,Month-to-month,Yes,Mailed_check,25.75,25.75,Female,0,No,No,No,No,No,No,No,No,No,Yes,0,2020-02-01,31
1226-UDFZR,2019-10-01,2019-12-01 00:00:00,Month-to-month,Yes,Mailed_check,49.6,114.7,Female,0,No,No,DSL,No,Yes,No,No,No,No,No,1,2019-12-01,61
5955-EPOAZ,2019-08-01,No,Month-to-month,Yes,Mailed_check,20.95,109.5,Female,0,No,No,No,No,No,No,No,No,No,No,0,2020-02-01,184
6821-JPCDC,2016-02-01,No,One_year,Yes,Electronic_check,97.05,4692.95,Female,0,Yes,No,Fiber_optic,No,Yes,Yes,No,Yes,Yes,No,0,2020-02-01,1461
8815-LMFLX,2018-01-01,No,Month-to-month,Yes,Bank_transfer_(automatic),25.4,546.85,Male,0,Yes,Yes,No,No,No,No,No,No,No,Yes,0,2020-02-01,761
9135-HSWOC,2014-10-01,No,Two_year,Yes,Bank_transfer_(automatic),19.7,1274.05,Male,0,Yes,Yes,No,No,No,No,No,No,No,No,0,2020-02-01,1949
8582-KRHPJ,2015-12-01,No,Month-to-month,Yes,Mailed_check,35.0,1782.4,Male,0,No,No,DSL,Yes,Yes,No,No,No,No,No,0,2020-02-01,1523
5811-IWXYM,2015-10-01,No,One_year,No,Bank_transfer_(automatic),101.25,5301.1,Female,0,Yes,Yes,Fiber_optic,No,No,Yes,No,Yes,Yes,Yes,0,2020-02-01,1584
7044-YAACC,2019-10-01,No,Month-to-month,Yes,Electronic_check,70.2,280.35,Male,1,Yes,No,Fiber_optic,No,No,No,No,No,No,No,0,2020-02-01,123
8189-XRIKE,2017-06-01,No,Month-to-month,No,Electronic_check,90.95,2897.95,Female,1,No,No,Fiber_optic,No,No,No,No,Yes,Yes,No,0,2020-02-01,975
1506-YJTYT,2016-05-01,No,Two_year,No,Credit_card_(automatic),73.85,3371.0,Male,0,Yes,Yes,DSL,Yes,Yes,No,Yes,Yes,No,Yes,0,2020-02-01,1371
4123-DVHPH,2019-05-01,No,Month-to-month,Yes,Electronic_check,88.05,801.3,Male,0,Yes,No,Fiber_optic,Yes,No,No,No,No,Yes,Yes,0,2020-02-01,276
6425-YQLLO,2014-07-01,2020-01-01 00:00:00,One_year,Yes,Credit_card_(automatic),105.95,6975.25,Female,1,Yes,No,Fiber_optic,No,No,Yes,Yes,Yes,Yes,Yes,1,2020-01-01,2010
5442-UTCVD,2019-07-01,2019-10-01 00:00:00,Month-to-month,No,Electronic_check,91.85,257.05,Male,0,No,Yes,Fiber_optic,No,No,Yes,No,No,Yes,Yes,1,2019-10-01,92
2228-BZDEE,2015-08-01,No,Two_year,No,Mailed_check,20.1,1079.45,Female,0,No,No,No,No,No,No,No,No,No,No,0,2020-02-01,1645
7734-DBOAI,2019-10-01,2019-11-01 00:00:00,Month-to-month,No,Electronic_check,40.1,40.1,Female,0,Yes,Yes,DSL,No,No,No,Yes,Yes,No,No,1,2019-11-01,31
2789-CZANW,2014-10-01,No,Two_year,No,Bank_transfer_(automatic),110.3,6997.3,Female,0,Yes,Yes,Fiber_optic,Yes,Yes,No,Yes,Yes,Yes,Yes,0,2020-02-01,1949
2091-RFFBA,2017-06-01,2020-01-01 00:00:00,Month-to-month,Yes,Electronic_check,73.9,2217.15,Female,1,No,No,Fiber_optic,No,No,No,No,No,No,Yes,1,2020-01-01,944
2114-MGINA,2018-09-01,2019-11-01 00:00:00,Month-to-month,Yes,Mailed_check,89.8,1129.1,Female,0,No,No,Fiber_optic,No,No,No,No,Yes,Yes,No,1,2019-11-01,426
7596-LDUXP,2019-02-01,No,One_year,Yes,Credit_card_(automatic),85.15,979.05,Female,0,No,No,Fiber_optic,Yes,No,No,No,Yes,No,No,0,2020-02-01,365
3740-RLMVT,2014-07-01,No,One_year,Yes,Bank_transfer_(automatic),60.95,4119.4,Male,1,Yes,No,DSL,Yes,Yes,No,Yes,No,No,No,0,2020-02-01,2041
4489-SNOJF,2017-01-01,2019-12-01 00:00:00,Month-to-month,No,Electronic_check,72.25,2568.55,Female,0,Yes,Yes,DSL,Yes,No,Yes,Yes,Yes,No,Yes,1,2019-12-01,1064
2192-OZITF,2016-05-01,No,Two_year,No,Mailed_check,73.55,3349.1,Female,0,No,No,DSL,Yes,No,No,Yes,No,Yes,Yes,0,2020-02-01,1371
5651-CPDND,2019-04-01,No,Month-to-month,No,Mailed_check,46.0,492.1,Male,0,No,No,DSL,No,No,No,No,No,No,No,0,2020-02-01,306
2186-QZEYA,2017-09-01,No,Month-to-month,Yes,Bank_transfer_(automatic),58.55,1718.95,Female,1,No,No,DSL,Yes,Yes,No,No,No,No,Yes,0,2020-02-01,883
1131-ALZWV,2018-02-01,No,One_year,No,Bank_transfer_(automatic),24.6,605.25,Female,0,No,No,No,No,No,No,No,No,No,Yes,0,2020-02-01,730
7729-XBTWX,2014-08-01,No,Two_year,Yes,Mailed_check,19.75,1344.5,Male,0,Yes,Yes,No,No,No,No,No,No,No,No,0,2020-02-01,2010
9134-WYRVP,2015-11-01,No,One_year,No,Mailed_check,86.35,4267.15,Male,0,No,No,Fiber_optic,Yes,No,No,No,Yes,No,No,0,2020-02-01,1553
3284-SVCRO,2016-05-01,No,Two_year,No,Mailed_check,25.5,1121.05,Female,0,Yes,No,No,No,No,No,No,No,No,Yes,0,2020-02-01,1371
9732-OUYRN,2016-01-01,No,One_year,No,Credit_card_(automatic),19.0,918.7,Female,0,Yes,No,No,No,No,No,No,No,No,No,0,2020-02-01,1492
0559-CKHUS,2017-09-01,No,Two_year,Yes,Mailed_check,19.55,521.8,Female,0,Yes,No,No,No,No,No,No,No,No,No,0,2020-02-01,883
2931-SVLTV,2016-10-01,No,Month-to-month,Yes,Credit_card_(automatic),110.1,4469.1,Male,0,Yes,Yes,Fiber_optic,Yes,Yes,No,Yes,Yes,Yes,Yes,0,2020-02-01,1218
6899-PPEEA,2016-09-01,2019-10-01 00:00:00,Month-to-month,Yes,Electronic_check,96.55,3580.3,Female,1,No,No,Fiber_optic,No,No,No,No,Yes,Yes,Yes,1,2019-10-01,1125
7504-UWHNB,2018-01-01,No,Month-to-month,No,Electronic_check,69.75,1729.35,Male,0,No,No,Fiber_optic,No,No,No,No,No,No,No,0,2020-02-01,761
2582-FFFZR,2018-04-01,No,Month-to-month,Yes,Electronic_check,50.6,1073.3,Female,0,No,No,DSL,No,No,Yes,No,Yes,Yes,No,0,2020-02-01,671
8908-NMQTX,2014-02-01,No,Two_year,Yes,Bank_transfer_(automatic),65.6,4566.5,Male,0,No,No,DSL,Yes,Yes,Yes,Yes,Yes,Yes,No,0,2020-02-01,2191
2187-LZGPL,2019-06-01,2020-01-01 00:00:00,Month-to-month,Yes,Credit_card_(automatic),40.1,293.3,Female,0,No,No,DSL,No,Yes,No,No,No,Yes,No,1,2020-01-01,214
1431-AIDJQ,2017-05-01,No,Two_year,No,Credit_card_(automatic),82.1,2603.1,Male,0,Yes,Yes,DSL,No,Yes,Yes,Yes,Yes,Yes,No,0,2020-02-01,1006
6288-LBEAR,2018-03-01,No,Month-to-month,Yes,Mailed_check,79.1,1783.75,Female,0,No,No,Fiber_optic,No,Yes,No,Yes,No,No,No,0,2020-02-01,702
4597-NUCQV,2017-12-01,2019-12-01 00:00:00,Month-to-month,Yes,Electronic_check,101.25,2440.15,Male,1,No,No,Fiber_optic,No,Yes,No,No,Yes,Yes,Yes,1,2019-12-01,730
9019-QVLZD,2019-11-01,2019-12-01 00:00:00,Month-to-month,No,Electronic_check,79.55,79.55,Female,0,No,No,Fiber_optic,No,No,No,No,Yes,No,No,1,2019-12-01,30
8413-YNHNV,2014-05-01,No,Two_year,No,Mailed_check,90.65,6322.1,Male,0,No,No,DSL,Yes,Yes,Yes,Yes,Yes,Yes,Yes,0,2020-02-01,2102
5808-TOTXO,2019-11-01,No,One_year,Yes,Credit_card_(automatic),20.55,57.4,Female,0,No,Yes,No,No,No,No,No,No,No,No,0,2020-02-01,92
4369-NYSCF,2015-06-01,No,One_year,Yes,Bank_transfer_(automatic),75.75,4284.65,Male,0,No,No,DSL,No,Yes,No,Yes,Yes,Yes,No,0,2020-02-01,1706
6333-YDVLT,2014-09-01,No,One_year,Yes,Credit_card_(automatic),110.0,7138.65,Male,0,No,No,Fiber_optic,Yes,No,Yes,Yes,Yes,Yes,Yes,0,2020-02-01,1979
5324-KTGCG,2014-03-01,No,One_year,No,Electronic_check,20.85,1539.75,Male,0,Yes,No,No,No,No,No,No,No,No,No,0,2020-02-01,2163
5599-HVLTW,2018-12-01,No,Month-to-month,Yes,Bank_transfer_(automatic),80.35,1058.1,Female,1,No,No,Fiber_optic,No,No,Yes,No,No,No,Yes,0,2020-02-01,427
7394-LWLYN,2019-12-01,No,Month-to-month,Yes,Electronic_check,70.15,123.8,Female,0,No,No,Fiber_optic,No,No,No,No,No,No,No,0,2020-02-01,62
3707-LRWZD,2017-02-01,2019-10-01 00:00:00,One_year,No,Electronic_check,84.05,2781.85,Female,0,No,No,Fiber_optic,No,No,No,No,Yes,No,Yes,1,2019-10-01,972
6873-UDNLD,2016-10-01,No,Month-to-month,No,Electronic_check,67.45,2731.0,Male,0,No,No,DSL,Yes,No,Yes,No,No,Yes,No,0,2020-02-01,1218
2700-LUEVA,2020-01-01,No,Month-to-month,No,Credit_card_(automatic),20.75,20.75,Male,0,No,No,No,No,No,No,No,No,No,No,0,2020-02-01,31
1455-ESIQH,2019-12-01,2020-01-01 00:00:00,Month-to-month,Yes,Electronic_check,89.1,89.1,Male,0,No,No,Fiber_optic,No,No,No,No,Yes,Yes,No,1,2020-01-01,31
0958-YHXGP,2019-07-01,No,Month-to-month,Yes,Mailed_check,69.9,497.3,Female,0,No,No,Fiber_optic,No,No,No,No,No,No,No,0,2020-02-01,215
1101-SSWAG,2018-11-01,No,Month-to-month,Yes,Electronic_check,51.1,711.15,Female,0,Yes,No,DSL,No,No,No,No,No,No,Yes,0,2020-02-01,457
2979-SXESE,2018-07-01,2019-12-01 00:00:00,Month-to-month,No,Electronic_check,94.4,1607.2,Female,0,Yes,Yes,Fiber_optic,Yes,No,Yes,No,Yes,No,Yes,1,2019-12-01,518
4013-TLDHQ,2018-05-01,2019-12-01 00:00:00,Month-to-month,Yes,Electronic_check,78.25,1490.95,Male,0,No,No,Fiber_optic,No,Yes,Yes,No,No,No,No,1,2019-12-01,579
5743-KHMNA,2014-03-01,No,Two_year,No,Bank_transfer_(automatic),25.55,1898.1,Male,0,No,No,No,No,No,No,No,No,No,Yes,0,2020-02-01,2163
4194-FJARJ,2015-08-01,No,Two_year,No,Bank_transfer_(automatic),60.0,3273.95,Female,0,Yes,Yes,DSL,Yes,No,No,Yes,No,No,Yes,0,2020-02-01,1645
5325-UWTWJ,2017-07-01,No,Month-to-month,Yes,Credit_card_(automatic),90.55,2929.75,Male,0,Yes,No,Fiber_optic,Yes,Yes,No,Yes,No,No,Yes,0,2020-02-01,945
3969-GYXEL,2019-03-01,No,Month-to-month,No,Electronic_check,76.4,838.7,Female,0,No,No,Fiber_optic,Yes,No,No,No,No,No,No,0,2020-02-01,337
9208-OLGAQ,2018-08-01,No,Month-to-month,Yes,Electronic_check,84.95,1443.65,Female,1,No,No,Fiber_optic,No,No,Yes,No,No,Yes,No,0,2020-02-01,549
3244-CQPHU,2014-02-01,No,Two_year,Yes,Bank_transfer_(automatic),110.1,7746.7,Female,1,No,No,Fiber_optic,Yes,Yes,No,Yes,Yes,Yes,Yes,0,2020-02-01,2191
2674-MLXMN,2014-03-01,No,Month-to-month,Yes,Credit_card_(automatic),99.65,6951.15,Female,1,No,No,Fiber_optic,No,Yes,No,No,Yes,Yes,Yes,0,2020-02-01,2163
9708-HPXWZ,2019-09-01,No,Month-to-month,No,Credit_card_(automatic),45.4,214.75,Male,1,No,No,DSL,No,No,Yes,Yes,Yes,No,No,0,2020-02-01,153
6992-TKNYO,2016-12-01,No,One_year,No,Credit_card_(automatic),69.0,2669.45,Male,0,Yes,No,DSL,No,No,Yes,Yes,No,Yes,Yes,0,2020-02-01,1157
4468-YDOVK,2019-09-01,No,Month-to-month,Yes,Bank_transfer_(automatic),48.65,235.2,Male,0,No,Yes,DSL,No,No,No,Yes,No,No,No,0,2020-02-01,153
3754-DXMRT,2019-09-01,2019-11-01 00:00:00,Month-to-month,Yes,Electronic_check,44.15,92.65,Male,1,No,No,DSL,No,No,No,No,No,No,No,1,2019-11-01,61
5792-JALQC,2015-10-01,No,Two_year,No,Bank_transfer_(automatic),59.85,3103.25,Female,1,No,No,DSL,Yes,No,Yes,No,No,No,Yes,0,2020-02-01,1584
7130-VTEWQ,2019-02-01,2019-10-01 00:00:00,Month-to-month,Yes,Electronic_check,75.75,606.25,Female,1,No,No,Fiber_optic,No,No,No,No,No,No,Yes,1,2019-10-01,242
2200-DSAAL,2014-06-01,No,Two_year,Yes,Electronic_check,80.65,5330.2,Female,0,No,No,DSL,No,Yes,Yes,No,Yes,Yes,Yes,0,2020-02-01,2071
4302-ZYFEL,2014-05-01,No,One_year,Yes,Credit_card_(automatic),20.55,1403.1,Male,0,Yes,Yes,No,No,No,No,No,No,No,No,0,2020-02-01,2102
9351-LZYGF,2016-08-01,No,Month-to-month,Yes,Credit_card_(automatic),66.4,2727.8,Female,0,Yes,No,DSL,Yes,Yes,No,Yes,No,No,Yes,0,2020-02-01,1279
4366-CTOUZ,2015-12-01,No,Two_year,Yes,Mailed_check,100.2,5038.45,Female,0,No,No,Fiber_optic,No,Yes,No,Yes,Yes,Yes,No,0,2020-02-01,1523
6121-VZNQB,2019-12-01,2020-01-01 00:00:00,Month-to-month,Yes,Mailed_check,19.1,19.1,Female,0,No,No,No,No,No,No,No,No,No,No,1,2020-01-01,31
7903-CMPEY,2019-10-01,2019-11-01 00:00:00,Month-to-month,Yes,Electronic_check,80.3,80.3,Male,1,Yes,No,Fiber_optic,Yes,No,No,No,No,No,Yes,1,2019-11-01,31
1518-OMDIK,2017-05-01,No,Month-to-month,Yes,Credit_card_(automatic),44.55,1462.6,Male,0,Yes,No,DSL,No,No,No,No,No,No,No,0,2020-02-01,1006
6671-NGWON,2019-07-01,No,Month-to-month,No,Mailed_check,20.35,150.6,Female,0,No,No,No,No,No,No,No,No,No,No,0,2020-02-01,215
0595-ITUDF,2014-10-01,No,Month-to-month,Yes,Electronic_check,91.8,5960.5,Male,0,Yes,Yes,Fiber_optic,Yes,Yes,Yes,No,No,No,Yes,0,2020-02-01,1949
6996-KNSML,2019-12-01,2020-01-01 00:00:00,Month-to-month,Yes,Electronic_check,74.9,74.9,Female,0,No,No,Fiber_optic,No,No,Yes,No,No,No,No,1,2020-01-01,31
1955-IBMMB,2015-03-01,No,Two_year,Yes,Bank_transfer_(automatic),20.2,1192.3,Male,0,No,No,No,No,No,No,No,No,No,No,0,2020-02-01,1798
0096-BXERS,2019-08-01,No,Month-to-month,No,Electronic_check,50.35,314.55,Female,0,Yes,No,DSL,No,No,No,No,No,No,Yes,0,2020-02-01,184
3806-YAZOV,2019-11-01,No,Month-to-month,No,Mailed_check,18.8,56.0,Female,0,No,No,No,No,No,No,No,No,No,No,0,2020-02-01,92
7998-ZLXWN,2018-11-01,No,Month-to-month,No,Credit_card_(automatic),20.45,330.8,Female,0,Yes,No,No,No,No,No,No,No,No,No,0,2020-02-01,457
6253-WRFHY,2019-01-01,No,One_year,Yes,Electronic_check,64.75,877.35,Male,0,Yes,Yes,DSL,No,No,No,No,Yes,Yes,No,0,2020-02-01,396
9133-AYJZG,2018-03-01,No,Month-to-month,Yes,Credit_card_(automatic),98.7,2249.1,Female,0,No,No,Fiber_optic,No,Yes,No,No,Yes,Yes,Yes,0,2020-02-01,702
2675-OTVVJ,2017-07-01,No,Month-to-month,No,Electronic_check,89.45,2807.65,Male,1,Yes,No,Fiber_optic,Yes,No,No,No,Yes,No,Yes,0,2020-02-01,945
8680-CGLTP,2017-09-01,No,One_year,Yes,Electronic_check,58.75,1696.2,Male,0,No,No,DSL,Yes,Yes,No,Yes,No,No,No,0,2020-02-01,883
8430-TWCBX,2016-01-01,No,One_year,No,Credit_card_(automatic),20.7,1032.05,Female,0,Yes,No,No,No,No,No,No,No,No,No,0,2020-02-01,1492
5018-GWURO,2015-06-01,No,Month-to-month,Yes,Bank_transfer_(automatic),85.6,4902.8,Female,0,Yes,No,Fiber_optic,No,No,No,No,Yes,No,Yes,0,2020-02-01,1706
6741-QRLUP,2014-11-01,No,Two_year,Yes,Credit_card_(automatic),80.3,4995.35,Female,0,No,No,DSL,Yes,Yes,Yes,Yes,No,Yes,Yes,0,2020-02-01,1918
4737-HOBAX,2014-11-01,No,Two_year,No,Credit_card_(automatic),79.8,5034.05,Male,0,Yes,No,DSL,No,No,Yes,Yes,Yes,Yes,Yes,0,2020-02-01,1918
0537-QYZZN,2018-02-01,No,Month-to-month,Yes,Electronic_check,79.85,1857.75,Male,1,Yes,Yes,Fiber_optic,Yes,No,No,No,No,No,Yes,0,2020-02-01,730
3340-QBBFM,2017-02-01,No,One_year,No,Credit_card_(automatic),54.1,1992.85,Male,1,Yes,No,DSL,No,No,Yes,Yes,No,No,No,0,2020-02-01,1095
1704-NRWYE,2019-01-01,2019-10-01 00:00:00,Month-to-month,Yes,Electronic_check,80.85,751.65,Female,1,No,No,Fiber_optic,No,No,No,No,Yes,No,No,1,2019-10-01,273
2592-SEIFQ,2019-07-01,2019-10-01 00:00:00,Month-to-month,No,Electronic_check,24.75,66.95,Male,0,No,No,DSL,No,No,No,No,No,No,No,1,2019-10-01,92
8200-KLNYW,2018-05-01,No,One_year,No,Mailed_check,80.9,1714.95,Female,0,Yes,No,DSL,Yes,No,Yes,Yes,Yes,Yes,No,0,2020-02-01,641
3372-CDXFJ,2019-01-01,No,One_year,No,Bank_transfer_(automatic),24.5,343.6,Male,0,Yes,Yes,No,No,No,No,No,No,No,Yes,0,2020-02-01,396
4781-ZXYGU,2020-01-01,No,Month-to-month,Yes,Bank_transfer_(automatic),20.15,20.15,Male,0,Yes,Yes,No,No,No,No,No,No,No,No,0,2020-02-01,31
7632-YUTXB,2018-01-01,No,One_year,No,Mailed_check,20.05,520.1,Female,0,Yes,Yes,No,No,No,No,No,No,No,No,0,2020-02-01,761
2718-YSKCS,2014-03-01,No,Two_year,Yes,Bank_transfer_(automatic),19.6,1387.45,Male,0,Yes,Yes,No,No,No,No,No,No,No,No,0,2020-02-01,2163
9896-UYMIE,2014-08-01,No,One_year,Yes,Bank_transfer_(automatic),114.3,7383.7,Male,0,No,No,Fiber_optic,Yes,Yes,Yes,Yes,Yes,Yes,Yes,0,2020-02-01,2010
0853-NWIFK,2016-05-01,No,One_year,Yes,Electronic_check,100.3,4483.95,Female,0,No,No,Fiber_optic,Yes,Yes,No,No,Yes,Yes,No,0,2020-02-01,1371
8212-CRQXP,2018-04-01,No,Month-to-month,Yes,Credit_card_(automatic),80.0,1706.45,Female,0,Yes,No,Fiber_optic,No,No,No,No,Yes,No,No,0,2020-02-01,671
6980-CDGFC,2014-07-01,No,One_year,Yes,Bank_transfer_(automatic),20.85,1327.4,Female,0,Yes,No,No,No,No,No,No,No,No,No,0,2020-02-01,2041
7691-XVTZH,2014-06-01,No,Two_year,Yes,Bank_transfer_(automatic),89.95,5974.3,Female,0,Yes,No,Fiber_optic,No,No,Yes,No,Yes,No,Yes,0,2020-02-01,2071
2520-SGTTA,2020-02-01,No,Two_year,No,Mailed_check,20.0,0.0,Female,0,Yes,Yes,No,No,No,No,No,No,No,No,0,2020-02-01,0
7481-ATQQS,2015-11-01,2019-12-01 00:00:00,Month-to-month,Yes,Credit_card_(automatic),90.85,4515.85,Female,1,No,No,Fiber_optic,No,No,Yes,No,No,Yes,Yes,1,2019-12-01,1491
2277-VWCNI,2019-10-01,No,Month-to-month,No,Mailed_check,48.75,179.85,Female,1,No,No,DSL,No,No,No,No,No,No,Yes,0,2020-02-01,123
1088-CNNKB,2014-11-01,No,One_year,No,Credit_card_(automatic),80.0,5040.2,Male,0,Yes,No,DSL,Yes,Yes,Yes,Yes,No,Yes,Yes,0,2020-02-01,1918
8642-GVWRF,2019-09-01,2019-11-01 00:00:00,Month-to-month,No,Bank_transfer_(automatic),79.7,165.0,Female,0,Yes,No,Fiber_optic,No,Yes,Yes,No,No,No,No,1,2019-11-01,61
1930-BZLHI,2018-05-01,No,One_year,Yes,Mailed_check,20.35,422.7,Male,0,No,No,No,No,No,No,No,No,No,No,0,2020-02-01,641
3400-ESFUW,2015-04-01,2019-11-01 00:00:00,Two_year,No,Bank_transfer_(automatic),57.55,3046.4,Male,0,Yes,Yes,DSL,Yes,Yes,No,Yes,No,No,No,1,2019-11-01,1675
5868-YTYKS,2020-01-01,No,Month-to-month,Yes,Mailed_check,20.25,20.25,Male,0,No,Yes,No,No,No,No,No,No,No,No,0,2020-02-01,31
3525-DVKFN,2018-09-01,No,Two_year,No,Mailed_check,19.4,358.05,Female,0,No,No,No,No,No,No,No,No,No,No,0,2020-02-01,518
1482-OXZSY,2017-08-01,No,Month-to-month,Yes,Bank_transfer_(automatic),100.4,2936.25,Male,0,No,No,Fiber_optic,Yes,No,No,No,Yes,Yes,Yes,0,2020-02-01,914
0377-JBKKT,2018-04-01,No,Month-to-month,Yes,Mailed_check,57.95,1271.8,Male,0,Yes,Yes,DSL,Yes,Yes,No,Yes,No,No,No,0,2020-02-01,671
5778-BVOFB,2019-05-01,No,Month-to-month,Yes,Bank_transfer_(automatic),59.5,530.05,Female,0,No,No,DSL,No,No,No,Yes,Yes,No,No,0,2020-02-01,276
3373-YZZYM,2020-01-01,No,Month-to-month,No,Mailed_check,19.2,19.2,Male,0,Yes,Yes,No,No,No,No,No,No,No,No,0,2020-02-01,31
2057-ZBLPD,2018-02-01,2019-11-01 00:00:00,Month-to-month,Yes,Electronic_check,86.5,1808.7,Female,0,Yes,No,Fiber_optic,No,No,No,No,No,Yes,Yes,1,2019-11-01,638
0228-MAUWC,2018-07-01,No,Month-to-month,No,Electronic_check,59.55,1144.6,Male,0,No,No,DSL,No,No,Yes,Yes,No,No,Yes,0,2020-02-01,580
5502-RLUYV,2014-03-01,2019-12-01 00:00:00,Month-to-month,Yes,Electronic_check,103.95,7446.9,Female,0,Yes,Yes,Fiber_optic,No,Yes,Yes,No,Yes,Yes,Yes,1,2019-12-01,2101
0023-HGHWL,2019-10-01,2019-11-01 00:00:00,Month-to-month,Yes,Electronic_check,25.1,25.1,Male,1,No,No,DSL,No,No,No,No,No,No,No,1,2019-11-01,31
7663-YJHSN,2014-02-01,No,Two_year,Yes,Bank_transfer_(automatic),103.95,7556.9,Female,0,Yes,No,Fiber_optic,Yes,Yes,Yes,Yes,Yes,No,Yes,0,2020-02-01,2191
4915-BFSXL,2014-04-01,No,Two_year,No,Credit_card_(automatic),68.95,4858.7,Male,0,Yes,Yes,DSL,Yes,No,Yes,No,Yes,No,Yes,0,2020-02-01,2132
3086-RUCRN,2014-08-01,No,Month-to-month,Yes,Bank_transfer_(automatic),103.1,6595.0,Female,0,No,No,Fiber_optic,Yes,Yes,Yes,Yes,No,Yes,Yes,0,2020-02-01,2010
5215-LNLDJ,2019-07-01,No,Month-to-month,Yes,Electronic_check,24.7,149.05,Female,0,Yes,Yes,DSL,No,No,No,No,No,No,No,0,2020-02-01,215
7576-JMYWV,2016-04-01,No,Month-to-month,Yes,Electronic_check,110.2,4972.1,Female,1,Yes,Yes,Fiber_optic,Yes,Yes,No,Yes,Yes,Yes,Yes,0,2020-02-01,1401
9039-RBEEE,2016-08-01,2019-11-01 00:00:00,Month-to-month,Yes,Credit_card_(automatic),48.95,1880.85,Male,0,No,No,DSL,Yes,Yes,No,Yes,Yes,No,No,1,2019-11-01,1187
0257-KXZGU,2017-06-01,No,Month-to-month,No,Bank_transfer_(automatic),62.45,2045.55,Female,0,Yes,Yes,DSL,No,Yes,Yes,No,No,No,Yes,0,2020-02-01,975
1307-ATKGB,2018-02-01,No,Month-to-month,Yes,Electronic_check,89.55,2187.15,Male,0,No,No,Fiber_optic,No,Yes,Yes,No,No,Yes,No,0,2020-02-01,730
8417-FMLZI,2019-07-01,2020-01-01 00:00:00,Month-to-month,Yes,Credit_card_(automatic),83.55,477.55,Male,0,Yes,Yes,Fiber_optic,No,Yes,No,No,No,Yes,No,1,2020-01-01,184
3714-XPXBW,2017-01-01,No,Month-to-month,Yes,Credit_card_(automatic),78.9,2976.95,Female,0,No,No,DSL,Yes,Yes,Yes,Yes,Yes,No,Yes,0,2020-02-01,1126
1850-AKQEP,2019-06-01,No,Month-to-month,No,Mailed_check,20.35,178.7,Male,0,No,Yes,No,No,No,No,No,No,No,No,0,2020-02-01,245
2824-DXNKN,2014-02-01,No,Two_year,Yes,Bank_transfer_(automatic),71.45,5025.85,Female,0,Yes,Yes,DSL,Yes,No,Yes,No,Yes,No,Yes,0,2020-02-01,2191
5227-JSCFE,2014-03-01,No,Two_year,No,Credit_card_(automatic),46.35,3353.4,Male,1,Yes,No,DSL,Yes,Yes,Yes,Yes,No,No,No,0,2020-02-01,2163
0848-ZGQIJ,2018-10-01,No,Month-to-month,Yes,Bank_transfer_(automatic),94.65,1461.15,Female,0,Yes,No,Fiber_optic,No,Yes,No,No,Yes,Yes,No,0,2020-02-01,488
3621-CHYVB,2015-05-01,No,Month-to-month,Yes,Bank_transfer_(automatic),49.9,2782.4,Female,0,Yes,No,DSL,Yes,No,Yes,Yes,No,Yes,No,0,2020-02-01,1737
8042-RNLKO,2014-08-01,No,One_year,No,Bank_transfer_(automatic),25.45,1699.15,Male,0,No,No,No,No,No,No,No,No,No,Yes,0,2020-02-01,2010
1792-UXAFY,2018-08-01,2020-01-01 00:00:00,Month-to-month,Yes,Electronic_check,89.15,1496.9,Female,1,No,No,Fiber_optic,No,Yes,Yes,No,Yes,No,No,1,2020-01-01,518
5372-FBKBN,2018-05-01,No,Month-to-month,No,Mailed_check,20.75,452.2,Female,0,No,Yes,No,No,No,No,No,No,No,No,0,2020-02-01,641
0420-TXVSG,2014-08-01,No,Two_year,Yes,Credit_card_(automatic),66.1,4428.45,Male,0,Yes,No,DSL,Yes,Yes,Yes,No,No,No,Yes,0,2020-02-01,2010
6217-TOWGS,2018-09-01,No,Month-to-month,Yes,Bank_transfer_(automatic),75.4,1322.55,Female,0,Yes,No,DSL,No,Yes,No,No,Yes,Yes,Yes,0,2020-02-01,518
0515-YPMCW,2019-11-01,2019-12-01 00:00:00,Month-to-month,Yes,Mailed_check,70.45,70.45,Male,0,No,Yes,Fiber_optic,No,No,No,No,No,No,No,1,2019-12-01,30
0378-XSZPU,2015-03-01,2020-01-01 00:00:00,One_year,No,Credit_card_(automatic),60.3,3563.8,Male,0,Yes,No,DSL,Yes,Yes,Yes,No,No,No,No,1,2020-01-01,1767
1045-LTCYT,2019-06-01,No,Month-to-month,No,Credit_card_(automatic),21.05,139.75,Female,0,Yes,Yes,No,No,No,No,No,No,No,No,0,2020-02-01,245
1544-JJMYL,2017-11-01,No,One_year,No,Credit_card_(automatic),69.35,1927.3,Male,0,No,No,DSL,Yes,No,Yes,Yes,Yes,No,No,0,2020-02-01,822
4636-JGAAI,2017-04-01,No,Month-to-month,No,Mailed_check,88.85,3000.25,Male,0,Yes,No,Fiber_optic,No,Yes,No,No,No,Yes,Yes,0,2020-02-01,1036
6874-SGLHU,2017-08-01,No,One_year,Yes,Bank_transfer_(automatic),97.0,3021.3,Male,0,No,No,Fiber_optic,No,Yes,No,No,Yes,Yes,No,0,2020-02-01,914
5951-AOFIH,2017-05-01,No,Month-to-month,Yes,Credit_card_(automatic),66.4,2245.4,Male,0,No,No,DSL,No,Yes,Yes,No,Yes,No,No,0,2020-02-01,1006
4729-XKASR,2019-09-01,2019-10-01 00:00:00,Month-to-month,No,Electronic_check,24.75,24.75,Male,0,No,Yes,DSL,No,No,No,No,No,No,No,1,2019-10-01,30
3059-NGMXB,2018-12-01,No,Month-to-month,No,Mailed_check,69.2,944.65,Male,0,Yes,Yes,DSL,Yes,Yes,No,No,No,Yes,Yes,0,2020-02-01,427
8652-YHIYU,2018-10-01,No,One_year,Yes,Credit_card_(automatic),79.5,1264.2,Female,0,No,Yes,Fiber_optic,No,No,No,Yes,No,No,Yes,0,2020-02-01,488
5278-PNYOX,2016-01-01,No,Two_year,No,Credit_card_(automatic),100.65,4917.75,Female,0,No,No,Fiber_optic,No,No,Yes,Yes,Yes,Yes,No,0,2020-02-01,1492
5449-FIBXJ,2018-05-01,2019-12-01 00:00:00,Month-to-month,No,Electronic_check,103.3,2012.7,Male,0,Yes,Yes,Fiber_optic,No,No,Yes,Yes,Yes,Yes,Yes,1,2019-12-01,579
3486-HOOGQ,2014-04-01,No,Two_year,No,Bank_transfer_(automatic),79.7,5743.3,Female,0,Yes,Yes,DSL,Yes,Yes,Yes,Yes,Yes,No,Yes,0,2020-02-01,2132
5061-PBXFW,2017-06-01,No,Month-to-month,No,Bank_transfer_(automatic),61.4,1864.65,Female,0,Yes,Yes,DSL,Yes,Yes,No,Yes,No,No,No,0,2020-02-01,975
8630-FJLIB,2018-08-01,No,Month-to-month,Yes,Electronic_check,69.8,1221.65,Female,0,No,No,Fiber_optic,No,No,No,No,No,No,No,0,2020-02-01,549
3891-NLXJB,2017-01-01,No,Two_year,Yes,Mailed_check,40.55,1390.85,Male,0,No,No,DSL,Yes,Yes,No,Yes,No,No,No,0,2020-02-01,1126
4749-OJKQU,2019-10-01,No,Month-to-month,Yes,Electronic_check,75.65,302.35,Female,0,No,No,Fiber_optic,No,No,No,No,No,No,Yes,0,2020-02-01,123
0577-WHMEV,2018-10-01,No,Month-to-month,No,Electronic_check,90.7,1374.9,Female,0,Yes,No,Fiber_optic,Yes,Yes,Yes,No,No,No,Yes,0,2020-02-01,488
5453-AXEPF,2018-09-01,No,Month-to-month,Yes,Bank_transfer_(automatic),80.5,1336.9,Male,0,Yes,No,Fiber_optic,No,Yes,No,No,No,No,Yes,0,2020-02-01,518
3639-XJHKQ,2018-07-01,No,Month-to-month,Yes,Electronic_check,60.6,1297.8,Female,0,No,Yes,DSL,Yes,Yes,Yes,No,No,No,No,0,2020-02-01,580
3716-LRGXK,2015-02-01,No,Two_year,No,Credit_card_(automatic),101.15,6067.4,Male,0,Yes,No,Fiber_optic,No,No,Yes,No,Yes,Yes,Yes,0,2020-02-01,1826
2263-SFSQZ,2015-11-01,No,Two_year,Yes,Mailed_check,24.95,1222.25,Male,0,Yes,Yes,No,No,No,No,No,No,No,Yes,0,2020-02-01,1553
9950-MTGYX,2017-10-01,No,Two_year,Yes,Credit_card_(automatic),20.3,487.95,Male,0,Yes,Yes,No,No,No,No,No,No,No,No,0,2020-02-01,853
3397-AVTKU,2016-07-01,No,Two_year,Yes,Electronic_check,60.0,2548.55,Male,0,No,No,DSL,No,Yes,No,No,No,Yes,No,0,2020-02-01,1310
4825-FUREZ,2016-08-01,No,Two_year,No,Electronic_check,20.25,835.5,Male,0,Yes,No,No,No,No,No,No,No,No,No,0,2020-02-01,1279
9837-BMCLM,2019-10-01,2020-01-01 00:00:00,Month-to-month,Yes,Electronic_check,78.5,242.05,Male,0,No,No,Fiber_optic,No,No,No,No,Yes,No,No,1,2020-01-01,92
2672-OJQZP,2020-01-01,No,Month-to-month,No,Mailed_check,44.75,44.75,Female,0,No,No,DSL,No,No,No,No,No,No,No,0,2020-02-01,31
0137-UDEUO,2019-08-01,2019-11-01 00:00:00,Month-to-month,No,Mailed_check,19.85,63.75,Female,0,No,No,No,No,No,No,No,No,No,No,1,2019-11-01,92
3134-DSHVC,2014-11-01,No,Two_year,No,Credit_card_(automatic),98.0,6218.45,Female,0,No,No,Fiber_optic,Yes,Yes,Yes,No,Yes,No,Yes,0,2020-02-01,1918
6161-UUUTA,2019-08-01,2019-11-01 00:00:00,Month-to-month,Yes,Electronic_check,79.9,260.9,Male,1,No,No,Fiber_optic,No,No,No,No,Yes,No,No,1,2019-11-01,92
7821-DPRQE,2014-06-01,No,Month-to-month,Yes,Electronic_check,107.7,7320.9,Male,0,Yes,No,Fiber_optic,Yes,Yes,No,Yes,Yes,Yes,Yes,0,2020-02-01,2071
6543-XRMYR,2017-07-01,2020-01-01 00:00:00,Month-to-month,Yes,Electronic_check,99.7,2967.35,Female,1,No,No,Fiber_optic,No,Yes,No,No,Yes,Yes,Yes,1,2020-01-01,914
2001-EWBQU,2015-02-01,No,Two_year,No,Electronic_check,104.7,6333.8,Female,0,No,No,Fiber_optic,No,Yes,Yes,No,Yes,Yes,Yes,0,2020-02-01,1826
4925-LMHOK,2018-08-01,2019-11-01 00:00:00,Month-to-month,Yes,Credit_card_(automatic),58.6,939.7,Male,0,No,No,DSL,No,Yes,No,Yes,No,No,Yes,1,2019-11-01,457
1608-GMEWB,2016-05-01,No,Month-to-month,Yes,Bank_transfer_(automatic),93.9,4200.25,Male,1,No,No,Fiber_optic,No,No,No,No,Yes,Yes,Yes,0,2020-02-01,1371
6695-AMZUF,2014-04-01,No,Two_year,No,Credit_card_(automatic),86.45,5950.2,Female,0,Yes,No,DSL,Yes,Yes,Yes,Yes,Yes,Yes,No,0,2020-02-01,2132
1455-UGQVH,2019-01-01,2019-11-01 00:00:00,Month-to-month,Yes,Electronic_check,98.5,1037.75,Male,0,Yes,No,Fiber_optic,No,No,Yes,No,Yes,Yes,Yes,1,2019-11-01,304
8410-BGQXN,2019-10-01,No,Month-to-month,No,Mailed_check,19.4,93.4,Male,0,No,No,No,No,No,No,No,No,No,No,0,2020-02-01,123
8280-MQRQN,2019-12-01,2020-01-01 00:00:00,Month-to-month,Yes,Mailed_check,50.45,50.45,Female,0,No,No,DSL,No,No,Yes,No,No,No,No,1,2020-01-01,31
1619-YWUBB,2014-06-01,No,Two_year,Yes,Credit_card_(automatic),24.95,1614.9,Female,0,Yes,No,No,No,No,No,No,No,No,Yes,0,2020-02-01,2071
7611-YKYTC,2018-04-01,No,Month-to-month,No,Bank_transfer_(automatic),75.0,1573.95,Male,0,Yes,Yes,Fiber_optic,Yes,No,No,No,No,No,No,0,2020-02-01,671
2037-SGXHH,2016-11-01,2020-01-01 00:00:00,Month-to-month,Yes,Electronic_check,94.65,3624.3,Male,0,Yes,Yes,Fiber_optic,No,Yes,Yes,No,Yes,No,Yes,1,2020-01-01,1156
3178-FESZO,2019-11-01,2019-12-01 00:00:00,Month-to-month,Yes,Credit_card_(automatic),100.25,100.25,Female,0,No,No,Fiber_optic,No,Yes,No,No,Yes,Yes,Yes,1,2019-12-01,30
0365-GXEZS,2018-08-01,No,Month-to-month,No,Electronic_check,78.2,1468.75,Male,0,Yes,No,Fiber_optic,No,No,Yes,Yes,No,No,No,0,2020-02-01,549
0082-OQIQY,2017-09-01,No,Month-to-month,Yes,Electronic_check,94.2,2607.6,Male,0,No,No,Fiber_optic,No,No,No,Yes,Yes,Yes,No,0,2020-02-01,883
6087-MVHJH,2018-07-01,2019-11-01 00:00:00,Month-to-month,Yes,Electronic_check,88.45,1422.1,Female,0,No,No,Fiber_optic,No,No,Yes,No,No,Yes,Yes,1,2019-11-01,488
4603-JANFB,2019-10-01,2019-11-01 00:00:00,Month-to-month,Yes,Electronic_check,69.85,69.85,Male,0,No,No,Fiber_optic,No,No,No,No,No,No,No,1,2019-11-01,31
3018-TFTSU,2018-10-01,2019-10-01 00:00:00,Month-to-month,No,Bank_transfer_(automatic),81.7,858.6,Male,0,No,No,Fiber_optic,Yes,No,Yes,No,No,No,No,1,2019-10-01,365
3606-SBKRY,2017-07-01,No,One_year,Yes,Electronic_check,50.05,1523.4,Male,0,No,No,DSL,No,No,Yes,No,Yes,Yes,No,0,2020-02-01,945
4806-KEXQR,2019-06-01,2019-10-01 00:00:00,Month-to-month,Yes,Electronic_check,79.9,324.3,Male,0,No,No,Fiber_optic,No,No,No,No,No,Yes,No,1,2019-10-01,122
0667-NSRGI,2016-02-01,No,One_year,Yes,Mailed_check,69.55,3435.6,Female,0,Yes,No,DSL,No,No,Yes,Yes,No,Yes,Yes,0,2020-02-01,1461
7083-YNSKY,2018-07-01,2019-10-01 00:00:00,Month-to-month,Yes,Credit_card_(automatic),25.4,399.6,Female,0,No,No,No,No,No,No,No,No,No,Yes,1,2019-10-01,457
6893-ODYYE,2015-12-01,No,One_year,Yes,Credit_card_(automatic),90.1,4549.45,Male,0,No,No,Fiber_optic,Yes,Yes,Yes,Yes,No,No,No,0,2020-02-01,1523
8242-JSVBO,2019-07-01,No,Month-to-month,Yes,Bank_transfer_(automatic),44.65,322.5,Male,0,No,No,DSL,No,No,No,No,No,No,No,0,2020-02-01,215
2479-BRAMR,2016-07-01,2019-12-01 00:00:00,Month-to-month,Yes,Bank_transfer_(automatic),83.75,3273.55,Male,1,Yes,No,Fiber_optic,Yes,No,Yes,No,No,No,Yes,1,2019-12-01,1248
9541-ZPSEA,2014-06-01,No,Two_year,No,Credit_card_(automatic),80.35,5375.15,Male,0,Yes,Yes,Fiber_optic,Yes,No,Yes,No,No,No,No,0,2020-02-01,2071
2665-NPTGL,2017-12-01,No,Month-to-month,Yes,Bank_transfer_(automatic),98.1,2510.7,Female,1,Yes,No,Fiber_optic,No,No,Yes,No,Yes,Yes,Yes,0,2020-02-01,792
1139-WUOAH,2015-05-01,No,Two_year,No,Credit_card_(automatic),53.35,3090.05,Male,0,No,No,DSL,No,No,Yes,Yes,Yes,Yes,No,0,2020-02-01,1737
4693-VWVBO,2019-11-01,No,Month-to-month,No,Electronic_check,19.55,61.05,Female,0,No,No,No,No,No,No,No,No,No,No,0,2020-02-01,92
7434-SHXLS,2019-09-01,2019-10-01 00:00:00,Month-to-month,No,Mailed_check,20.9,20.9,Female,0,No,No,No,No,No,No,No,No,No,No,1,2019-10-01,30
6937-GCDGQ,2018-07-01,No,One_year,Yes,Bank_transfer_(automatic),48.95,955.6,Male,0,Yes,Yes,DSL,Yes,No,No,No,No,No,No,0,2020-02-01,580
0988-JRWWP,2019-11-01,No,Month-to-month,Yes,Electronic_check,54.2,140.4,Female,0,No,No,DSL,No,No,No,No,Yes,No,No,0,2020-02-01,92
5075-JSDKI,2015-03-01,No,Two_year,No,Electronic_check,24.45,1493.1,Female,0,No,No,No,No,No,No,No,No,No,Yes,0,2020-02-01,1798
7908-QCBCA,2019-09-01,2019-10-01 00:00:00,Month-to-month,Yes,Mailed_check,69.4,69.4,Female,0,Yes,No,Fiber_optic,No,No,No,No,No,No,No,1,2019-10-01,30
8644-XYTSV,2016-08-01,No,Month-to-month,Yes,Bank_transfer_(automatic),40.15,1626.05,Male,0,Yes,No,DSL,Yes,No,No,No,Yes,No,No,0,2020-02-01,1279
6711-FLDFB,2019-04-01,2019-11-01 00:00:00,Month-to-month,Yes,Electronic_check,74.9,541.15,Female,0,No,No,Fiber_optic,No,No,No,No,No,No,Yes,1,2019-11-01,214
3873-WOSBC,2014-07-01,No,Two_year,No,Credit_card_(automatic),25.6,1784.9,Male,0,Yes,No,No,No,No,No,No,No,No,Yes,0,2020-02-01,2041
7465-ZZRVX,2020-01-01,No,Month-to-month,Yes,Electronic_check,70.35,70.35,Male,0,No,No,Fiber_optic,No,No,No,No,No,No,No,0,2020-02-01,31
7975-JMZNT,2014-08-01,No,Two_year,No,Bank_transfer_(automatic),91.7,6075.9,Male,0,Yes,No,DSL,Yes,Yes,Yes,Yes,Yes,Yes,Yes,0,2020-02-01,2010
7251-XFOIL,2015-01-01,No,Month-to-month,No,Mailed_check,89.2,5500.6,Female,0,No,No,Fiber_optic,No,No,Yes,No,No,Yes,Yes,0,2020-02-01,1857
4116-IQRFR,2019-10-01,No,One_year,No,Credit_card_(automatic),24.1,73.1,Male,0,Yes,Yes,No,No,No,No,No,No,No,Yes,0,2020-02-01,123
3714-JTVOV,2016-07-01,2020-01-01 00:00:00,Month-to-month,Yes,Credit_card_(automatic),74.15,3229.4,Female,1,Yes,No,Fiber_optic,Yes,No,No,No,No,No,No,1,2020-01-01,1279
8259-DZLIZ,2014-10-01,No,One_year,Yes,Bank_transfer_(automatic),53.85,3399.85,Female,0,Yes,Yes,DSL,No,Yes,No,No,No,No,Yes,0,2020-02-01,1949
0442-ZXKVS,2015-08-01,No,One_year,Yes,Bank_transfer_(automatic),115.6,6431.05,Female,1,Yes,No,Fiber_optic,Yes,Yes,Yes,Yes,Yes,Yes,Yes,0,2020-02-01,1645
7853-WNZSY,2020-01-01,No,Month-to-month,Yes,Credit_card_(automatic),19.75,19.75,Male,0,No,No,No,No,No,No,No,No,No,No,0,2020-02-01,31
3120-FAZKD,2015-08-01,No,Two_year,Yes,Bank_transfer_(automatic),24.05,1230.9,Male,0,Yes,Yes,No,No,No,No,No,No,No,Yes,0,2020-02-01,1645
8606-OEGQZ,2018-08-01,No,Two_year,No,Credit_card_(automatic),25.3,454.65,Female,0,No,Yes,No,No,No,No,No,No,No,Yes,0,2020-02-01,549
0225-ZORZP,2019-11-01,No,Month-to-month,No,Electronic_check,84.3,235.05,Male,0,No,No,Fiber_optic,No,Yes,No,No,No,Yes,No,0,2020-02-01,92
4702-IOQDC,2019-10-01,2019-11-01 00:00:00,Month-to-month,Yes,Electronic_check,70.1,70.1,Female,0,No,No,Fiber_optic,No,No,No,No,No,No,No,1,2019-11-01,31
9489-JMTTN,2014-02-01,No,Two_year,No,Credit_card_(automatic),89.75,6595.9,Female,0,Yes,Yes,DSL,Yes,Yes,Yes,Yes,Yes,Yes,Yes,0,2020-02-01,2191
0575-CUQOV,2015-02-01,No,One_year,Yes,Electronic_check,97.95,5867.0,Male,1,Yes,No,Fiber_optic,No,Yes,Yes,No,Yes,Yes,No,0,2020-02-01,1826
0967-BMLBD,2019-03-01,No,One_year,Yes,Mailed_check,20.0,196.35,Female,0,Yes,Yes,No,No,No,No,No,No,No,No,0,2020-02-01,337
6178-KFNHS,2019-01-01,2020-01-01 00:00:00,Month-to-month,Yes,Electronic_check,78.3,909.25,Female,0,No,Yes,Fiber_optic,Yes,No,No,No,No,No,Yes,1,2020-01-01,365
2830-LEWOA,2015-01-01,No,One_year,No,Credit_card_(automatic),103.9,6449.15,Male,0,Yes,Yes,Fiber_optic,No,Yes,Yes,Yes,Yes,Yes,No,0,2020-02-01,1857
5006-MXVRN,2016-11-01,No,Two_year,No,Credit_card_(automatic),20.7,762.45,Female,0,No,No,No,No,No,No,No,No,No,No,0,2020-02-01,1187
1264-BYWMS,2015-04-01,2019-11-01 00:00:00,Month-to-month,Yes,Electronic_check,96.8,5283.95,Male,0,No,No,Fiber_optic,No,No,No,No,Yes,Yes,Yes,1,2019-11-01,1675
9658-WYUFB,2018-07-01,2019-12-01 00:00:00,Month-to-month,Yes,Electronic_check,94.4,1617.5,Female,0,No,No,Fiber_optic,Yes,Yes,No,No,Yes,No,Yes,1,2019-12-01,518
8327-WKMIE,2017-01-01,No,One_year,No,Credit_card_(automatic),20.15,785.75,Male,0,No,No,No,No,No,No,No,No,No,No,0,2020-02-01,1126
6917-FIJHC,2014-02-01,No,Two_year,Yes,Mailed_check,26.0,1776.0,Female,0,Yes,No,No,No,No,No,No,No,No,Yes,0,2020-02-01,2191
5329-KRDTM,2014-02-01,No,Two_year,No,Credit_card_(automatic),77.35,5396.25,Male,1,Yes,No,DSL,No,Yes,Yes,Yes,Yes,No,Yes,0,2020-02-01,2191
7797-EJMDP,2019-06-01,No,Month-to-month,No,Bank_transfer_(automatic),66.05,574.5,Female,0,No,No,DSL,Yes,No,No,Yes,No,Yes,No,0,2020-02-01,245
3530-VWVGU,2018-04-01,No,Month-to-month,No,Mailed_check,19.9,400.3,Female,0,Yes,Yes,No,No,No,No,No,No,No,No,0,2020-02-01,671
2013-SGDXK,2019-12-01,2020-01-01 00:00:00,Month-to-month,No,Electronic_check,84.3,84.3,Female,0,No,No,Fiber_optic,No,Yes,No,No,Yes,No,No,1,2020-01-01,31
6368-NWMCE,2016-12-01,No,Month-to-month,No,Credit_card_(automatic),68.15,2656.3,Female,0,No,No,DSL,No,Yes,No,Yes,No,Yes,Yes,0,2020-02-01,1157
3633-CDBUW,2018-09-01,No,One_year,No,Electronic_check,80.85,1445.95,Male,0,No,Yes,DSL,No,Yes,Yes,Yes,Yes,Yes,No,0,2020-02-01,518
0707-HOVVN,2014-04-01,No,Two_year,Yes,Bank_transfer_(automatic),75.5,5212.65,Female,1,No,No,DSL,No,Yes,Yes,Yes,Yes,No,Yes,0,2020-02-01,2132
8580-QVLOC,2013-10-01,2019-10-01 00:00:00,Two_year,No,Credit_card_(automatic),92.45,6440.25,Female,1,Yes,Yes,DSL,Yes,Yes,Yes,Yes,Yes,Yes,Yes,1,2019-10-01,2191
3956-MGXOG,2017-10-01,No,Month-to-month,Yes,Electronic_check,80.6,2244.95,Female,0,No,No,Fiber_optic,No,No,No,No,No,Yes,No,0,2020-02-01,853
9274-UARKJ,2018-11-01,No,Month-to-month,Yes,Bank_transfer_(automatic),83.2,1130.0,Female,0,No,No,Fiber_optic,No,Yes,No,No,Yes,No,No,0,2020-02-01,457
4077-HWUYD,2014-02-01,No,Two_year,Yes,Bank_transfer_(automatic),87.55,6463.15,Male,0,Yes,Yes,DSL,Yes,Yes,Yes,Yes,Yes,Yes,Yes,0,2020-02-01,2191
2012-NWRPA,2018-12-01,2019-11-01 00:00:00,Month-to-month,Yes,Electronic_check,99.55,1131.2,Female,1,Yes,No,Fiber_optic,No,No,Yes,No,Yes,Yes,Yes,1,2019-11-01,335
8808-ELEHO,2019-04-01,2019-12-01 00:00:00,Month-to-month,Yes,Electronic_check,81.25,585.95,Male,1,No,No,Fiber_optic,No,No,Yes,No,No,No,Yes,1,2019-12-01,244
0103-CSITQ,2015-05-01,No,One_year,Yes,Bank_transfer_(automatic),109.4,6252.7,Female,0,Yes,No,Fiber_optic,No,Yes,Yes,Yes,Yes,Yes,Yes,0,2020-02-01,1737
3506-LCJDC,2019-11-01,2019-12-01 00:00:00,Month-to-month,No,Bank_transfer_(automatic),19.95,19.95,Male,0,Yes,Yes,No,No,No,No,No,No,No,No,1,2019-12-01,30
8671-KKKOS,2016-04-01,No,Month-to-month,No,Electronic_check,45.55,2062.15,Female,0,Yes,No,DSL,Yes,Yes,No,No,Yes,No,No,0,2020-02-01,1401
7305-ZWMAJ,2017-08-01,No,One_year,No,Credit_card_(automatic),20.7,587.1,Male,0,Yes,No,No,No,No,No,No,No,No,No,0,2020-02-01,914
9518-XXBXE,2019-04-01,No,Month-to-month,No,Electronic_check,75.3,720.45,Male,1,Yes,No,Fiber_optic,Yes,No,No,No,No,No,No,0,2020-02-01,306
3934-HXCFZ,2017-11-01,2019-10-01 00:00:00,Month-to-month,Yes,Electronic_check,99.25,2186.4,Male,0,Yes,No,Fiber_optic,Yes,Yes,Yes,No,Yes,No,Yes,1,2019-10-01,699
6578-KRMAW,2017-06-01,No,Month-to-month,Yes,Credit_card_(automatic),93.4,2979.3,Male,0,No,No,Fiber_optic,Yes,Yes,Yes,No,No,Yes,No,0,2020-02-01,975
4860-IJUDE,2019-01-01,No,Month-to-month,Yes,Credit_card_(automatic),73.75,956.65,Male,0,No,No,Fiber_optic,Yes,No,No,No,No,No,No,0,2020-02-01,396
7666-WKRON,2016-09-01,2019-12-01 00:00:00,Two_year,Yes,Electronic_check,80.45,3201.55,Female,0,No,No,Fiber_optic,No,No,Yes,Yes,No,No,No,1,2019-12-01,1186
9688-YGXVR,2016-06-01,No,Month-to-month,Yes,Credit_card_(automatic),88.15,3973.2,Female,0,No,No,Fiber_optic,No,Yes,Yes,No,Yes,No,No,0,2020-02-01,1340
0423-UDIJQ,2019-05-01,No,Month-to-month,No,Mailed_check,49.2,447.9,Male,1,No,No,DSL,No,No,No,Yes,No,No,No,0,2020-02-01,276
1945-XISKS,2014-07-01,No,Two_year,No,Mailed_check,19.65,1335.2,Female,0,Yes,No,No,No,No,No,No,No,No,No,0,2020-02-01,2041
4910-AQFFX,2019-02-01,2019-11-01 00:00:00,Month-to-month,Yes,Bank_transfer_(automatic),79.35,661.25,Male,0,Yes,Yes,Fiber_optic,No,No,Yes,No,No,No,Yes,1,2019-11-01,273
2154-KVJFF,2018-09-01,2019-12-01 00:00:00,Month-to-month,Yes,Electronic_check,79.75,1111.85,Female,0,No,No,Fiber_optic,No,Yes,No,No,No,No,Yes,1,2019-12-01,456
5360-LJCNJ,2014-03-01,No,Two_year,Yes,Bank_transfer_(automatic),105.15,7555.0,Female,0,Yes,No,Fiber_optic,No,Yes,Yes,No,Yes,Yes,Yes,0,2020-02-01,2163
2607-FBDFF,2020-01-01,No,Month-to-month,No,Credit_card_(automatic),49.0,49.0,Male,0,No,No,DSL,No,No,No,Yes,No,No,No,0,2020-02-01,31
9647-ERGBE,2017-07-01,2020-01-01 00:00:00,Month-to-month,Yes,Electronic_check,100.05,3046.15,Female,0,Yes,Yes,Fiber_optic,No,No,Yes,No,Yes,Yes,Yes,1,2020-01-01,914
3428-XZMAZ,2019-10-01,2019-11-01 00:00:00,Month-to-month,Yes,Electronic_check,69.35,69.35,Male,0,No,No,Fiber_optic,No,No,No,No,No,No,No,1,2019-11-01,31
1100-DDVRV,2018-09-01,No,Month-to-month,Yes,Mailed_check,49.8,836.35,Male,0,Yes,No,DSL,No,Yes,No,No,Yes,Yes,No,0,2020-02-01,518
0378-TOVMS,2019-10-01,2020-01-01 00:00:00,Month-to-month,No,Electronic_check,85.8,272.2,Female,0,No,No,Fiber_optic,No,No,No,Yes,No,Yes,No,1,2020-01-01,92
4355-HBJHH,2014-04-01,2019-11-01 00:00:00,Two_year,Yes,Electronic_check,79.7,5293.4,Male,0,Yes,Yes,DSL,Yes,No,Yes,No,Yes,Yes,Yes,1,2019-11-01,2040
6728-WYQBC,2020-01-01,No,Month-to-month,No,Bank_transfer_(automatic),20.95,20.95,Male,0,No,No,No,No,No,No,No,No,No,No,0,2020-02-01,31
9058-CBREO,2019-12-01,2020-01-01 00:00:00,Month-to-month,No,Mailed_check,50.55,50.55,Female,1,No,No,DSL,No,No,No,No,No,No,Yes,1,2020-01-01,31
9029-FEGVJ,2017-06-01,No,Month-to-month,No,Mailed_check,79.3,2570.0,Female,1,Yes,No,Fiber_optic,No,No,Yes,No,No,No,Yes,0,2020-02-01,975
7216-KAOID,2016-09-01,No,One_year,No,Bank_transfer_(automatic),19.5,798.2,Male,0,Yes,Yes,No,No,No,No,No,No,No,No,0,2020-02-01,1248
0318-QUUOB,2019-09-01,2019-10-01 00:00:00,Month-to-month,Yes,Electronic_check,80.55,80.55,Male,0,Yes,No,Fiber_optic,No,No,No,No,Yes,No,No,1,2019-10-01,30
6145-NNPNO,2020-01-01,No,Month-to-month,No,Bank_transfer_(automatic),44.15,44.15,Female,0,No,No,DSL,No,No,No,No,No,No,No,0,2020-02-01,31
5520-FVEWJ,2018-10-01,2019-10-01 00:00:00,Month-to-month,Yes,Electronic_check,84.5,916.9,Female,0,Yes,Yes,Fiber_optic,No,Yes,Yes,No,No,No,Yes,1,2019-10-01,365
5339-TJFEK,2014-12-01,No,Month-to-month,Yes,Electronic_check,105.5,6487.2,Male,0,Yes,Yes,Fiber_optic,Yes,Yes,No,No,Yes,Yes,Yes,0,2020-02-01,1888
5572-ZDXHY,2018-02-01,2019-12-01 00:00:00,Month-to-month,Yes,Mailed_check,84.3,1855.65,Female,0,No,No,Fiber_optic,No,Yes,No,No,No,Yes,No,1,2019-12-01,668
2074-GUHPQ,2018-09-01,No,Month-to-month,Yes,Credit_card_(automatic),92.7,1556.85,Female,0,No,Yes,Fiber_optic,No,Yes,Yes,Yes,No,No,Yes,0,2020-02-01,518
4625-XMOYM,2014-02-01,No,Two_year,Yes,Bank_transfer_(automatic),26.25,1988.05,Female,0,Yes,Yes,No,No,No,No,No,No,No,Yes,0,2020-02-01,2191
5827-MWCZK,2015-06-01,No,Month-to-month,Yes,Credit_card_(automatic),96.95,5432.2,Male,0,Yes,Yes,Fiber_optic,No,Yes,No,Yes,Yes,No,Yes,0,2020-02-01,1706
1385-TQOZW,2019-05-01,No,Month-to-month,Yes,Credit_card_(automatic),20.45,147.55,Female,0,No,No,No,No,No,No,No,No,No,No,0,2020-02-01,276
5914-XRFQB,2014-02-01,No,Two_year,Yes,Bank_transfer_(automatic),115.8,8424.9,Male,0,Yes,No,Fiber_optic,Yes,Yes,Yes,Yes,Yes,Yes,Yes,0,2020-02-01,2191
4329-YPDDQ,2018-06-01,No,Month-to-month,Yes,Bank_transfer_(automatic),108.2,2203.7,Male,0,No,No,Fiber_optic,Yes,Yes,Yes,Yes,Yes,Yes,No,0,2020-02-01,610
4804-NCPET,2018-07-01,No,Two_year,No,Mailed_check,20.2,387.4,Male,0,Yes,Yes,No,No,No,No,No,No,No,No,0,2020-02-01,580
3750-CKVKH,2019-09-01,2019-11-01 00:00:00,Month-to-month,Yes,Electronic_check,67.75,116.65,Male,0,No,No,Fiber_optic,No,No,No,No,No,No,No,1,2019-11-01,61
5944-UGLLK,2015-09-01,No,One_year,No,Credit_card_(automatic),54.9,3045.75,Male,0,No,No,DSL,No,No,Yes,Yes,Yes,Yes,No,0,2020-02-01,1614
8063-GBATB,2017-08-01,2019-11-01 00:00:00,Month-to-month,Yes,Electronic_check,85.25,2287.25,Female,1,No,No,Fiber_optic,No,No,No,No,No,Yes,Yes,1,2019-11-01,822
7787-BNTZM,2019-08-01,No,Month-to-month,No,Bank_transfer_(automatic),20.15,130.5,Male,0,No,No,No,No,No,No,No,No,No,No,0,2020-02-01,184
2252-ISRNH,2019-05-01,No,One_year,Yes,Electronic_check,90.35,767.9,Male,0,Yes,Yes,Fiber_optic,No,No,Yes,No,Yes,No,Yes,0,2020-02-01,276
9415-TPKRV,2019-06-01,No,Month-to-month,No,Electronic_check,55.75,446.8,Female,0,Yes,Yes,DSL,No,Yes,No,No,No,No,Yes,0,2020-02-01,245
5322-TEUJK,2014-03-01,No,Two_year,No,Bank_transfer_(automatic),114.6,8100.25,Female,0,Yes,Yes,Fiber_optic,Yes,Yes,Yes,Yes,Yes,Yes,Yes,0,2020-02-01,2163
4547-KQRTM,2019-03-01,2020-01-01 00:00:00,Month-to-month,Yes,Bank_transfer_(automatic),80.05,830.7,Female,0,No,No,Fiber_optic,No,Yes,No,No,No,No,Yes,1,2020-01-01,306
4877-EVATK,2019-10-01,2019-11-01 00:00:00,Month-to-month,No,Mailed_check,20.0,20.0,Male,0,No,No,No,No,No,No,No,No,No,No,1,2019-11-01,31
1866-DIOQZ,2014-03-01,No,One_year,No,Bank_transfer_(automatic),66.8,4689.15,Female,0,Yes,No,DSL,Yes,Yes,Yes,Yes,Yes,Yes,No,0,2020-02-01,2163
8375-KVTHK,2014-06-01,No,One_year,Yes,Electronic_check,100.3,6754.35,Male,0,Yes,No,Fiber_optic,No,Yes,No,Yes,Yes,Yes,No,0,2020-02-01,2071
2697-NQBPF,2017-04-01,No,Month-to-month,Yes,Electronic_check,105.35,3540.65,Male,0,No,No,Fiber_optic,No,Yes,No,Yes,Yes,Yes,Yes,0,2020-02-01,1036
3709-OIJEA,2017-12-01,No,One_year,Yes,Electronic_check,85.2,2184.6,Male,0,No,No,Fiber_optic,No,Yes,Yes,Yes,No,No,No,0,2020-02-01,792
7639-SUPCW,2018-01-01,2019-11-01 00:00:00,Month-to-month,Yes,Credit_card_(automatic),48.8,1054.6,Female,0,No,No,DSL,Yes,No,No,No,No,No,No,1,2019-11-01,669
1386-ZIKUV,2019-07-01,No,Month-to-month,Yes,Mailed_check,18.95,130.55,Male,0,No,No,No,No,No,No,No,No,No,No,0,2020-02-01,215
0599-XNYDO,2018-06-01,No,Month-to-month,Yes,Bank_transfer_(automatic),69.8,1540.35,Female,0,Yes,No,Fiber_optic,No,No,No,No,No,No,No,0,2020-02-01,610
6377-WHAOX,2015-02-01,No,Month-to-month,Yes,Electronic_check,106.15,6411.25,Female,0,Yes,No,Fiber_optic,No,Yes,Yes,No,Yes,Yes,Yes,0,2020-02-01,1826
6855-VLGOS,2014-02-01,No,Two_year,No,Electronic_check,20.55,1432.55,Male,0,Yes,Yes,No,No,No,No,No,No,No,No,0,2020-02-01,2191
8999-XXGNS,2014-02-01,No,One_year,Yes,Credit_card_(automatic),105.75,7629.85,Female,1,Yes,No,Fiber_optic,No,Yes,Yes,No,Yes,Yes,Yes,0,2020-02-01,2191
8746-OQQRW,2019-10-01,No,Month-to-month,No,Mailed_check,25.25,101.9,Male,0,No,No,No,No,No,No,No,No,No,Yes,0,2020-02-01,123
3181-MIZBN,2018-10-01,No,Month-to-month,No,Electronic_check,19.75,313.4,Male,0,Yes,Yes,No,No,No,No,No,No,No,No,0,2020-02-01,488
0471-ARVMX,2014-12-01,No,One_year,Yes,Electronic_check,104.85,6312.9,Female,1,Yes,No,Fiber_optic,Yes,No,Yes,No,Yes,Yes,Yes,0,2020-02-01,1888
7766-CLTIC,2019-04-01,No,Month-to-month,Yes,Mailed_check,60.95,629.55,Female,0,No,No,DSL,No,No,No,Yes,No,Yes,No,0,2020-02-01,306
5650-YLIBA,2017-07-01,No,Month-to-month,Yes,Electronic_check,81.15,2640.55,Male,0,No,No,Fiber_optic,No,Yes,No,No,No,No,Yes,0,2020-02-01,945
0825-CPPQH,2014-03-01,No,Two_year,No,Credit_card_(automatic),19.1,1372.45,Female,0,Yes,No,No,No,No,No,No,No,No,No,0,2020-02-01,2163
9084-OAYKL,2015-04-01,No,Two_year,No,Mailed_check,20.8,1212.25,Male,0,No,No,No,No,No,No,No,No,No,No,0,2020-02-01,1767
6122-LJADA,2014-04-01,No,Two_year,Yes,Credit_card_(automatic),90.15,6237.05,Male,0,Yes,Yes,DSL,Yes,Yes,Yes,Yes,Yes,Yes,Yes,0,2020-02-01,2132
2400-XIWIO,2014-03-01,No,Two_year,No,Electronic_check,90.1,6310.9,Female,0,Yes,No,DSL,Yes,Yes,Yes,Yes,Yes,Yes,Yes,0,2020-02-01,2163
7524-VRLPL,2014-05-01,No,Two_year,No,Credit_card_(automatic),74.1,5031.0,Male,1,No,No,DSL,Yes,No,Yes,Yes,No,Yes,Yes,0,2020-02-01,2102
1069-XAIEM,2019-11-01,2019-12-01 00:00:00,Month-to-month,Yes,Electronic_check,85.05,85.05,Female,1,No,No,Fiber_optic,No,No,No,No,No,Yes,Yes,1,2019-12-01,30
7569-NMZYQ,2014-02-01,No,Two_year,Yes,Bank_transfer_(automatic),118.75,8672.45,Female,0,Yes,Yes,Fiber_optic,Yes,Yes,Yes,Yes,Yes,Yes,Yes,0,2020-02-01,2191
5201-USSQZ,2017-12-01,No,Month-to-month,No,Credit_card_(automatic),85.9,2196.45,Female,0,Yes,No,Fiber_optic,No,No,No,Yes,No,Yes,No,0,2020-02-01,792
2105-PHWON,2017-05-01,No,Month-to-month,Yes,Credit_card_(automatic),95.0,3008.15,Female,0,Yes,No,Fiber_optic,No,No,Yes,Yes,No,Yes,Yes,0,2020-02-01,1006
1494-EJZDW,2019-04-01,No,Two_year,No,Mailed_check,20.15,220.8,Female,0,Yes,Yes,No,No,No,No,No,No,No,No,0,2020-02-01,306
4884-TVUQF,2015-05-01,No,Two_year,No,Credit_card_(automatic),101.3,5779.6,Female,1,No,No,Fiber_optic,Yes,No,Yes,Yes,No,Yes,Yes,0,2020-02-01,1737
8003-EWNDZ,2019-04-01,No,Month-to-month,Yes,Electronic_check,21.2,222.65,Female,0,No,No,No,No,No,No,No,No,No,No,0,2020-02-01,306
1897-RCFUM,2016-11-01,No,One_year,Yes,Mailed_check,24.2,914.6,Female,0,Yes,Yes,No,No,No,No,No,No,No,Yes,0,2020-02-01,1187
9256-JTBNZ,2019-03-01,No,Month-to-month,No,Bank_transfer_(automatic),20.3,246.3,Female,0,No,No,No,No,No,No,No,No,No,No,0,2020-02-01,337
4658-HCOHW,2018-03-01,2019-12-01 00:00:00,Month-to-month,Yes,Electronic_check,102.8,2110.15,Female,0,Yes,Yes,Fiber_optic,No,Yes,Yes,Yes,Yes,Yes,No,1,2019-12-01,640
2211-RMNHO,2014-06-01,No,Two_year,No,Bank_transfer_(automatic),85.3,5560.0,Female,0,Yes,Yes,DSL,No,Yes,Yes,Yes,Yes,Yes,Yes,0,2020-02-01,2071
2432-TFSMK,2018-08-01,No,One_year,Yes,Credit_card_(automatic),89.6,1633.0,Male,0,No,No,Fiber_optic,No,No,Yes,No,Yes,No,Yes,0,2020-02-01,549
3440-JPSCL,2019-05-01,2019-11-01 00:00:00,Month-to-month,Yes,Mailed_check,99.95,547.65,Female,0,No,No,Fiber_optic,No,No,Yes,Yes,Yes,Yes,No,1,2019-11-01,184
4929-ROART,2018-08-01,No,Month-to-month,No,Mailed_check,56.25,969.85,Male,0,No,No,DSL,Yes,No,No,No,No,No,Yes,0,2020-02-01,549
1834-ABKHQ,2015-10-01,No,One_year,Yes,Bank_transfer_(automatic),50.95,2610.65,Female,0,Yes,Yes,DSL,No,No,Yes,No,No,No,No,0,2020-02-01,1584
1741-WTPON,2015-06-01,No,Two_year,No,Mailed_check,115.85,6567.9,Male,0,Yes,Yes,Fiber_optic,Yes,Yes,Yes,Yes,Yes,Yes,Yes,0,2020-02-01,1706
3932-IJWDZ,2016-05-01,No,Month-to-month,Yes,Bank_transfer_(automatic),103.65,4747.85,Male,0,No,No,Fiber_optic,No,No,Yes,Yes,Yes,Yes,Yes,0,2020-02-01,1371
1240-HCBOH,2014-07-01,No,Two_year,Yes,Mailed_check,26.1,1759.55,Female,0,No,No,No,No,No,No,No,No,No,Yes,0,2020-02-01,2041
3594-KADLU,2019-11-01,No,Month-to-month,No,Mailed_check,35.1,101.1,Male,0,Yes,No,DSL,Yes,No,No,Yes,No,No,No,0,2020-02-01,92
8065-BVEPF,2014-09-01,No,Month-to-month,Yes,Bank_transfer_(automatic),99.1,6496.15,Male,1,No,No,Fiber_optic,No,Yes,Yes,No,Yes,Yes,No,0,2020-02-01,1979
3796-ENZGF,2014-11-01,No,Two_year,No,Mailed_check,67.25,4234.15,Male,0,Yes,No,DSL,No,Yes,No,Yes,No,Yes,Yes,0,2020-02-01,1918
1734-ZMNTZ,2019-03-01,No,Two_year,No,Mailed_check,25.0,300.7,Female,0,Yes,Yes,No,No,No,No,No,No,No,Yes,0,2020-02-01,337
2853-CWQFQ,2020-01-01,No,Month-to-month,Yes,Mailed_check,59.55,59.55,Male,0,No,Yes,DSL,No,No,No,Yes,No,Yes,No,0,2020-02-01,31
0813-TAXXS,2015-07-01,No,Two_year,Yes,Bank_transfer_(automatic),77.8,4323.35,Male,0,No,No,DSL,No,No,Yes,No,Yes,Yes,Yes,0,2020-02-01,1676
2519-TWKFS,2018-01-01,No,One_year,Yes,Mailed_check,55.1,1466.1,Male,0,Yes,Yes,DSL,No,No,No,Yes,No,No,Yes,0,2020-02-01,761
2889-FPWRM,2013-10-01,2019-10-01 00:00:00,One_year,Yes,Bank_transfer_(automatic),117.8,8684.8,Male,0,Yes,No,Fiber_optic,Yes,Yes,Yes,Yes,Yes,Yes,Yes,1,2019-10-01,2191
0626-QXNGV,2014-02-01,No,Two_year,Yes,Credit_card_(automatic),24.15,1776.45,Female,0,Yes,No,No,No,No,No,No,No,No,Yes,0,2020-02-01,2191
6723-CEGQI,2014-09-01,No,Two_year,No,Mailed_check,45.25,2933.95,Female,0,No,Yes,DSL,No,Yes,No,Yes,Yes,No,No,0,2020-02-01,1979
6987-XQSJT,2015-04-01,2019-10-01 00:00:00,Month-to-month,Yes,Electronic_check,79.5,4370.25,Female,1,No,No,Fiber_optic,No,Yes,No,No,No,No,Yes,1,2019-10-01,1644
4732-RRJZC,2019-07-01,No,Month-to-month,No,Mailed_check,20.25,144.35,Male,0,Yes,Yes,No,No,No,No,No,No,No,No,0,2020-02-01,215
9499-XPZXM,2014-02-01,No,Two_year,No,Bank_transfer_(automatic),64.75,4804.75,Female,0,Yes,No,DSL,Yes,Yes,No,Yes,No,No,Yes,0,2020-02-01,2191
4338-EYCER,2018-05-01,No,Month-to-month,No,Bank_transfer_(automatic),54.6,1125.2,Male,0,Yes,No,DSL,No,No,No,No,Yes,No,No,0,2020-02-01,641
3007-FDPEA,2019-12-01,No,Month-to-month,Yes,Bank_transfer_(automatic),20.7,39.85,Female,0,No,No,No,No,No,No,No,No,No,No,0,2020-02-01,62
6350-XFYGW,2019-10-01,No,Month-to-month,Yes,Electronic_check,94.75,422.4,Male,1,No,No,Fiber_optic,No,No,Yes,No,Yes,Yes,No,0,2020-02-01,123
4290-BSXUX,2019-07-01,2019-10-01 00:00:00,Month-to-month,Yes,Bank_transfer_(automatic),79.65,251.75,Male,0,Yes,No,Fiber_optic,No,No,No,Yes,No,No,Yes,1,2019-10-01,92
8513-OLYGY,2014-02-01,No,Two_year,No,Credit_card_(automatic),115.8,8332.15,Male,0,Yes,No,Fiber_optic,Yes,Yes,Yes,Yes,Yes,Yes,Yes,0,2020-02-01,2191
0311-QYWSS,2019-08-01,No,Month-to-month,Yes,Electronic_check,49.45,314.6,Female,0,No,No,DSL,Yes,No,No,No,No,No,No,0,2020-02-01,184
8705-DWKTI,2015-10-01,No,Month-to-month,Yes,Credit_card_(automatic),83.8,4331.4,Male,0,No,No,Fiber_optic,No,No,Yes,No,No,Yes,No,0,2020-02-01,1584
8755-IWJHN,2014-05-01,No,Month-to-month,Yes,Bank_transfer_(automatic),95.35,6382.0,Male,1,Yes,No,Fiber_optic,No,Yes,Yes,No,No,Yes,Yes,0,2020-02-01,2102
0325-XBFAC,2019-05-01,2020-01-01 00:00:00,Month-to-month,Yes,Electronic_check,94.7,740.3,Male,0,No,No,Fiber_optic,No,No,Yes,No,Yes,Yes,No,1,2020-01-01,245
4480-QQRHC,2019-06-01,No,Month-to-month,Yes,Bank_transfer_(automatic),74.05,600.15,Female,1,No,No,Fiber_optic,No,No,Yes,No,No,No,No,0,2020-02-01,245
0929-PECLO,2014-11-01,No,Month-to-month,Yes,Bank_transfer_(automatic),89.6,5538.8,Female,1,No,No,Fiber_optic,No,No,Yes,No,No,Yes,Yes,0,2020-02-01,1918
3680-CTHUH,2015-02-01,No,One_year,Yes,Credit_card_(automatic),116.6,7049.5,Male,0,No,No,Fiber_optic,Yes,Yes,Yes,Yes,Yes,Yes,Yes,0,2020-02-01,1826
1202-KKGFU,2019-02-01,No,Month-to-month,No,Bank_transfer_(automatic),54.2,690.5,Female,0,Yes,No,DSL,Yes,No,No,Yes,No,No,No,0,2020-02-01,365
6112-KTHFQ,2019-01-01,No,Month-to-month,Yes,Mailed_check,19.3,279.3,Female,0,No,No,No,No,No,No,No,No,No,No,0,2020-02-01,396
1852-XEMDW,2018-04-01,No,Month-to-month,No,Mailed_check,65.05,1427.55,Male,0,No,No,DSL,Yes,Yes,Yes,No,No,No,Yes,0,2020-02-01,671
2462-XIIJB,2019-07-01,2019-12-01 00:00:00,Month-to-month,Yes,Electronic_check,92.5,452.7,Male,0,No,No,Fiber_optic,No,No,Yes,No,Yes,No,Yes,1,2019-12-01,153
4760-XOHVN,2019-12-01,2020-01-01 00:00:00,Month-to-month,No,Mailed_check,19.45,19.45,Female,0,Yes,Yes,No,No,No,No,No,No,No,No,1,2020-01-01,31
1820-DJFPH,2014-02-01,No,Two_year,Yes,Bank_transfer_(automatic),24.05,1709.15,Female,0,Yes,Yes,No,No,No,No,No,No,No,Yes,0,2020-02-01,2191
9426-SXNHE,2019-12-01,No,Month-to-month,No,Bank_transfer_(automatic),18.75,53.15,Female,0,No,No,No,No,No,No,No,No,No,No,0,2020-02-01,62
9068-FHQHD,2016-10-01,No,Two_year,No,Bank_transfer_(automatic),20.15,777.35,Female,0,Yes,Yes,No,No,No,No,No,No,No,No,0,2020-02-01,1218
1269-FOYWN,2016-06-01,No,One_year,No,Bank_transfer_(automatic),20.0,860.85,Male,0,Yes,Yes,No,No,No,No,No,No,No,No,0,2020-02-01,1340
9470-YFUYI,2014-03-01,No,One_year,Yes,Bank_transfer_(automatic),71.0,5012.1,Male,1,Yes,No,DSL,Yes,Yes,No,Yes,Yes,No,No,0,2020-02-01,2163
7817-BOQPW,2019-09-01,2019-11-01 00:00:00,Month-to-month,Yes,Electronic_check,75.55,166.3,Female,0,No,No,Fiber_optic,No,No,No,No,No,No,Yes,1,2019-11-01,61
7402-EYFXX,2017-12-01,No,Month-to-month,Yes,Electronic_check,93.6,2404.1,Male,1,No,No,Fiber_optic,No,No,No,No,Yes,Yes,Yes,0,2020-02-01,792
1853-UDXBW,2019-12-01,2020-01-01 00:00:00,Month-to-month,Yes,Electronic_check,70.0,70.0,Male,0,Yes,Yes,Fiber_optic,No,No,No,No,No,No,No,1,2020-01-01,31
9895-VFOXH,2020-01-01,No,Month-to-month,No,Mailed_check,24.4,24.4,Female,0,No,No,DSL,No,No,No,No,No,No,No,0,2020-02-01,31
5458-CQJTA,2014-08-01,2020-01-01 00:00:00,Two_year,Yes,Bank_transfer_(automatic),74.8,4820.15,Male,0,Yes,Yes,DSL,Yes,No,No,Yes,Yes,Yes,No,1,2020-01-01,1979
1230-QAJDW,2019-11-01,No,Month-to-month,Yes,Mailed_check,65.25,209.9,Male,0,No,No,DSL,No,No,No,Yes,Yes,No,Yes,0,2020-02-01,92
5701-ZIKJE,2019-01-01,No,Month-to-month,Yes,Mailed_check,50.55,610.75,Male,0,No,No,DSL,No,No,No,Yes,No,No,No,0,2020-02-01,396
5219-YIPTK,2017-01-01,2019-10-01 00:00:00,Month-to-month,Yes,Electronic_check,104.4,3409.6,Female,0,Yes,No,Fiber_optic,No,Yes,Yes,No,Yes,Yes,Yes,1,2019-10-01,1003
5032-MIYKT,2020-01-01,No,Month-to-month,Yes,Mailed_check,70.7,70.7,Female,0,No,No,Fiber_optic,No,No,No,No,No,No,No,0,2020-02-01,31
7396-VJUZB,2019-10-01,No,Month-to-month,No,Mailed_check,45.25,155.35,Male,0,Yes,Yes,DSL,No,No,No,No,No,No,No,0,2020-02-01,123
9717-QEBGU,2019-12-01,No,Month-to-month,Yes,Electronic_check,70.3,144.0,Male,0,No,No,Fiber_optic,No,No,No,No,No,No,No,0,2020-02-01,62
5172-RKOCB,2014-02-01,No,Two_year,Yes,Credit_card_(automatic),108.95,7875.0,Male,0,Yes,No,Fiber_optic,Yes,Yes,No,Yes,Yes,Yes,Yes,0,2020-02-01,2191
6509-TSGWN,2017-01-01,No,Month-to-month,No,Mailed_check,26.45,911.6,Female,0,Yes,Yes,No,No,No,No,No,No,No,Yes,0,2020-02-01,1126
3540-RZJYU,2018-07-01,2019-10-01 00:00:00,Month-to-month,No,Electronic_check,86.2,1270.2,Female,0,No,No,Fiber_optic,Yes,No,No,No,Yes,No,No,1,2019-10-01,457
3178-CIFOT,2018-03-01,No,One_year,Yes,Credit_card_(automatic),19.65,478.1,Female,0,No,No,No,No,No,No,No,No,No,No,0,2020-02-01,702
2091-MJTFX,2017-05-01,2019-11-01 00:00:00,Month-to-month,No,Credit_card_(automatic),51.2,1561.5,Female,0,Yes,Yes,DSL,No,No,No,Yes,Yes,Yes,No,1,2019-11-01,914
4530-NDRKU,2016-08-01,No,One_year,Yes,Electronic_check,19.05,761.85,Female,0,Yes,Yes,No,No,No,No,No,No,No,No,0,2020-02-01,1279
5985-TBABQ,2017-06-01,No,One_year,No,Mailed_check,74.75,2282.95,Female,0,No,No,DSL,Yes,No,No,No,Yes,Yes,Yes,0,2020-02-01,975
9800-ONTFE,2018-04-01,No,Month-to-month,Yes,Bank_transfer_(automatic),75.8,1615.1,Female,0,Yes,Yes,Fiber_optic,No,No,No,No,No,No,Yes,0,2020-02-01,671
6743-HHQPF,2016-08-01,No,Month-to-month,Yes,Credit_card_(automatic),25.1,1097.15,Male,0,Yes,No,DSL,No,No,No,No,No,No,No,0,2020-02-01,1279
8455-HIRAQ,2019-06-01,No,Month-to-month,No,Mailed_check,44.45,369.3,Female,0,No,No,DSL,No,No,No,No,No,No,No,0,2020-02-01,245
6616-AALSR,2014-09-01,No,Two_year,Yes,Credit_card_(automatic),104.3,6725.3,Female,0,Yes,Yes,Fiber_optic,Yes,No,Yes,No,Yes,Yes,Yes,0,2020-02-01,1979
0883-EIBTI,2019-10-01,2019-12-01 00:00:00,Month-to-month,No,Mailed_check,19.5,31.55,Female,0,No,No,No,No,No,No,No,No,No,No,1,2019-12-01,61
9415-ZNBSX,2014-04-01,No,Two_year,Yes,Bank_transfer_(automatic),89.0,6293.2,Female,0,Yes,Yes,DSL,Yes,Yes,Yes,Yes,Yes,Yes,Yes,0,2020-02-01,2132
4018-KJYUY,2018-04-01,No,Month-to-month,No,Credit_card_(automatic),20.15,432.5,Male,0,No,Yes,No,No,No,No,No,No,No,No,0,2020-02-01,671
0722-TROQR,2019-08-01,2019-12-01 00:00:00,Month-to-month,Yes,Electronic_check,74.9,321.75,Female,1,No,No,Fiber_optic,No,No,No,No,No,No,Yes,1,2019-12-01,122
7571-YXDAD,2019-08-01,2019-10-01 00:00:00,Month-to-month,No,Credit_card_(automatic),74.9,147.15,Female,0,No,No,Fiber_optic,No,No,No,No,No,No,Yes,1,2019-10-01,61
3884-UEBXB,2014-07-01,No,Two_year,No,Bank_transfer_(automatic),36.15,2434.45,Female,0,Yes,Yes,DSL,Yes,Yes,No,No,No,No,No,0,2020-02-01,2041
8780-RSYYU,2018-01-01,No,Month-to-month,Yes,Credit_card_(automatic),19.2,532.1,Female,0,No,No,No,No,No,No,No,No,No,No,0,2020-02-01,761
5537-UXXVS,2018-06-01,No,Month-to-month,No,Bank_transfer_(automatic),19.25,375.25,Female,0,Yes,No,No,No,No,No,No,No,No,No,0,2020-02-01,610
1791-PQHBB,2019-12-01,No,Month-to-month,Yes,Credit_card_(automatic),61.2,125.95,Female,0,No,Yes,DSL,Yes,No,No,No,No,Yes,No,0,2020-02-01,62
8701-DGLVH,2015-11-01,No,Two_year,No,Mailed_check,20.45,1042.65,Male,0,No,No,No,No,No,No,No,No,No,No,0,2020-02-01,1553
8741-LQOBK,2016-04-01,No,Month-to-month,No,Bank_transfer_(automatic),35.05,1620.25,Female,0,Yes,Yes,DSL,Yes,Yes,No,No,No,No,No,0,2020-02-01,1401
3393-FMZPV,2017-09-01,2019-10-01 00:00:00,Month-to-month,Yes,Electronic_check,100.25,2387.75,Female,0,No,No,Fiber_optic,No,Yes,No,No,Yes,Yes,Yes,1,2019-10-01,760
8082-GHXOP,2019-01-01,No,Month-to-month,No,Mailed_check,44.0,659.35,Male,0,No,Yes,DSL,No,No,No,No,No,No,No,0,2020-02-01,396
6402-ZFPPI,2017-11-01,2019-12-01 00:00:00,Month-to-month,Yes,Mailed_check,102.8,2660.2,Female,1,No,No,Fiber_optic,Yes,Yes,No,No,Yes,Yes,Yes,1,2019-12-01,760
0980-FEXWF,2017-12-01,No,One_year,No,Mailed_check,50.35,1285.8,Male,0,Yes,Yes,DSL,No,No,Yes,No,No,No,No,0,2020-02-01,792
7486-KSRVI,2016-06-01,2020-01-01 00:00:00,One_year,Yes,Electronic_check,100.0,4211.55,Male,0,No,No,Fiber_optic,No,No,No,Yes,Yes,Yes,Yes,1,2020-01-01,1309
3011-WQKSZ,2018-07-01,No,Month-to-month,Yes,Electronic_check,20.0,377.55,Male,0,No,Yes,No,No,No,No,No,No,No,No,0,2020-02-01,580
8443-WVPSS,2018-12-01,2019-10-01 00:00:00,Month-to-month,Yes,Electronic_check,99.85,990.9,Male,0,Yes,No,Fiber_optic,No,Yes,No,Yes,Yes,Yes,No,1,2019-10-01,304
3006-XIMLN,2019-09-01,2019-11-01 00:00:00,Month-to-month,Yes,Bank_transfer_(automatic),94.2,193.8,Female,0,No,Yes,Fiber_optic,No,No,No,No,Yes,Yes,Yes,1,2019-11-01,61
8218-FFJDS,2014-02-01,No,Two_year,Yes,Bank_transfer_(automatic),86.4,6058.95,Female,0,Yes,No,DSL,Yes,Yes,No,Yes,Yes,Yes,Yes,0,2020-02-01,2191
1986-PHGZF,2018-08-01,No,Month-to-month,Yes,Credit_card_(automatic),58.4,964.9,Male,1,No,No,DSL,Yes,Yes,No,No,No,No,Yes,0,2020-02-01,549
9965-YOKZB,2019-04-01,2020-01-01 00:00:00,Month-to-month,Yes,Electronic_check,83.85,790.15,Male,1,No,No,Fiber_optic,No,No,No,No,No,Yes,Yes,1,2020-01-01,275
0504-HHAPI,2017-10-01,2020-01-01 00:00:00,Month-to-month,No,Credit_card_(automatic),88.3,2467.75,Female,1,No,No,Fiber_optic,No,No,Yes,No,No,Yes,Yes,1,2020-01-01,822
9360-OMDZZ,2018-02-01,No,Month-to-month,Yes,Electronic_check,94.1,2322.85,Male,0,No,No,Fiber_optic,No,No,No,No,Yes,Yes,Yes,0,2020-02-01,730
6305-YLBMM,2014-01-01,2019-10-01 00:00:00,One_year,Yes,Bank_transfer_(automatic),104.05,7262.0,Male,0,No,No,Fiber_optic,No,Yes,Yes,Yes,Yes,Yes,No,1,2019-10-01,2099
0345-XMMUG,2016-04-01,No,Two_year,Yes,Credit_card_(automatic),108.9,4854.3,Female,0,Yes,No,Fiber_optic,No,Yes,Yes,Yes,Yes,Yes,Yes,0,2020-02-01,1401
8024-XNAFQ,2014-02-01,No,Two_year,Yes,Bank_transfer_(automatic),107.4,7748.75,Female,1,No,No,Fiber_optic,Yes,Yes,Yes,Yes,No,Yes,Yes,0,2020-02-01,2191
3647-GMGDH,2018-03-01,2020-01-01 00:00:00,Month-to-month,Yes,Credit_card_(automatic),94.7,1914.9,Male,0,Yes,No,Fiber_optic,No,No,Yes,No,Yes,Yes,No,1,2020-01-01,671
2988-GBIVW,2014-04-01,No,Month-to-month,Yes,Electronic_check,90.85,6470.1,Female,1,Yes,No,Fiber_optic,Yes,No,No,No,No,Yes,Yes,0,2020-02-01,2132
2832-SCUCO,2019-12-01,No,Month-to-month,No,Electronic_check,19.9,57.4,Female,0,No,No,No,No,No,No,No,No,No,No,0,2020-02-01,62
7036-ZZKBD,2017-07-01,No,Month-to-month,Yes,Credit_card_(automatic),66.4,2019.8,Male,0,Yes,No,DSL,No,No,Yes,Yes,No,Yes,No,0,2020-02-01,945
3791-LGQCY,2015-02-01,2019-10-01 00:00:00,Month-to-month,Yes,Bank_transfer_(automatic),100.65,5688.05,Female,1,Yes,No,Fiber_optic,No,No,Yes,No,Yes,Yes,Yes,1,2019-10-01,1703
0265-PSUAE,2018-10-01,No,Month-to-month,No,Bank_transfer_(automatic),100.7,1522.7,Female,0,Yes,Yes,Fiber_optic,Yes,No,Yes,No,Yes,Yes,No,0,2020-02-01,488
0463-TXOAK,2015-10-01,No,Two_year,No,Credit_card_(automatic),25.6,1334.5,Male,0,No,Yes,No,No,No,No,No,No,No,Yes,0,2020-02-01,1584
0594-UFTUL,2019-01-01,No,Month-to-month,Yes,Mailed_check,19.85,252.0,Male,0,Yes,Yes,No,No,No,No,No,No,No,No,0,2020-02-01,396
9509-MPYOD,2017-03-01,No,One_year,No,Mailed_check,20.75,700.45,Female,0,No,No,No,No,No,No,No,No,No,No,0,2020-02-01,1067
9128-CPXKI,2015-03-01,No,Two_year,No,Electronic_check,95.8,5655.45,Female,0,No,No,Fiber_optic,No,No,Yes,No,Yes,Yes,No,0,2020-02-01,1798
0129-KPTWJ,2014-02-01,No,Month-to-month,Yes,Electronic_check,94.65,6747.35,Male,0,Yes,No,Fiber_optic,No,No,Yes,No,Yes,Yes,No,0,2020-02-01,2191
8166-ZZTFS,2014-05-01,2019-11-01 00:00:00,Two_year,Yes,Bank_transfer_(automatic),80.55,5265.1,Female,1,Yes,No,DSL,No,Yes,Yes,No,Yes,Yes,Yes,1,2019-11-01,2010
5855-EIBDE,2016-01-01,No,Two_year,No,Credit_card_(automatic),106.65,5174.35,Female,0,Yes,No,Fiber_optic,Yes,Yes,Yes,Yes,No,Yes,Yes,0,2020-02-01,1492
5365-LLFYV,2019-12-01,No,Month-to-month,Yes,Mailed_check,45.85,105.6,Female,0,No,No,DSL,No,No,No,No,No,No,No,0,2020-02-01,62
5956-YHHRX,2018-05-01,No,Month-to-month,Yes,Electronic_check,104.35,2271.85,Male,1,No,No,Fiber_optic,No,Yes,Yes,No,Yes,Yes,Yes,0,2020-02-01,641
6008-NAIXK,2015-08-01,No,One_year,Yes,Electronic_check,55.45,2966.95,Male,1,No,No,DSL,No,Yes,Yes,No,Yes,Yes,No,0,2020-02-01,1645
2956-GGUCQ,2018-01-01,2020-01-01 00:00:00,Month-to-month,Yes,Electronic_check,78.85,1772.25,Male,1,Yes,No,Fiber_optic,Yes,No,No,No,No,No,Yes,1,2020-01-01,730
1928-BXYIV,2020-01-01,No,Month-to-month,No,Electronic_check,61.15,61.15,Male,0,No,No,DSL,Yes,Yes,No,No,No,No,Yes,0,2020-02-01,31
5760-FXFVO,2019-08-01,No,Month-to-month,Yes,Electronic_check,78.95,494.95,Male,0,No,No,Fiber_optic,Yes,Yes,No,No,No,No,No,0,2020-02-01,184
6595-COKXZ,2019-11-01,2019-12-01 00:00:00,Month-to-month,Yes,Mailed_check,44.45,44.45,Female,0,No,No,DSL,No,No,No,No,No,No,No,1,2019-12-01,30
0961-ZWLVI,2016-01-01,No,One_year,Yes,Credit_card_(automatic),109.2,5290.45,Male,0,No,Yes,Fiber_optic,Yes,Yes,Yes,No,Yes,Yes,Yes,0,2020-02-01,1492
5181-OABFK,2015-06-01,No,Two_year,Yes,Credit_card_(automatic),61.3,3346.8,Female,0,Yes,Yes,DSL,Yes,Yes,Yes,No,No,No,No,0,2020-02-01,1706
4007-NHVHI,2015-06-01,No,Month-to-month,Yes,Electronic_check,96.85,5219.65,Female,1,No,No,Fiber_optic,Yes,Yes,No,No,No,Yes,Yes,0,2020-02-01,1706
7816-VGHTO,2019-08-01,No,Two_year,No,Mailed_check,40.55,217.5,Female,0,Yes,Yes,DSL,No,Yes,Yes,Yes,No,No,No,0,2020-02-01,184
5871-DGTXZ,2017-06-01,No,One_year,No,Mailed_check,19.8,607.7,Male,0,No,No,No,No,No,No,No,No,No,No,0,2020-02-01,975
7550-WIQVA,2015-12-01,No,One_year,Yes,Electronic_check,108.25,5431.4,Male,0,Yes,Yes,Fiber_optic,Yes,Yes,Yes,No,Yes,Yes,Yes,0,2020-02-01,1523
7544-ZVIKX,2015-04-01,No,One_year,Yes,Bank_transfer_(automatic),105.05,6004.85,Male,0,Yes,Yes,Fiber_optic,No,No,Yes,Yes,Yes,Yes,Yes,0,2020-02-01,1767
0016-QLJIS,2014-09-01,No,Two_year,Yes,Mailed_check,90.45,5957.9,Female,0,Yes,Yes,DSL,Yes,Yes,Yes,Yes,Yes,Yes,Yes,0,2020-02-01,1979
7508-DQAKK,2014-10-01,No,Two_year,Yes,Credit_card_(automatic),86.4,5442.05,Female,0,No,No,DSL,Yes,Yes,Yes,Yes,Yes,Yes,Yes,0,2020-02-01,1949
5176-OLSKT,2014-08-01,No,Two_year,No,Bank_transfer_(automatic),66.9,4370.25,Female,0,Yes,No,DSL,Yes,Yes,Yes,No,No,No,Yes,0,2020-02-01,2010
9356-AXGMP,2016-12-01,No,One_year,Yes,Electronic_check,110.7,4428.6,Male,0,Yes,No,Fiber_optic,Yes,No,Yes,Yes,Yes,Yes,Yes,0,2020-02-01,1157
3556-BVQGL,2018-06-01,No,One_year,Yes,Mailed_check,20.0,416.45,Female,0,Yes,No,No,No,No,No,No,No,No,No,0,2020-02-01,610
0362-ZBZWJ,2017-01-01,2020-01-01 00:00:00,Month-to-month,Yes,Electronic_check,84.9,3067.2,Male,0,No,No,Fiber_optic,No,No,No,No,No,Yes,Yes,1,2020-01-01,1095
8979-CAMGB,2014-10-01,No,One_year,No,Electronic_check,102.1,6688.1,Male,1,No,No,Fiber_optic,No,No,Yes,Yes,Yes,Yes,Yes,0,2020-02-01,1949
4211-MMAZN,2019-12-01,2020-01-01 00:00:00,Month-to-month,No,Mailed_check,20.25,20.25,Male,0,No,No,No,No,No,No,No,No,No,No,1,2020-01-01,31
7581-EBBOU,2015-02-01,No,One_year,Yes,Credit_card_(automatic),70.15,4224.7,Female,0,No,No,DSL,No,Yes,Yes,Yes,Yes,No,No,0,2020-02-01,1826
4274-OWWYO,2019-10-01,2019-11-01 00:00:00,Month-to-month,Yes,Electronic_check,74.35,74.35,Male,0,No,No,Fiber_optic,No,Yes,No,No,No,No,No,1,2019-11-01,31
5073-RZGBK,2015-12-01,No,One_year,Yes,Bank_transfer_(automatic),80.05,4042.2,Female,0,Yes,Yes,DSL,Yes,Yes,Yes,Yes,No,Yes,Yes,0,2020-02-01,1523
1541-ETJZO,2019-12-01,2020-01-01 00:00:00,Month-to-month,No,Mailed_check,62.05,62.05,Male,0,No,No,DSL,No,No,Yes,Yes,No,No,Yes,1,2020-01-01,31
2192-CKRLV,2014-02-01,No,Two_year,Yes,Electronic_check,49.2,3580.95,Female,0,Yes,No,DSL,Yes,Yes,Yes,No,No,Yes,No,0,2020-02-01,2191
3154-HMWUU,2015-02-01,No,Two_year,Yes,Bank_transfer_(automatic),20.5,1198.8,Male,0,Yes,No,No,No,No,No,No,No,No,No,0,2020-02-01,1826
6119-SPUDB,2016-04-01,No,Two_year,No,Mailed_check,38.25,1755.35,Male,0,No,No,DSL,Yes,No,Yes,Yes,No,No,No,0,2020-02-01,1401
6522-OIQSX,2014-05-01,No,Two_year,Yes,Credit_card_(automatic),54.95,3772.5,Female,0,Yes,Yes,DSL,No,Yes,Yes,No,Yes,Yes,No,0,2020-02-01,2102
7813-ZGGAW,2017-07-01,No,Month-to-month,Yes,Bank_transfer_(automatic),96.6,2877.95,Male,1,No,No,Fiber_optic,No,No,Yes,Yes,Yes,No,Yes,0,2020-02-01,945
8748-HFWBO,2018-07-01,No,One_year,No,Mailed_check,19.9,357.7,Male,0,Yes,Yes,No,No,No,No,No,No,No,No,0,2020-02-01,580
1052-QJIBV,2014-03-01,No,Two_year,No,Credit_card_(automatic),19.9,1397.3,Female,0,Yes,Yes,No,No,No,No,No,No,No,No,0,2020-02-01,2163
1319-YLZJG,2019-02-01,No,Month-to-month,Yes,Electronic_check,84.6,959.9,Male,0,Yes,No,Fiber_optic,Yes,Yes,Yes,No,No,No,No,0,2020-02-01,365
4106-HADHQ,2016-07-01,2019-10-01 00:00:00,One_year,No,Credit_card_(automatic),80.0,3182.95,Male,0,Yes,Yes,DSL,Yes,No,Yes,Yes,Yes,Yes,No,1,2019-10-01,1187
0723-FDLAY,2016-06-01,No,One_year,Yes,Bank_transfer_(automatic),85.25,3704.15,Male,0,No,No,DSL,No,Yes,Yes,Yes,Yes,Yes,Yes,0,2020-02-01,1340
3050-RLLXC,2015-06-01,No,Two_year,No,Credit_card_(automatic),81.25,4620.4,Female,0,Yes,Yes,DSL,Yes,Yes,Yes,Yes,Yes,No,Yes,0,2020-02-01,1706
9298-WGMRW,2014-02-01,No,Two_year,Yes,Bank_transfer_(automatic),115.5,8312.75,Female,0,Yes,No,Fiber_optic,Yes,Yes,Yes,Yes,Yes,Yes,Yes,0,2020-02-01,2191
2369-UAPKZ,2019-07-01,2019-12-01 00:00:00,Month-to-month,No,Mailed_check,104.1,541.9,Male,0,No,No,Fiber_optic,No,Yes,Yes,No,Yes,Yes,Yes,1,2019-12-01,153
3088-LHEFH,2019-03-01,No,Month-to-month,Yes,Bank_transfer_(automatic),79.0,929.3,Female,0,No,No,Fiber_optic,Yes,No,No,No,No,No,Yes,0,2020-02-01,337
2778-OCLGR,2017-10-01,2019-10-01 00:00:00,Month-to-month,No,Bank_transfer_(automatic),39.1,971.3,Male,1,Yes,No,DSL,Yes,No,No,No,No,Yes,No,1,2019-10-01,730
6583-KQJLK,2018-11-01,No,Month-to-month,Yes,Electronic_check,94.65,1285.05,Female,1,Yes,No,Fiber_optic,No,Yes,No,No,Yes,Yes,No,0,2020-02-01,457
8544-JNBOX,2014-02-01,No,Two_year,Yes,Mailed_check,20.8,1521.2,Male,0,No,No,No,No,No,No,No,No,No,No,0,2020-02-01,2191
6681-ZSEXG,2015-06-01,No,Two_year,No,Credit_card_(automatic),59.5,3389.25,Male,0,Yes,No,DSL,No,Yes,Yes,No,No,No,Yes,0,2020-02-01,1706
6139-ZZRBQ,2014-10-01,No,Two_year,Yes,Bank_transfer_(automatic),20.05,1198.05,Male,1,No,No,No,No,No,No,No,No,No,No,0,2020-02-01,1949
6116-RFVHN,2017-04-01,No,Month-to-month,Yes,Electronic_check,100.45,3414.65,Female,0,Yes,No,Fiber_optic,No,No,Yes,No,Yes,Yes,Yes,0,2020-02-01,1036
0637-KVDLV,2019-08-01,2019-10-01 00:00:00,Month-to-month,Yes,Electronic_check,76.5,162.45,Male,0,No,No,Fiber_optic,No,No,No,No,No,No,Yes,1,2019-10-01,61
8884-FEEWR,2017-03-01,No,One_year,No,Bank_transfer_(automatic),20.6,754.0,Male,0,No,No,No,No,No,No,No,No,No,No,0,2020-02-01,1067
3125-RAHBV,2018-04-01,No,One_year,No,Credit_card_(automatic),20.3,467.15,Male,0,No,No,No,No,No,No,No,No,No,No,0,2020-02-01,671
6633-MPWBS,2019-07-01,2019-12-01 00:00:00,Month-to-month,Yes,Electronic_check,49.2,216.9,Male,0,No,No,DSL,No,No,No,Yes,No,No,No,1,2019-12-01,153
0373-AIVNJ,2019-05-01,No,One_year,No,Mailed_check,39.55,373.0,Male,0,No,No,DSL,Yes,Yes,Yes,No,No,No,No,0,2020-02-01,276
8785-EPNCG,2019-02-01,2020-01-01 00:00:00,Month-to-month,No,Credit_card_(automatic),23.15,245.2,Male,0,No,No,No,No,No,No,No,No,No,Yes,1,2020-01-01,334
1682-VCOIO,2018-03-01,No,One_year,No,Mailed_check,20.45,481.1,Male,0,No,No,No,No,No,No,No,No,No,No,0,2020-02-01,702
5729-KLZAR,2019-08-01,2019-12-01 00:00:00,Month-to-month,No,Electronic_check,80.85,302.75,Female,0,Yes,Yes,Fiber_optic,No,No,No,No,No,Yes,No,1,2019-12-01,122
2072-ZVJJX,2014-06-01,No,Two_year,No,Bank_transfer_(automatic),25.25,1728.2,Male,0,Yes,No,No,No,No,No,No,No,No,Yes,0,2020-02-01,2071
8849-AYPTR,2017-05-01,No,Month-to-month,No,Electronic_check,91.25,2964.05,Male,0,Yes,No,Fiber_optic,No,No,No,No,Yes,Yes,No,0,2020-02-01,1006
9518-IMLHK,2017-07-01,No,Month-to-month,Yes,Bank_transfer_(automatic),72.45,2156.25,Male,0,No,No,DSL,Yes,Yes,Yes,Yes,Yes,No,No,0,2020-02-01,945
1582-RAFML,2019-10-01,2019-11-01 00:00:00,Month-to-month,No,Mailed_check,60.1,60.1,Male,0,No,No,DSL,No,Yes,No,Yes,No,No,Yes,1,2019-11-01,31
3646-ITDGM,2015-06-01,No,Two_year,No,Bank_transfer_(automatic),19.7,1051.9,Female,0,No,No,No,No,No,No,No,No,No,No,0,2020-02-01,1706
8740-CRYFY,2019-11-01,2019-12-01 00:00:00,Month-to-month,Yes,Electronic_check,78.95,78.95,Male,0,No,No,Fiber_optic,No,No,No,No,Yes,No,No,1,2019-12-01,30
3569-VLDHH,2014-08-01,No,One_year,Yes,Electronic_check,75.1,5013.0,Male,0,Yes,Yes,DSL,Yes,Yes,Yes,Yes,Yes,No,No,0,2020-02-01,2010
8224-KDLKN,2014-02-01,No,Two_year,No,Bank_transfer_(automatic),25.0,1738.9,Male,0,Yes,Yes,No,No,No,No,No,No,No,Yes,0,2020-02-01,2191
7594-LZNWR,2017-04-01,No,Month-to-month,No,Credit_card_(automatic),69.15,2275.1,Male,1,No,No,Fiber_optic,No,No,No,No,No,No,No,0,2020-02-01,1036
4001-TSBTV,2015-04-01,No,Month-to-month,Yes,Electronic_check,91.55,5511.65,Female,0,Yes,Yes,Fiber_optic,No,Yes,Yes,No,Yes,No,No,0,2020-02-01,1767
2962-XPMCQ,2019-11-01,2020-01-01 00:00:00,Month-to-month,Yes,Electronic_check,45.15,98.5,Male,0,No,No,DSL,No,No,No,No,No,No,No,1,2020-01-01,61
8727-XDPUD,2017-01-01,No,Two_year,No,Credit_card_(automatic),35.8,1316.9,Male,0,No,No,DSL,No,No,No,No,Yes,No,No,0,2020-02-01,1126
1043-UXOVO,2014-03-01,No,Two_year,Yes,Credit_card_(automatic),113.15,7993.3,Female,0,No,No,Fiber_optic,Yes,Yes,Yes,Yes,Yes,Yes,Yes,0,2020-02-01,2163
1064-FBXNK,2020-01-01,No,One_year,No,Credit_card_(automatic),19.85,19.85,Male,0,Yes,Yes,No,No,No,No,No,No,No,No,0,2020-02-01,31
3996-ZNWYK,2014-03-01,No,Two_year,No,Credit_card_(automatic),19.8,1388.45,Male,1,Yes,Yes,No,No,No,No,No,No,No,No,0,2020-02-01,2163
2878-DHMIN,2017-03-01,No,One_year,No,Electronic_check,19.9,666.0,Male,0,Yes,Yes,No,No,No,No,No,No,No,No,0,2020-02-01,1067
7762-ONLJY,2019-08-01,No,One_year,No,Mailed_check,19.7,94.45,Female,0,Yes,Yes,No,No,No,No,No,No,No,No,0,2020-02-01,184
1678-FYZOW,2019-07-01,2019-10-01 00:00:00,Month-to-month,Yes,Electronic_check,79.4,244.65,Female,0,No,No,Fiber_optic,No,No,No,No,Yes,No,No,1,2019-10-01,92
5795-BKOYE,2014-05-01,No,One_year,No,Bank_transfer_(automatic),59.1,4134.7,Female,0,Yes,Yes,DSL,No,Yes,Yes,Yes,No,No,No,0,2020-02-01,2102
8627-EHGIP,2016-05-01,2020-01-01 00:00:00,One_year,Yes,Mailed_check,53.95,2375.4,Male,0,No,No,DSL,No,Yes,Yes,No,Yes,Yes,No,1,2020-01-01,1340
7402-PWYJJ,2015-09-01,No,One_year,Yes,Electronic_check,91.15,4862.5,Female,0,Yes,No,Fiber_optic,No,No,No,Yes,No,Yes,Yes,0,2020-02-01,1614
5480-TBGPH,2018-01-01,2020-01-01 00:00:00,Month-to-month,Yes,Credit_card_(automatic),99.3,2431.35,Female,0,Yes,No,Fiber_optic,No,Yes,Yes,No,Yes,Yes,No,1,2020-01-01,730
0018-NYROU,2019-09-01,No,Month-to-month,Yes,Electronic_check,68.95,351.5,Female,0,Yes,No,Fiber_optic,No,No,No,No,No,No,No,0,2020-02-01,153
7501-VTYLJ,2019-12-01,No,Month-to-month,No,Mailed_check,51.55,106.2,Female,0,No,Yes,DSL,No,Yes,No,No,No,No,No,0,2020-02-01,62
7608-RGIRO,2014-12-01,No,Two_year,Yes,Mailed_check,24.4,1413.0,Male,0,No,Yes,No,No,No,No,No,No,No,Yes,0,2020-02-01,1888
0480-BIXDE,2018-07-01,No,Month-to-month,Yes,Electronic_check,96.8,1743.05,Female,0,Yes,No,Fiber_optic,No,No,Yes,No,Yes,Yes,No,0,2020-02-01,580
5895-QSXOD,2019-05-01,No,Month-to-month,No,Mailed_check,70.05,657.5,Male,0,No,No,Fiber_optic,No,No,No,No,No,No,No,0,2020-02-01,276
9814-AOUDH,2015-09-01,No,Two_year,No,Credit_card_(automatic),19.5,1050.5,Male,0,No,No,No,No,No,No,No,No,No,No,0,2020-02-01,1614
6175-IRFIT,2019-09-01,No,Month-to-month,No,Mailed_check,78.75,426.35,Male,0,No,No,Fiber_optic,No,No,No,No,No,Yes,No,0,2020-02-01,153
8760-ZRHKE,2014-03-01,No,One_year,No,Electronic_check,69.2,4982.5,Female,1,Yes,Yes,DSL,Yes,Yes,No,No,Yes,No,Yes,0,2020-02-01,2163
1622-HSHSF,2020-01-01,No,Month-to-month,Yes,Mailed_check,19.55,19.55,Female,0,No,No,No,No,No,No,No,No,No,No,0,2020-02-01,31
8854-CCVSQ,2018-04-01,2019-10-01 00:00:00,Month-to-month,Yes,Electronic_check,80.65,1451.9,Male,0,No,No,Fiber_optic,No,Yes,No,No,No,No,Yes,1,2019-10-01,548
6749-UTDVX,2014-02-01,No,Two_year,Yes,Electronic_check,103.65,7634.8,Male,0,No,No,Fiber_optic,No,Yes,Yes,No,Yes,Yes,Yes,0,2020-02-01,2191
5542-DHSXL,2019-10-01,No,Month-to-month,No,Mailed_check,54.7,235.05,Female,0,Yes,No,DSL,Yes,Yes,No,No,No,No,No,0,2020-02-01,123
9102-OXKFY,2015-03-01,No,Two_year,No,Credit_card_(automatic),54.15,3116.15,Male,0,No,No,DSL,No,No,Yes,No,No,No,Yes,0,2020-02-01,1798
0511-JTEOY,2019-11-01,2019-12-01 00:00:00,Month-to-month,No,Mailed_check,71.1,71.1,Female,0,No,No,Fiber_optic,No,No,No,No,No,No,No,1,2019-12-01,30
5216-WASFJ,2017-07-01,No,Month-to-month,Yes,Electronic_check,84.85,2633.4,Female,1,Yes,No,Fiber_optic,No,No,No,No,No,Yes,Yes,0,2020-02-01,945
7808-DVWEP,2019-11-01,No,Month-to-month,No,Bank_transfer_(automatic),20.0,49.65,Male,0,Yes,No,No,No,No,No,No,No,No,No,0,2020-02-01,92
7067-KSAZT,2014-08-01,2020-01-01 00:00:00,One_year,Yes,Electronic_check,106.25,6979.8,Female,1,Yes,No,Fiber_optic,No,Yes,Yes,No,Yes,Yes,Yes,1,2020-01-01,1979
2284-VFLKH,2016-01-01,No,One_year,Yes,Credit_card_(automatic),99.25,4920.8,Male,0,Yes,No,Fiber_optic,No,No,Yes,Yes,Yes,Yes,No,0,2020-02-01,1492
0366-NQSHS,2019-12-01,No,Month-to-month,No,Mailed_check,19.35,46.35,Male,0,No,No,No,No,No,No,No,No,No,No,0,2020-02-01,62
6532-YLWSI,2015-06-01,2019-11-01 00:00:00,One_year,No,Bank_transfer_(automatic),20.8,1021.8,Female,0,Yes,No,No,No,No,No,No,No,No,No,1,2019-11-01,1614
3807-BPOMJ,2015-07-01,No,One_year,Yes,Electronic_check,94.75,5276.1,Female,0,Yes,No,Fiber_optic,Yes,No,No,No,Yes,Yes,No,0,2020-02-01,1676
3892-NXAZG,2014-02-01,No,Two_year,Yes,Credit_card_(automatic),114.05,8289.2,Male,0,Yes,Yes,Fiber_optic,Yes,Yes,Yes,Yes,Yes,Yes,Yes,0,2020-02-01,2191
4948-WBBKL,2017-02-01,No,Month-to-month,Yes,Bank_transfer_(automatic),74.9,2659.45,Female,1,No,No,Fiber_optic,No,No,No,No,No,No,Yes,0,2020-02-01,1095
4182-BGSIQ,2019-04-01,No,Month-to-month,Yes,Bank_transfer_(automatic),19.8,196.75,Female,0,Yes,Yes,No,No,No,No,No,No,No,No,0,2020-02-01,306
9300-AGZNL,2019-12-01,2020-01-01 00:00:00,Month-to-month,Yes,Electronic_check,94.0,94.0,Male,1,No,No,Fiber_optic,No,No,No,No,Yes,Yes,Yes,1,2020-01-01,31
0988-AADSA,2014-02-01,No,Two_year,No,Bank_transfer_(automatic),80.85,5824.75,Female,0,Yes,Yes,DSL,Yes,Yes,Yes,Yes,No,Yes,Yes,0,2020-02-01,2191
9972-NKTFD,2017-10-01,No,Month-to-month,No,Bank_transfer_(automatic),54.65,1517.5,Female,0,No,No,DSL,No,Yes,No,Yes,No,No,No,0,2020-02-01,853
3717-LNXKW,2016-12-01,No,Month-to-month,No,Bank_transfer_(automatic),91.7,3479.05,Male,0,Yes,No,Fiber_optic,Yes,No,No,No,Yes,No,Yes,0,2020-02-01,1157
5734-EJKXG,2015-01-01,No,One_year,Yes,Electronic_check,118.6,7365.7,Female,0,No,No,Fiber_optic,Yes,Yes,Yes,Yes,Yes,Yes,Yes,0,2020-02-01,1857
2207-RYYRL,2015-10-01,No,Two_year,No,Mailed_check,24.55,1331.05,Male,0,Yes,Yes,No,No,No,No,No,No,No,Yes,0,2020-02-01,1584
6729-FZWSY,2014-07-01,No,One_year,Yes,Mailed_check,19.45,1195.95,Male,0,No,No,No,No,No,No,No,No,No,No,0,2020-02-01,2041
9695-IDRZR,2017-04-01,No,Two_year,Yes,Credit_card_(automatic),116.15,3946.9,Female,0,No,Yes,Fiber_optic,Yes,Yes,Yes,Yes,Yes,Yes,Yes,0,2020-02-01,1036
8144-DGHXP,2015-08-01,No,Two_year,No,Electronic_check,80.6,4299.95,Female,0,No,No,DSL,Yes,No,Yes,Yes,Yes,Yes,No,0,2020-02-01,1645
7814-LEEVE,2020-01-01,No,Month-to-month,Yes,Bank_transfer_(automatic),20.3,20.3,Female,0,Yes,No,No,No,No,No,No,No,No,No,0,2020-02-01,31
1112-CUNAO,2018-09-01,2019-12-01 00:00:00,Month-to-month,No,Electronic_check,89.85,1424.95,Female,1,No,No,Fiber_optic,No,Yes,No,No,No,Yes,Yes,1,2019-12-01,456
5175-AOBHI,2019-06-01,2019-10-01 00:00:00,Month-to-month,Yes,Mailed_check,46.0,193.6,Female,0,No,No,DSL,No,No,No,No,No,No,No,1,2019-10-01,122
5174-RNGBH,2019-02-01,2019-11-01 00:00:00,Month-to-month,No,Mailed_check,66.25,620.55,Female,0,No,No,DSL,No,Yes,No,Yes,Yes,No,No,1,2019-11-01,273
8631-WUXGY,2016-04-01,No,Month-to-month,Yes,Electronic_check,99.8,4391.25,Female,0,No,Yes,Fiber_optic,No,Yes,Yes,No,Yes,Yes,No,0,2020-02-01,1401
7270-BDIOA,2017-12-01,2019-10-01 00:00:00,Month-to-month,Yes,Electronic_check,90.0,1993.8,Female,0,No,No,Fiber_optic,No,No,No,Yes,Yes,No,Yes,1,2019-10-01,669
9565-JSNFM,2016-08-01,2019-10-01 00:00:00,One_year,Yes,Bank_transfer_(automatic),70.45,2597.6,Male,0,No,No,Fiber_optic,No,No,No,No,No,No,No,1,2019-10-01,1156
5906-DVAPM,2015-07-01,No,One_year,Yes,Credit_card_(automatic),75.0,4213.9,Female,0,Yes,Yes,DSL,Yes,Yes,No,Yes,Yes,No,Yes,0,2020-02-01,1676
6654-QGBZZ,2020-01-01,No,Month-to-month,No,Mailed_check,19.9,19.9,Female,0,No,No,No,No,No,No,No,No,No,No,0,2020-02-01,31
8348-JLBUG,2014-10-01,No,One_year,No,Credit_card_(automatic),80.3,5017.7,Male,1,Yes,No,Fiber_optic,Yes,No,Yes,No,No,No,No,0,2020-02-01,1949
0607-DAAHE,2015-06-01,2019-11-01 00:00:00,Two_year,No,Bank_transfer_(automatic),19.75,1052.35,Male,0,No,Yes,No,No,No,No,No,No,No,No,1,2019-11-01,1614
5641-DMBFJ,2015-04-01,No,Two_year,Yes,Electronic_check,84.3,4916.4,Female,0,Yes,No,DSL,Yes,No,Yes,Yes,Yes,Yes,Yes,0,2020-02-01,1767
9200-NLNPD,2015-06-01,No,One_year,Yes,Bank_transfer_(automatic),54.05,2959.8,Male,0,Yes,No,DSL,No,No,Yes,Yes,Yes,Yes,No,0,2020-02-01,1706
2664-XJZNO,2014-02-01,No,Two_year,Yes,Credit_card_(automatic),104.9,7559.55,Male,0,Yes,Yes,Fiber_optic,Yes,No,Yes,Yes,Yes,Yes,No,0,2020-02-01,2191
9732-KPKBW,2019-12-01,2020-01-01 00:00:00,Month-to-month,Yes,Electronic_check,53.95,53.95,Male,0,No,No,DSL,Yes,No,No,Yes,No,No,No,1,2020-01-01,31
3339-EAQNV,2014-02-01,No,One_year,Yes,Credit_card_(automatic),97.25,7133.1,Male,1,Yes,No,Fiber_optic,No,Yes,No,No,Yes,Yes,Yes,0,2020-02-01,2191
0921-OHLVP,2018-04-01,No,Month-to-month,No,Electronic_check,83.05,1799.3,Male,0,No,No,Fiber_optic,No,No,No,No,No,Yes,Yes,0,2020-02-01,671
3389-YGYAI,2019-04-01,2019-12-01 00:00:00,Month-to-month,Yes,Electronic_check,105.5,829.55,Female,1,No,No,Fiber_optic,No,Yes,Yes,No,Yes,Yes,Yes,1,2019-12-01,244
9560-ARGQJ,2018-08-01,2019-12-01 00:00:00,Month-to-month,Yes,Electronic_check,81.0,1312.15,Female,0,No,Yes,Fiber_optic,No,No,No,No,Yes,No,No,1,2019-12-01,487
8350-NYMVI,2016-11-01,No,Month-to-month,No,Bank_transfer_(automatic),41.1,1597.05,Female,0,No,No,DSL,No,Yes,Yes,Yes,No,No,No,0,2020-02-01,1187
1600-DILPE,2019-02-01,No,Month-to-month,Yes,Bank_transfer_(automatic),45.0,524.35,Female,0,No,No,DSL,No,No,No,No,No,No,No,0,2020-02-01,365
0536-ESJEP,2015-08-01,No,Two_year,Yes,Bank_transfer_(automatic),74.55,4191.45,Male,0,Yes,No,DSL,Yes,Yes,No,No,Yes,Yes,No,0,2020-02-01,1645
4654-GGUII,2018-08-01,No,One_year,Yes,Mailed_check,40.2,711.95,Female,0,No,No,DSL,Yes,Yes,No,Yes,No,No,No,0,2020-02-01,549
6478-HRRCZ,2017-06-01,No,One_year,No,Mailed_check,70.5,2201.75,Male,0,Yes,No,DSL,Yes,Yes,No,Yes,No,Yes,No,0,2020-02-01,975
8510-BBWMU,2016-09-01,No,One_year,Yes,Mailed_check,19.75,806.95,Female,0,No,No,No,No,No,No,No,No,No,No,0,2020-02-01,1248
6857-TKDJV,2014-07-01,No,Two_year,No,Bank_transfer_(automatic),24.65,1620.45,Male,0,Yes,Yes,No,No,No,No,No,No,No,Yes,0,2020-02-01,2041
2360-RDGRO,2014-09-01,No,Month-to-month,Yes,Electronic_check,104.25,6812.95,Male,0,Yes,No,Fiber_optic,Yes,No,Yes,No,Yes,Yes,Yes,0,2020-02-01,1979
0584-BJQGZ,2018-01-01,No,Month-to-month,Yes,Bank_transfer_(automatic),78.35,1837.9,Female,0,No,No,DSL,Yes,Yes,Yes,Yes,Yes,No,Yes,0,2020-02-01,761
5134-IKDAY,2019-10-01,2019-11-01 00:00:00,Month-to-month,Yes,Electronic_check,69.8,69.8,Female,0,Yes,Yes,Fiber_optic,No,No,No,No,No,No,No,1,2019-11-01,31
1360-XFJMR,2014-07-01,No,One_year,Yes,Credit_card_(automatic),109.7,7344.45,Female,0,Yes,No,Fiber_optic,No,Yes,Yes,Yes,Yes,Yes,Yes,0,2020-02-01,2041
3070-DVEYC,2019-05-01,2019-12-01 00:00:00,Month-to-month,No,Mailed_check,73.75,545.15,Male,1,No,No,Fiber_optic,No,No,No,No,No,No,Yes,1,2019-12-01,214
5730-RIITO,2016-07-01,No,Month-to-month,Yes,Credit_card_(automatic),33.45,1500.25,Female,1,No,No,DSL,Yes,Yes,No,No,No,No,No,0,2020-02-01,1310
9058-MJLZC,2018-02-01,No,Month-to-month,Yes,Electronic_check,94.6,2283.15,Female,0,No,No,Fiber_optic,Yes,No,No,No,Yes,Yes,No,0,2020-02-01,730
5707-ORNDZ,2019-02-01,2019-11-01 00:00:00,Month-to-month,No,Electronic_check,54.55,494.05,Male,1,No,No,DSL,Yes,No,No,No,No,No,Yes,1,2019-11-01,273
0902-XKXPN,2014-05-01,No,Two_year,No,Bank_transfer_(automatic),20.2,1376.5,Male,0,Yes,Yes,No,No,No,No,No,No,No,No,0,2020-02-01,2102
5177-RVZNU,2017-01-01,No,One_year,No,Bank_transfer_(automatic),20.3,755.4,Female,0,No,Yes,No,No,No,No,No,No,No,No,0,2020-02-01,1126
0056-EPFBG,2018-06-01,No,Two_year,Yes,Credit_card_(automatic),39.4,825.4,Male,0,Yes,Yes,DSL,Yes,No,Yes,Yes,No,No,No,0,2020-02-01,610
8993-IZEUX,2019-07-01,No,Month-to-month,No,Bank_transfer_(automatic),69.15,488.65,Male,0,No,No,Fiber_optic,No,No,No,No,No,No,No,0,2020-02-01,215
8696-JKZNU,2016-09-01,2019-10-01 00:00:00,Month-to-month,Yes,Electronic_check,76.25,2841.55,Female,1,No,No,Fiber_optic,No,No,No,No,No,No,Yes,1,2019-10-01,1125
5380-AFSSK,2019-06-01,2019-11-01 00:00:00,Month-to-month,Yes,Mailed_check,93.9,486.85,Female,0,No,No,Fiber_optic,No,No,No,No,Yes,Yes,Yes,1,2019-11-01,153
8190-ZTQFB,2016-09-01,No,One_year,Yes,Electronic_check,51.35,2075.1,Male,0,No,No,DSL,No,No,Yes,No,Yes,Yes,No,0,2020-02-01,1248
0931-MHTEM,2015-08-01,No,One_year,Yes,Credit_card_(automatic),100.05,5299.65,Female,0,No,No,Fiber_optic,Yes,Yes,No,No,Yes,Yes,No,0,2020-02-01,1645
2055-PDADH,2019-09-01,2019-12-01 00:00:00,Month-to-month,Yes,Electronic_check,70.4,204.7,Female,1,No,No,Fiber_optic,No,No,No,No,No,No,No,1,2019-12-01,91
7515-LODFU,2014-05-01,No,Two_year,No,Credit_card_(automatic),20.3,1356.3,Male,1,No,No,No,No,No,No,No,No,No,No,0,2020-02-01,2102
0440-UEDAI,2015-09-01,No,One_year,Yes,Credit_card_(automatic),94.45,5042.75,Female,0,No,No,Fiber_optic,No,Yes,Yes,Yes,No,Yes,No,0,2020-02-01,1614
1337-BOZWO,2018-08-01,No,One_year,No,Credit_card_(automatic),46.4,812.4,Male,0,Yes,Yes,DSL,No,Yes,Yes,No,Yes,No,No,0,2020-02-01,549
0868-VJRDR,2014-10-01,No,Two_year,Yes,Credit_card_(automatic),104.05,6605.55,Male,0,Yes,No,Fiber_optic,Yes,Yes,No,Yes,Yes,Yes,No,0,2020-02-01,1949
8714-EUHJO,2017-05-01,2019-12-01 00:00:00,Month-to-month,Yes,Electronic_check,91.15,2995.45,Female,0,Yes,Yes,Fiber_optic,No,Yes,No,No,No,Yes,Yes,1,2019-12-01,944
6344-SFJVH,2018-06-01,No,Month-to-month,No,Credit_card_(automatic),24.9,505.95,Female,0,No,No,DSL,No,No,No,No,No,No,No,0,2020-02-01,610
3950-VPYJB,2015-05-01,No,One_year,No,Mailed_check,59.6,3509.4,Male,0,Yes,Yes,DSL,Yes,Yes,No,Yes,No,No,No,0,2020-02-01,1737
8041-TMEID,2014-11-01,No,Two_year,No,Credit_card_(automatic),108.5,6991.9,Male,1,Yes,No,Fiber_optic,Yes,Yes,Yes,No,Yes,Yes,Yes,0,2020-02-01,1918
7321-ZNSLA,2019-01-01,No,Two_year,No,Mailed_check,40.55,590.35,Male,0,Yes,Yes,DSL,Yes,Yes,No,Yes,No,No,No,0,2020-02-01,396
6941-KXRRV,2016-02-01,No,One_year,Yes,Bank_transfer_(automatic),58.95,2789.7,Female,1,Yes,No,DSL,No,Yes,No,No,No,Yes,No,0,2020-02-01,1461
3721-CNEYS,2019-08-01,2019-10-01 00:00:00,Month-to-month,Yes,Electronic_check,70.95,137.95,Female,0,No,No,Fiber_optic,No,No,No,No,No,No,No,1,2019-10-01,61
8727-JQFHV,2015-05-01,No,Two_year,No,Mailed_check,20.75,1123.15,Male,0,Yes,Yes,No,No,No,No,No,No,No,No,0,2020-02-01,1737
9475-NNDGC,2014-03-01,No,One_year,Yes,Bank_transfer_(automatic),113.15,7953.25,Male,0,Yes,No,Fiber_optic,No,Yes,Yes,Yes,Yes,Yes,Yes,0,2020-02-01,2163
1355-KUSBG,2019-07-01,No,Month-to-month,No,Electronic_check,48.8,349.8,Female,0,Yes,Yes,DSL,No,No,No,No,No,No,Yes,0,2020-02-01,215
3688-FTHLT,2018-10-01,No,Month-to-month,Yes,Bank_transfer_(automatic),63.05,1067.05,Female,0,No,No,DSL,No,No,No,No,No,Yes,Yes,0,2020-02-01,488
0899-LIIBW,2017-04-01,No,Month-to-month,No,Electronic_check,100.85,3527.3,Male,0,Yes,No,Fiber_optic,No,No,Yes,No,Yes,Yes,Yes,0,2020-02-01,1036
2568-OIADY,2016-12-01,2020-01-01 00:00:00,Month-to-month,Yes,Electronic_check,99.5,3762.0,Female,0,Yes,No,Fiber_optic,No,No,Yes,No,Yes,Yes,Yes,1,2020-01-01,1126
1384-RCUXW,2018-10-01,No,Month-to-month,Yes,Mailed_check,80.55,1248.9,Male,0,No,No,Fiber_optic,No,Yes,No,No,No,No,Yes,0,2020-02-01,488
5825-XJOCM,2016-02-01,No,One_year,Yes,Bank_transfer_(automatic),64.4,3035.35,Male,0,No,Yes,DSL,Yes,Yes,Yes,No,No,No,Yes,0,2020-02-01,1461
6848-YLDFR,2015-04-01,No,One_year,Yes,Credit_card_(automatic),75.2,4300.8,Male,0,Yes,Yes,DSL,No,Yes,No,Yes,Yes,Yes,No,0,2020-02-01,1767
8125-QPFJD,2014-02-01,No,Two_year,Yes,Bank_transfer_(automatic),84.9,6065.3,Female,0,Yes,No,DSL,Yes,No,Yes,Yes,Yes,Yes,Yes,0,2020-02-01,2191
2320-YKQBO,2019-07-01,No,Month-to-month,No,Mailed_check,19.3,144.95,Female,0,No,No,No,No,No,No,No,No,No,No,0,2020-02-01,215
1193-RTSLK,2016-08-01,2019-10-01 00:00:00,Month-to-month,Yes,Credit_card_(automatic),83.9,3233.6,Female,0,No,No,Fiber_optic,Yes,Yes,Yes,No,No,No,No,1,2019-10-01,1156
2302-ANTDP,2015-10-01,2019-10-01 00:00:00,Month-to-month,No,Electronic_check,117.45,5438.9,Female,1,Yes,No,Fiber_optic,Yes,Yes,Yes,Yes,Yes,Yes,Yes,1,2019-10-01,1461
5923-GXUOC,2019-01-01,2019-11-01 00:00:00,Month-to-month,Yes,Electronic_check,104.4,1081.45,Male,0,No,No,Fiber_optic,Yes,Yes,Yes,No,Yes,Yes,No,1,2019-11-01,304
4973-RLZVI,2017-08-01,No,One_year,No,Credit_card_(automatic),74.65,2308.6,Female,0,No,No,DSL,Yes,Yes,Yes,Yes,Yes,No,No,0,2020-02-01,914
7869-ZYDST,2017-07-01,No,Month-to-month,Yes,Credit_card_(automatic),59.05,1882.8,Male,0,Yes,No,DSL,No,No,No,No,Yes,No,Yes,0,2020-02-01,945
4501-UYKBC,2016-04-01,No,One_year,Yes,Credit_card_(automatic),69.1,3255.35,Female,1,No,No,DSL,No,No,Yes,Yes,No,Yes,Yes,0,2020-02-01,1401
1215-EXRMO,2015-12-01,No,Two_year,No,Mailed_check,20.55,1067.65,Male,0,Yes,No,No,No,No,No,No,No,No,No,0,2020-02-01,1523
2305-MRGLV,2017-10-01,No,Month-to-month,No,Bank_transfer_(automatic),76.55,2065.4,Male,0,Yes,No,Fiber_optic,No,No,No,Yes,No,No,No,0,2020-02-01,853
8404-VIOMB,2014-08-01,No,Two_year,Yes,Bank_transfer_(automatic),62.5,4136.4,Female,0,No,No,DSL,Yes,Yes,Yes,Yes,Yes,Yes,No,0,2020-02-01,2010
5233-GEEAX,2019-02-01,2019-10-01 00:00:00,Month-to-month,Yes,Electronic_check,29.4,221.9,Male,1,No,No,DSL,No,No,Yes,No,No,No,No,1,2019-10-01,242
2359-KLTEK,2016-09-01,No,Month-to-month,Yes,Bank_transfer_(automatic),94.9,3848.0,Female,0,Yes,Yes,Fiber_optic,No,No,Yes,No,Yes,Yes,No,0,2020-02-01,1248
5304-EFJLP,2014-02-01,No,Two_year,Yes,Bank_transfer_(automatic),111.65,8022.85,Male,1,Yes,No,Fiber_optic,No,Yes,Yes,Yes,Yes,Yes,Yes,0,2020-02-01,2191
2673-ZALNP,2019-07-01,No,One_year,No,Mailed_check,19.9,173.15,Female,0,No,No,No,No,No,No,No,No,No,No,0,2020-02-01,215
9184-GALIL,2016-12-01,No,Month-to-month,No,Mailed_check,20.45,781.25,Female,0,Yes,Yes,No,No,No,No,No,No,No,No,0,2020-02-01,1157
4393-RYCRE,2016-06-01,No,One_year,Yes,Electronic_check,106.05,4510.8,Male,0,No,No,Fiber_optic,Yes,Yes,Yes,No,Yes,Yes,No,0,2020-02-01,1340
9746-MDMBK,2016-03-01,No,One_year,Yes,Bank_transfer_(automatic),113.45,5317.8,Male,0,Yes,Yes,Fiber_optic,Yes,Yes,Yes,Yes,Yes,Yes,Yes,0,2020-02-01,1432
3162-ZJZFU,2015-09-01,No,Month-to-month,Yes,Electronic_check,92.55,4779.45,Male,0,Yes,Yes,Fiber_optic,No,Yes,No,Yes,Yes,No,No,0,2020-02-01,1614
8404-GFGCZ,2019-10-01,No,Month-to-month,No,Electronic_check,65.6,250.1,Male,0,Yes,No,DSL,No,No,Yes,No,Yes,No,Yes,0,2020-02-01,123
8875-AKBYH,2018-06-01,No,Month-to-month,Yes,Electronic_check,84.35,1745.2,Male,1,No,No,Fiber_optic,No,No,No,No,Yes,No,Yes,0,2020-02-01,610
4432-ADRLB,2019-09-01,2019-11-01 00:00:00,Month-to-month,No,Mailed_check,44.65,74.9,Male,0,No,No,DSL,No,No,No,No,No,No,No,1,2019-11-01,61
0533-UCAAU,2015-05-01,No,One_year,Yes,Credit_card_(automatic),71.1,4140.1,Male,1,Yes,No,DSL,No,Yes,Yes,No,Yes,No,Yes,0,2020-02-01,1737
1394-SUIUH,2016-06-01,No,Month-to-month,Yes,Electronic_check,85.15,3670.5,Female,1,Yes,No,Fiber_optic,Yes,Yes,No,Yes,No,No,No,0,2020-02-01,1340
3521-MNKLV,2018-02-01,No,Month-to-month,Yes,Mailed_check,49.7,1167.8,Male,0,No,No,DSL,No,No,Yes,No,No,No,No,0,2020-02-01,730
2533-TIBIX,2018-11-01,No,Month-to-month,Yes,Bank_transfer_(automatic),30.2,469.65,Male,0,Yes,Yes,DSL,Yes,No,No,No,No,No,No,0,2020-02-01,457
8993-PHFWD,2019-10-01,2020-01-01 00:00:00,Month-to-month,No,Electronic_check,25.25,58.9,Female,0,No,No,DSL,No,No,No,No,No,No,No,1,2020-01-01,92
1565-RHDJD,2019-06-01,2019-10-01 00:00:00,Month-to-month,No,Bank_transfer_(automatic),84.05,333.55,Female,0,No,Yes,Fiber_optic,No,Yes,Yes,No,No,No,Yes,1,2019-10-01,122
7137-RYLPP,2016-12-01,2020-01-01 00:00:00,Month-to-month,Yes,Electronic_check,85.7,3171.15,Male,1,Yes,No,Fiber_optic,No,No,No,No,Yes,No,Yes,1,2020-01-01,1126
3765-JXVKY,2019-12-01,2020-01-01 00:00:00,Month-to-month,Yes,Electronic_check,74.7,74.7,Female,0,No,No,Fiber_optic,No,Yes,No,No,No,No,No,1,2020-01-01,31
5092-STPKP,2018-02-01,No,Month-to-month,No,Credit_card_(automatic),56.35,1381.2,Female,0,No,No,DSL,Yes,No,No,Yes,No,No,No,0,2020-02-01,730
7330-WZLNC,2019-07-01,2019-12-01 00:00:00,Month-to-month,Yes,Electronic_check,90.8,455.5,Female,0,No,No,Fiber_optic,No,Yes,No,No,Yes,No,Yes,1,2019-12-01,153
0114-PEGZZ,2017-05-01,No,Month-to-month,No,Electronic_check,107.55,3645.5,Female,0,No,No,Fiber_optic,No,Yes,Yes,No,Yes,Yes,Yes,0,2020-02-01,1006
3359-DSRKA,2015-04-01,No,Two_year,Yes,Mailed_check,19.85,1158.85,Female,0,Yes,Yes,No,No,No,No,No,No,No,No,0,2020-02-01,1767
8639-NHQEI,2014-02-01,No,Two_year,Yes,Bank_transfer_(automatic),95.9,6954.15,Female,0,Yes,Yes,Fiber_optic,Yes,Yes,No,No,Yes,No,Yes,0,2020-02-01,2191
7161-DFHUF,2014-03-01,No,Two_year,No,Mailed_check,23.85,1672.1,Female,0,Yes,No,No,No,No,No,No,No,No,Yes,0,2020-02-01,2163
3957-LXOLK,2017-09-01,2020-01-01 00:00:00,Month-to-month,Yes,Electronic_check,106.15,3152.5,Female,1,No,No,Fiber_optic,No,Yes,Yes,No,Yes,Yes,Yes,1,2020-01-01,852
3720-DBRWL,2015-11-01,No,Two_year,Yes,Credit_card_(automatic),83.85,4307.1,Male,0,Yes,No,DSL,Yes,Yes,Yes,Yes,Yes,Yes,No,0,2020-02-01,1553
6635-MYYYZ,2017-05-01,2019-11-01 00:00:00,One_year,No,Bank_transfer_(automatic),85.35,2530.4,Female,0,No,No,DSL,Yes,Yes,Yes,Yes,Yes,Yes,No,1,2019-11-01,914
8565-WUXZU,2014-02-01,No,Two_year,Yes,Credit_card_(automatic),84.8,6141.65,Male,1,Yes,No,Fiber_optic,Yes,Yes,No,Yes,No,No,No,0,2020-02-01,2191
5281-BUZGT,2016-11-01,2019-11-01 00:00:00,Month-to-month,Yes,Electronic_check,90.85,3186.7,Male,1,No,No,Fiber_optic,Yes,No,No,No,Yes,No,Yes,1,2019-11-01,1095
4994-OBRSZ,2018-12-01,No,Two_year,No,Bank_transfer_(automatic),76.1,1054.8,Male,0,No,Yes,DSL,Yes,Yes,Yes,Yes,No,Yes,No,0,2020-02-01,427
0562-FGDCR,2014-02-01,No,Two_year,No,Mailed_check,74.55,5430.65,Female,0,Yes,Yes,DSL,Yes,Yes,No,Yes,Yes,No,Yes,0,2020-02-01,2191
2436-QBZFP,2018-04-01,No,Month-to-month,No,Electronic_check,39.2,849.9,Female,0,Yes,Yes,DSL,No,Yes,No,No,Yes,No,No,0,2020-02-01,671
3420-YJLQT,2019-12-01,No,Month-to-month,No,Electronic_check,79.55,151.75,Female,0,No,No,Fiber_optic,No,Yes,No,No,No,No,Yes,0,2020-02-01,62
6040-CGACY,2018-11-01,No,Month-to-month,No,Mailed_check,19.6,299.4,Female,0,No,No,No,No,No,No,No,No,No,No,0,2020-02-01,457
6582-PLFUU,2015-11-01,No,Two_year,No,Credit_card_(automatic),19.55,1086.75,Male,0,Yes,Yes,No,No,No,No,No,No,No,No,0,2020-02-01,1553
8242-PDSGJ,2014-04-01,No,Two_year,Yes,Credit_card_(automatic),39.15,2692.75,Male,0,Yes,No,DSL,Yes,No,Yes,Yes,No,No,No,0,2020-02-01,2132
0264-CNITK,2014-03-01,No,Two_year,No,Bank_transfer_(automatic),20.1,1389.6,Female,0,Yes,Yes,No,No,No,No,No,No,No,No,0,2020-02-01,2163
0089-IIQKO,2016-11-01,No,Month-to-month,Yes,Credit_card_(automatic),99.95,3767.4,Female,0,Yes,Yes,Fiber_optic,No,No,No,Yes,Yes,Yes,Yes,0,2020-02-01,1187
7839-NUIAA,2015-01-01,No,Month-to-month,No,Electronic_check,59.8,3641.5,Female,0,Yes,Yes,DSL,Yes,Yes,No,No,No,No,Yes,0,2020-02-01,1857
6075-QMNRR,2015-10-01,No,Month-to-month,Yes,Bank_transfer_(automatic),49.75,2535.55,Female,0,No,No,DSL,Yes,No,No,No,No,No,No,0,2020-02-01,1584
5378-IKEEG,2019-10-01,2019-11-01 00:00:00,Month-to-month,Yes,Electronic_check,35.75,35.75,Female,0,No,No,DSL,No,No,No,No,Yes,No,No,1,2019-11-01,31
5966-EMAZU,2014-10-01,No,One_year,Yes,Mailed_check,108.5,6880.85,Male,0,Yes,No,Fiber_optic,Yes,No,Yes,Yes,Yes,Yes,Yes,0,2020-02-01,1949
0440-EKDCF,2014-12-01,No,Two_year,Yes,Credit_card_(automatic),60.15,3753.2,Male,0,Yes,No,DSL,No,Yes,Yes,Yes,No,No,No,0,2020-02-01,1888
4774-HHGGS,2017-08-01,No,Two_year,No,Mailed_check,19.05,637.55,Male,0,Yes,No,No,No,No,No,No,No,No,No,0,2020-02-01,914
2718-GAXQD,2019-06-01,2019-10-01 00:00:00,Month-to-month,No,Electronic_check,46.0,181.6,Female,1,Yes,Yes,DSL,No,No,No,No,No,No,No,1,2019-10-01,122
2055-BFOCC,2014-11-01,No,One_year,Yes,Bank_transfer_(automatic),84.0,5329.55,Male,1,Yes,No,DSL,Yes,Yes,Yes,Yes,Yes,Yes,No,0,2020-02-01,1918
8180-AKMJV,2020-01-01,No,Month-to-month,Yes,Credit_card_(automatic),44.55,44.55,Female,0,No,No,DSL,No,No,No,No,No,No,No,0,2020-02-01,31
4298-OYIFC,2018-11-01,No,Month-to-month,Yes,Electronic_check,103.45,1539.8,Male,0,Yes,No,Fiber_optic,No,No,Yes,Yes,Yes,Yes,Yes,0,2020-02-01,457
5566-SOEZD,2017-11-01,No,One_year,Yes,Credit_card_(automatic),80.65,2209.75,Male,0,Yes,Yes,Fiber_optic,Yes,Yes,No,No,No,No,No,0,2020-02-01,822
9842-EFSYY,2019-10-01,No,Month-to-month,Yes,Mailed_check,57.2,223.75,Female,0,No,Yes,DSL,Yes,Yes,Yes,No,Yes,Yes,No,0,2020-02-01,123
2272-WUSPA,2014-02-01,No,Two_year,Yes,Electronic_check,110.75,7751.7,Female,0,Yes,No,Fiber_optic,Yes,Yes,Yes,No,Yes,Yes,Yes,0,2020-02-01,2191
4584-LBNMK,2016-05-01,No,One_year,No,Credit_card_(automatic),24.7,1174.35,Male,1,Yes,No,No,No,No,No,No,No,No,Yes,0,2020-02-01,1371
3898-GUYTS,2016-05-01,No,Month-to-month,Yes,Electronic_check,97.05,4385.05,Female,1,No,No,Fiber_optic,Yes,Yes,No,Yes,Yes,No,Yes,0,2020-02-01,1371
0930-EHUZA,2017-02-01,No,One_year,Yes,Mailed_check,76.35,2606.35,Female,0,No,No,DSL,Yes,Yes,Yes,Yes,Yes,No,No,0,2020-02-01,1095
6413-XKKPU,2018-08-01,2020-01-01 00:00:00,Month-to-month,Yes,Electronic_check,89.4,1539.45,Male,0,Yes,Yes,Fiber_optic,Yes,No,Yes,No,Yes,No,No,1,2020-01-01,518
9975-SKRNR,2020-01-01,No,Month-to-month,No,Mailed_check,18.9,18.9,Male,0,No,No,No,No,No,No,No,No,No,No,0,2020-02-01,31
3703-KBKZP,2018-10-01,No,Month-to-month,Yes,Bank_transfer_(automatic),74.45,1261.35,Male,1,No,No,Fiber_optic,No,No,No,No,No,No,Yes,0,2020-02-01,488
1449-XQEMT,2019-09-01,2019-12-01 00:00:00,Month-to-month,Yes,Mailed_check,19.8,58.15,Male,0,No,No,No,No,No,No,No,No,No,No,1,2019-12-01,91
2626-URJFX,2019-06-01,2019-10-01 00:00:00,Month-to-month,Yes,Electronic_check,50.9,225.6,Male,0,Yes,Yes,DSL,No,No,No,No,No,No,Yes,1,2019-10-01,122
4973-MGTON,2014-03-01,No,Two_year,Yes,Credit_card_(automatic),84.4,5969.3,Female,0,Yes,No,DSL,Yes,Yes,Yes,Yes,Yes,Yes,No,0,2020-02-01,2163
3682-YEUWS,2019-04-01,No,Month-to-month,Yes,Mailed_check,24.4,253.9,Male,0,Yes,Yes,No,No,No,No,No,No,No,Yes,0,2020-02-01,306
1223-UNPKS,2018-06-01,No,Two_year,No,Mailed_check,20.05,400.0,Male,0,Yes,Yes,No,No,No,No,No,No,No,No,0,2020-02-01,610
2612-RRIDN,2019-06-01,2019-10-01 00:00:00,Month-to-month,Yes,Electronic_check,81.0,340.85,Male,0,No,No,Fiber_optic,No,No,No,No,Yes,No,No,1,2019-10-01,122
4735-ASGMA,2017-09-01,2019-11-01 00:00:00,Month-to-month,Yes,Electronic_check,98.35,2515.3,Male,0,No,No,Fiber_optic,No,No,Yes,No,Yes,Yes,Yes,1,2019-11-01,791
3446-QDSZF,2019-10-01,No,Month-to-month,No,Credit_card_(automatic),55.5,227.35,Female,0,No,No,DSL,No,No,No,No,Yes,No,No,0,2020-02-01,123
3669-LVWZB,2019-08-01,2020-01-01 00:00:00,Month-to-month,Yes,Mailed_check,51.0,305.95,Male,0,No,No,DSL,No,Yes,No,No,Yes,Yes,No,1,2020-01-01,153
6892-EZDTG,2019-09-01,2020-01-01 00:00:00,Month-to-month,Yes,Electronic_check,91.65,365.4,Female,0,Yes,No,Fiber_optic,No,Yes,No,No,Yes,No,Yes,1,2020-01-01,122
5117-IFGPS,2017-09-01,No,Month-to-month,Yes,Electronic_check,84.3,2357.75,Male,1,Yes,No,Fiber_optic,No,No,No,No,No,Yes,Yes,0,2020-02-01,883
7379-FNIUJ,2019-12-01,No,Month-to-month,No,Electronic_check,100.2,198.5,Male,0,No,No,Fiber_optic,Yes,Yes,No,No,Yes,Yes,No,0,2020-02-01,62
1627-AFWVJ,2017-09-01,No,Two_year,No,Mailed_check,19.4,554.25,Female,0,No,No,No,No,No,No,No,No,No,No,0,2020-02-01,883
9725-SCPZG,2019-11-01,2019-12-01 00:00:00,Month-to-month,Yes,Electronic_check,90.85,90.85,Male,0,No,Yes,Fiber_optic,No,No,No,No,Yes,Yes,No,1,2019-12-01,30
5884-GCYMI,2019-09-01,2019-10-01 00:00:00,Month-to-month,No,Mailed_check,69.4,69.4,Male,0,No,No,Fiber_optic,No,No,No,No,No,No,No,1,2019-10-01,30
3217-FZDMN,2019-05-01,2020-01-01 00:00:00,Month-to-month,Yes,Credit_card_(automatic),94.45,742.95,Female,1,No,No,Fiber_optic,No,No,Yes,No,Yes,Yes,No,1,2020-01-01,245
4486-EFAEB,2019-01-01,No,Month-to-month,Yes,Electronic_check,20.4,251.65,Male,0,No,No,No,No,No,No,No,No,No,No,0,2020-02-01,396
0060-FUALY,2015-03-01,No,Month-to-month,Yes,Electronic_check,94.75,5597.65,Female,0,Yes,No,Fiber_optic,Yes,Yes,No,No,Yes,No,Yes,0,2020-02-01,1798
7853-GVUDZ,2019-09-01,2019-10-01 00:00:00,Month-to-month,Yes,Credit_card_(automatic),20.15,20.15,Female,0,Yes,Yes,No,No,No,No,No,No,No,No,1,2019-10-01,30
7480-QNVZJ,2015-11-01,2020-01-01 00:00:00,Month-to-month,Yes,Electronic_check,95.7,4816.7,Male,1,No,No,Fiber_optic,No,No,No,No,Yes,Yes,Yes,1,2020-01-01,1522
6954-OOYZZ,2018-08-01,No,Month-to-month,Yes,Bank_transfer_(automatic),44.35,768.05,Male,0,Yes,No,DSL,No,No,No,No,No,No,No,0,2020-02-01,549
7088-FBAWU,2018-09-01,No,Month-to-month,No,Mailed_check,74.55,1215.8,Female,0,Yes,Yes,DSL,Yes,Yes,No,No,Yes,Yes,No,0,2020-02-01,518
8313-AFGBW,2016-03-01,No,Two_year,No,Electronic_check,73.6,3522.65,Male,0,Yes,No,DSL,No,Yes,Yes,No,Yes,Yes,No,0,2020-02-01,1432
3943-KDREE,2017-11-01,2020-01-01 00:00:00,Month-to-month,Yes,Bank_transfer_(automatic),74.95,1834.95,Female,0,No,No,Fiber_optic,No,No,No,No,No,No,Yes,1,2020-01-01,791
9239-ZBZZV,2019-06-01,2019-12-01 00:00:00,Month-to-month,Yes,Electronic_check,47.95,305.1,Female,0,No,No,DSL,No,No,Yes,No,Yes,Yes,No,1,2019-12-01,183
3097-IDVPU,2018-07-01,No,Month-to-month,No,Credit_card_(automatic),50.1,910.45,Male,0,Yes,Yes,DSL,No,No,No,No,No,No,Yes,0,2020-02-01,580
4398-HSCJH,2019-10-01,2020-01-01 00:00:00,Month-to-month,Yes,Electronic_check,63.6,155.65,Female,0,No,No,DSL,No,No,No,Yes,Yes,No,Yes,1,2020-01-01,92
2197-OMWGI,2014-06-01,No,Two_year,Yes,Electronic_check,53.0,3656.25,Female,1,Yes,Yes,DSL,No,Yes,Yes,No,Yes,Yes,No,0,2020-02-01,2071
2303-PJYHN,2019-12-01,No,Month-to-month,No,Bank_transfer_(automatic),19.85,52.0,Female,0,Yes,No,No,No,No,No,No,No,No,No,0,2020-02-01,62
9795-VOWON,2019-07-01,No,One_year,Yes,Credit_card_(automatic),24.35,150.85,Male,0,No,No,DSL,No,No,No,No,No,No,No,0,2020-02-01,215
1237-WIYYZ,2018-08-01,No,Month-to-month,Yes,Mailed_check,19.55,389.25,Female,0,No,No,No,No,No,No,No,No,No,No,0,2020-02-01,549
1987-AUELQ,2014-03-01,No,Two_year,No,Credit_card_(automatic),25.05,1873.7,Female,0,Yes,No,No,No,No,No,No,No,No,Yes,0,2020-02-01,2163
7852-LECYP,2019-01-01,No,Month-to-month,No,Credit_card_(automatic),93.8,1261.0,Male,1,Yes,No,Fiber_optic,Yes,Yes,No,No,No,Yes,Yes,0,2020-02-01,396
4430-UZIPO,2019-09-01,2019-12-01 00:00:00,Month-to-month,Yes,Mailed_check,36.85,108.7,Male,0,No,No,DSL,No,Yes,No,Yes,No,No,No,1,2019-12-01,91
4822-LPTYJ,2014-02-01,No,Two_year,Yes,Bank_transfer_(automatic),103.75,7346.2,Male,0,Yes,No,Fiber_optic,No,Yes,Yes,No,Yes,Yes,Yes,0,2020-02-01,2191
8165-CBKXO,2014-08-01,No,Two_year,Yes,Credit_card_(automatic),56.75,3708.4,Male,0,Yes,Yes,DSL,No,Yes,Yes,No,Yes,Yes,No,0,2020-02-01,2010
6527-PZFPV,2018-02-01,No,One_year,Yes,Credit_card_(automatic),20.8,469.65,Male,0,Yes,Yes,No,No,No,No,No,No,No,No,0,2020-02-01,730
4855-SNKMY,2019-11-01,2019-12-01 00:00:00,Month-to-month,Yes,Electronic_check,44.1,44.1,Female,0,No,No,DSL,No,No,No,No,No,No,No,1,2019-12-01,30
9593-CVZKR,2015-06-01,No,Two_year,Yes,Mailed_check,24.45,1385.85,Female,0,Yes,Yes,No,No,No,No,No,No,No,Yes,0,2020-02-01,1706
8595-SIZNC,2018-04-01,No,One_year,No,Bank_transfer_(automatic),25.6,548.8,Female,1,Yes,No,No,No,No,No,No,No,No,Yes,0,2020-02-01,671
8008-HAWED,2018-10-01,2019-12-01 00:00:00,Month-to-month,Yes,Electronic_check,50.75,712.75,Male,0,No,No,DSL,No,No,Yes,No,Yes,Yes,No,1,2019-12-01,426
7124-UGSUR,2014-11-01,2019-12-01 00:00:00,One_year,Yes,Credit_card_(automatic),104.4,6405.0,Female,1,Yes,No,Fiber_optic,No,Yes,Yes,No,Yes,Yes,Yes,1,2019-12-01,1856
1862-SKORY,2016-08-01,2019-12-01 00:00:00,Month-to-month,Yes,Electronic_check,39.3,1637.4,Female,1,Yes,No,DSL,No,Yes,No,No,Yes,No,No,1,2019-12-01,1217
5236-XMZJY,2016-08-01,No,Month-to-month,No,Bank_transfer_(automatic),59.65,2536.55,Female,0,No,No,DSL,Yes,Yes,Yes,No,No,No,No,0,2020-02-01,1279
4827-DPADN,2014-02-01,No,Two_year,Yes,Bank_transfer_(automatic),83.3,6042.7,Female,0,Yes,Yes,DSL,Yes,No,Yes,Yes,Yes,Yes,Yes,0,2020-02-01,2191
2694-CIUMO,2019-02-01,No,Month-to-month,Yes,Credit_card_(automatic),79.55,958.25,Female,0,No,No,Fiber_optic,No,No,No,Yes,No,No,Yes,0,2020-02-01,365
5846-ABOBJ,2014-03-01,No,Two_year,No,Bank_transfer_(automatic),24.45,1730.65,Male,0,Yes,No,No,No,No,No,No,No,No,Yes,0,2020-02-01,2163
1439-LCGVL,2017-12-01,No,One_year,No,Mailed_check,19.2,459.6,Female,0,Yes,No,No,No,No,No,No,No,No,No,0,2020-02-01,792
0909-SDHNU,2019-07-01,No,Month-to-month,No,Mailed_check,29.8,201.95,Female,0,No,Yes,DSL,Yes,No,No,No,No,No,No,0,2020-02-01,215
4647-XXZAM,2019-08-01,No,Month-to-month,No,Mailed_check,45.5,285.2,Female,0,Yes,Yes,DSL,No,No,No,No,No,No,No,0,2020-02-01,184
1502-XFCVR,2015-01-01,2019-11-01 00:00:00,One_year,Yes,Electronic_check,106.45,6145.85,Female,0,No,No,Fiber_optic,Yes,Yes,Yes,No,Yes,Yes,No,1,2019-11-01,1765
7740-KKCXF,2015-11-01,No,Month-to-month,Yes,Credit_card_(automatic),30.05,1529.45,Male,0,Yes,No,DSL,No,Yes,No,No,No,No,No,0,2020-02-01,1553
5360-XGYAZ,2014-02-01,No,Two_year,Yes,Bank_transfer_(automatic),65.65,4664.5,Male,0,Yes,Yes,DSL,Yes,Yes,Yes,Yes,Yes,Yes,No,0,2020-02-01,2191
9692-TUSXH,2018-04-01,2019-10-01 00:00:00,Month-to-month,Yes,Electronic_check,96.05,1740.7,Female,0,No,No,Fiber_optic,Yes,No,No,No,Yes,Yes,No,1,2019-10-01,548
7912-SYRQT,2019-05-01,2019-12-01 00:00:00,Month-to-month,Yes,Bank_transfer_(automatic),75.1,552.95,Female,0,No,No,Fiber_optic,No,No,No,No,No,No,Yes,1,2019-12-01,214
3557-HTYWR,2016-03-01,No,Two_year,No,Mailed_check,74.05,3496.3,Female,0,No,No,DSL,Yes,Yes,No,Yes,No,Yes,Yes,0,2020-02-01,1432
4816-JBHOV,2019-11-01,2020-01-01 00:00:00,Month-to-month,Yes,Electronic_check,44.7,93.7,Male,1,No,No,DSL,No,No,No,No,No,No,No,1,2020-01-01,61
8920-NAVAY,2014-12-01,No,One_year,Yes,Bank_transfer_(automatic),110.75,7053.35,Male,1,No,No,Fiber_optic,No,Yes,Yes,Yes,Yes,Yes,Yes,0,2020-02-01,1888
1699-TLDLZ,2018-10-01,No,Two_year,No,Mailed_check,19.7,301.55,Female,0,Yes,Yes,No,No,No,No,No,No,No,No,0,2020-02-01,488
5600-PDUJF,2019-08-01,No,Month-to-month,Yes,Credit_card_(automatic),49.5,312.7,Male,0,No,No,DSL,No,No,No,Yes,No,No,No,0,2020-02-01,184
8292-TYSPY,2018-05-01,2019-12-01 00:00:00,Month-to-month,Yes,Credit_card_(automatic),55.0,1046.5,Male,0,No,No,DSL,No,No,Yes,Yes,No,No,No,1,2019-12-01,579
0567-XRHCU,2014-05-01,No,Two_year,Yes,Credit_card_(automatic),43.95,2960.1,Female,0,Yes,Yes,DSL,Yes,No,Yes,No,No,Yes,No,0,2020-02-01,2102
1867-BDVFH,2018-11-01,2019-10-01 00:00:00,Month-to-month,Yes,Electronic_check,74.35,834.2,Male,0,Yes,Yes,Fiber_optic,No,No,No,No,No,No,Yes,1,2019-10-01,334
2067-QYTCF,2014-10-01,No,Month-to-month,Yes,Electronic_check,111.15,6953.4,Female,0,Yes,No,Fiber_optic,No,Yes,Yes,Yes,Yes,Yes,Yes,0,2020-02-01,1949
2359-QWQUL,2016-10-01,2020-01-01 00:00:00,One_year,Yes,Credit_card_(automatic),104.7,4134.85,Female,0,Yes,No,Fiber_optic,Yes,No,Yes,Yes,Yes,Yes,No,1,2020-01-01,1187
9103-TCIHJ,2018-07-01,2019-10-01 00:00:00,Month-to-month,Yes,Mailed_check,55.7,899.8,Female,0,No,No,DSL,Yes,No,No,No,No,No,Yes,1,2019-10-01,457
7407-SUJIZ,2018-01-01,No,Month-to-month,No,Mailed_check,20.6,541.5,Male,0,No,No,No,No,No,No,No,No,No,No,0,2020-02-01,761
9150-KPBJQ,2019-08-01,No,Two_year,No,Credit_card_(automatic),19.65,116.85,Female,0,No,No,No,No,No,No,No,No,No,No,0,2020-02-01,184
0052-DCKON,2014-08-01,No,One_year,No,Bank_transfer_(automatic),115.8,7942.15,Male,0,Yes,No,Fiber_optic,Yes,Yes,Yes,Yes,Yes,Yes,Yes,0,2020-02-01,2010
3654-ARMGP,2015-01-01,No,Two_year,No,Credit_card_(automatic),88.65,5321.25,Female,0,No,No,DSL,No,Yes,Yes,Yes,Yes,Yes,Yes,0,2020-02-01,1857
9699-UBQFS,2016-07-01,No,Month-to-month,Yes,Electronic_check,94.5,4156.8,Female,1,Yes,No,Fiber_optic,Yes,Yes,No,No,Yes,No,Yes,0,2020-02-01,1310
9367-TCUYN,2019-02-01,No,Month-to-month,No,Mailed_check,20.1,223.6,Female,0,No,No,No,No,No,No,No,No,No,No,0,2020-02-01,365
1261-FWTTE,2018-03-01,No,Month-to-month,Yes,Bank_transfer_(automatic),34.65,768.45,Male,1,No,No,DSL,No,No,No,No,No,Yes,No,0,2020-02-01,702
3528-HFRIQ,2014-03-01,No,Month-to-month,Yes,Bank_transfer_(automatic),52.3,3765.05,Male,1,Yes,No,DSL,No,Yes,Yes,No,Yes,Yes,No,0,2020-02-01,2163
0708-SJDIS,2017-04-01,No,Month-to-month,No,Mailed_check,65.0,2157.5,Female,0,No,No,DSL,No,No,No,Yes,Yes,No,Yes,0,2020-02-01,1036
4140-WJAWW,2019-06-01,2019-11-01 00:00:00,Month-to-month,No,Credit_card_(automatic),19.85,108.05,Female,0,No,No,No,No,No,No,No,No,No,No,1,2019-11-01,153
2073-QBVBI,2016-09-01,No,One_year,No,Mailed_check,35.45,1391.65,Female,0,Yes,No,DSL,No,Yes,No,Yes,No,No,No,0,2020-02-01,1248
6928-ONTRW,2014-02-01,No,Two_year,No,Credit_card_(automatic),19.7,1379.8,Female,0,Yes,Yes,No,No,No,No,No,No,No,No,0,2020-02-01,2191
3320-VEOYC,2018-12-01,No,Month-to-month,Yes,Electronic_check,95.6,1273.3,Male,1,No,No,Fiber_optic,No,No,No,No,Yes,Yes,Yes,0,2020-02-01,427
5231-FIQPA,2016-09-01,No,Two_year,Yes,Mailed_check,19.85,810.45,Female,0,No,No,No,No,No,No,No,No,No,No,0,2020-02-01,1248
6617-WLBQC,2018-03-01,No,One_year,No,Credit_card_(automatic),81.85,1810.85,Female,0,Yes,Yes,Fiber_optic,Yes,No,No,No,No,No,Yes,0,2020-02-01,702
2599-CIPQE,2014-03-01,No,Two_year,No,Credit_card_(automatic),109.3,7782.85,Male,0,Yes,Yes,Fiber_optic,Yes,Yes,Yes,Yes,Yes,Yes,No,0,2020-02-01,2163
6653-CBBOM,2019-11-01,2019-12-01 00:00:00,Month-to-month,Yes,Electronic_check,70.3,70.3,Female,0,No,No,Fiber_optic,No,No,No,No,No,No,No,1,2019-12-01,30
8774-GSBUN,2014-02-01,No,Two_year,No,Mailed_check,25.4,1797.1,Male,0,Yes,No,No,No,No,No,No,No,No,Yes,0,2020-02-01,2191
7326-RIGQZ,2019-08-01,No,Month-to-month,Yes,Electronic_check,69.8,377.85,Male,0,Yes,Yes,Fiber_optic,No,No,No,No,No,No,No,0,2020-02-01,184
1401-FTHFQ,2018-03-01,No,One_year,Yes,Credit_card_(automatic),20.0,445.3,Male,0,Yes,Yes,No,No,No,No,No,No,No,No,0,2020-02-01,702
3247-ZVOUO,2019-01-01,2019-11-01 00:00:00,Month-to-month,No,Electronic_check,85.55,851.75,Male,1,Yes,No,Fiber_optic,No,No,No,No,No,Yes,Yes,1,2019-11-01,304
0254-FNMCI,2014-02-01,No,Two_year,Yes,Electronic_check,109.9,7624.2,Female,0,No,No,Fiber_optic,Yes,Yes,Yes,Yes,Yes,Yes,No,0,2020-02-01,2191
1848-LBZHY,2019-07-01,No,Month-to-month,Yes,Bank_transfer_(automatic),50.3,355.1,Female,0,Yes,No,DSL,Yes,No,No,No,No,No,No,0,2020-02-01,215
6101-IMRMM,2019-05-01,2019-11-01 00:00:00,Month-to-month,No,Mailed_check,94.5,575.45,Male,0,No,Yes,Fiber_optic,No,No,Yes,No,Yes,Yes,No,1,2019-11-01,184
8118-TJAFG,2019-05-01,No,Month-to-month,Yes,Electronic_check,101.5,906.85,Male,0,Yes,Yes,Fiber_optic,No,Yes,No,Yes,Yes,Yes,No,0,2020-02-01,276
5429-LWCMV,2019-02-01,No,Month-to-month,Yes,Electronic_check,89.15,1057.55,Female,0,No,No,Fiber_optic,No,Yes,No,No,No,Yes,Yes,0,2020-02-01,365
7298-IZWLY,2020-01-01,No,Month-to-month,Yes,Mailed_check,19.4,19.4,Female,0,No,No,No,No,No,No,No,No,No,No,0,2020-02-01,31
9758-MFWGD,2016-02-01,No,One_year,No,Bank_transfer_(automatic),29.9,1388.75,Female,1,Yes,Yes,DSL,No,Yes,No,No,No,No,No,0,2020-02-01,1461
3955-JBZZM,2018-06-01,No,Month-to-month,No,Electronic_check,78.8,1641.3,Male,0,No,No,Fiber_optic,No,No,No,No,Yes,No,No,0,2020-02-01,610
1268-ASBGA,2018-09-01,2020-01-01 00:00:00,Month-to-month,Yes,Credit_card_(automatic),85.35,1375.15,Female,1,Yes,No,Fiber_optic,No,No,No,No,No,Yes,Yes,1,2020-01-01,487
8943-URTMR,2019-09-01,2019-11-01 00:00:00,Month-to-month,Yes,Mailed_check,79.65,152.7,Female,0,No,No,Fiber_optic,No,No,No,No,Yes,No,No,1,2019-11-01,61
4815-TUMEQ,2019-04-01,No,One_year,Yes,Mailed_check,19.3,185.2,Female,0,No,No,No,No,No,No,No,No,No,No,0,2020-02-01,306
4713-LZDRV,2019-08-01,2019-10-01 00:00:00,Month-to-month,Yes,Electronic_check,79.6,195.05,Female,1,No,No,Fiber_optic,No,No,No,No,No,Yes,No,1,2019-10-01,61
9909-IDLEK,2018-06-01,No,Month-to-month,No,Mailed_check,96.8,1826.7,Male,0,Yes,Yes,Fiber_optic,No,Yes,No,Yes,Yes,No,Yes,0,2020-02-01,610
4092-OFQZS,2018-06-01,No,One_year,No,Mailed_check,20.65,417.5,Male,0,Yes,No,No,No,No,No,No,No,No,No,0,2020-02-01,610
1561-BWHIN,2018-07-01,No,One_year,No,Mailed_check,19.8,344.5,Male,0,Yes,Yes,No,No,No,No,No,No,No,No,0,2020-02-01,580
4325-NFSKC,2018-03-01,2019-10-01 00:00:00,Month-to-month,Yes,Electronic_check,90.6,1660.0,Male,1,No,No,Fiber_optic,Yes,No,No,No,Yes,No,Yes,1,2019-10-01,579
9927-DSWDF,2018-04-01,No,Month-to-month,Yes,Electronic_check,104.6,2180.55,Male,0,Yes,No,Fiber_optic,Yes,Yes,No,Yes,Yes,Yes,No,0,2020-02-01,671
9500-LTVBP,2017-03-01,No,Month-to-month,No,Credit_card_(automatic),80.05,2835.9,Female,0,No,No,Fiber_optic,No,No,No,Yes,No,No,Yes,0,2020-02-01,1067
7252-NTGSS,2020-01-01,No,Month-to-month,No,Mailed_check,45.15,45.15,Female,0,No,No,DSL,No,No,No,No,No,No,No,0,2020-02-01,31
8149-AIQCG,2016-11-01,No,Month-to-month,Yes,Credit_card_(automatic),73.15,2730.85,Male,0,No,No,Fiber_optic,No,No,No,No,No,No,Yes,0,2020-02-01,1187
1360-JYXKQ,2015-08-01,No,One_year,Yes,Electronic_check,99.1,5437.1,Female,1,Yes,No,Fiber_optic,No,No,Yes,Yes,Yes,Yes,No,0,2020-02-01,1645
2955-PSXOE,2019-09-01,2019-10-01 00:00:00,Month-to-month,Yes,Bank_transfer_(automatic),20.2,20.2,Female,0,No,No,No,No,No,No,No,No,No,No,1,2019-10-01,30
7762-URZQH,2014-06-01,2019-12-01 00:00:00,Two_year,Yes,Credit_card_(automatic),106.05,6981.35,Male,0,Yes,No,Fiber_optic,Yes,No,Yes,No,Yes,Yes,Yes,1,2019-12-01,2009
0899-WZRSD,2015-06-01,No,Month-to-month,Yes,Mailed_check,105.35,5794.45,Male,0,No,No,Fiber_optic,Yes,No,No,Yes,Yes,Yes,Yes,0,2020-02-01,1706
3255-GRXMG,2018-08-01,No,Month-to-month,Yes,Credit_card_(automatic),45.65,747.2,Male,0,No,Yes,DSL,No,No,No,No,No,No,No,0,2020-02-01,549
4828-FAZPK,2018-10-01,No,Month-to-month,Yes,Credit_card_(automatic),79.95,1267.95,Female,0,Yes,Yes,Fiber_optic,No,Yes,No,No,No,No,Yes,0,2020-02-01,488
6094-ZIVKX,2014-06-01,No,One_year,Yes,Credit_card_(automatic),54.45,3674.95,Female,0,No,No,DSL,Yes,No,Yes,No,No,No,No,0,2020-02-01,2071
6925-BAYGL,2015-09-01,No,Two_year,No,Credit_card_(automatic),25.1,1275.6,Female,1,Yes,No,No,No,No,No,No,No,No,Yes,0,2020-02-01,1614
3262-EIDHV,2014-02-01,No,Two_year,No,Credit_card_(automatic),84.7,5893.9,Female,0,Yes,Yes,DSL,Yes,No,Yes,Yes,Yes,Yes,Yes,0,2020-02-01,2191
7354-OIJLX,2019-05-01,No,Month-to-month,Yes,Electronic_check,75.85,724.65,Male,0,No,No,Fiber_optic,No,No,No,No,No,No,Yes,0,2020-02-01,276
1376-HHBDV,2017-08-01,No,Month-to-month,Yes,Mailed_check,48.8,1536.75,Female,0,No,No,DSL,Yes,No,No,No,No,No,No,0,2020-02-01,914
6907-NZZIJ,2016-12-01,2019-12-01 00:00:00,Month-to-month,Yes,Electronic_check,99.15,3615.6,Female,0,No,No,Fiber_optic,No,Yes,No,No,Yes,Yes,Yes,1,2019-12-01,1095
6133-OZILE,2018-08-01,No,Month-to-month,Yes,Electronic_check,35.2,607.3,Female,0,No,No,DSL,No,No,Yes,Yes,No,No,No,0,2020-02-01,549
4135-FRWKJ,2015-07-01,No,One_year,No,Electronic_check,76.25,4154.55,Female,1,Yes,Yes,DSL,Yes,No,Yes,Yes,Yes,No,Yes,0,2020-02-01,1676
2911-UREFD,2016-09-01,2019-12-01 00:00:00,Month-to-month,No,Electronic_check,55.9,2184.35,Female,0,Yes,No,DSL,Yes,No,Yes,No,Yes,Yes,No,1,2019-12-01,1186
3744-ZRRDZ,2018-04-01,2020-01-01 00:00:00,Month-to-month,Yes,Electronic_check,82.35,1852.85,Male,0,No,No,Fiber_optic,No,Yes,No,No,No,No,Yes,1,2020-01-01,640
5673-TIYIB,2019-09-01,2019-11-01 00:00:00,Month-to-month,Yes,Credit_card_(automatic),40.4,77.15,Male,0,No,No,DSL,No,Yes,Yes,Yes,No,No,No,1,2019-11-01,61
6551-ZCOTS,2017-05-01,No,One_year,Yes,Bank_transfer_(automatic),24.9,847.8,Male,1,No,No,No,No,No,No,No,No,No,Yes,0,2020-02-01,1006
7191-ADRGF,2016-06-01,No,Two_year,No,Bank_transfer_(automatic),54.3,2390.45,Male,0,Yes,No,DSL,No,Yes,Yes,No,Yes,Yes,No,0,2020-02-01,1340
5018-LXQQG,2017-08-01,No,Month-to-month,No,Bank_transfer_(automatic),66.3,1923.5,Female,0,Yes,Yes,DSL,Yes,No,No,Yes,No,Yes,No,0,2020-02-01,914
6892-BOGQE,2014-03-01,No,Two_year,Yes,Bank_transfer_(automatic),20.9,1493.2,Female,0,Yes,No,No,No,No,No,No,No,No,No,0,2020-02-01,2163
1602-IJQQE,2019-09-01,2020-01-01 00:00:00,Month-to-month,No,Electronic_check,75.35,338.1,Female,0,No,No,Fiber_optic,No,No,No,No,No,No,Yes,1,2020-01-01,122
4628-WQCQQ,2017-01-01,2019-12-01 00:00:00,One_year,Yes,Electronic_check,85.15,3030.6,Male,0,No,Yes,Fiber_optic,No,No,Yes,No,Yes,No,No,1,2019-12-01,1064
1746-TGTWV,2020-01-01,No,Month-to-month,No,Credit_card_(automatic),75.35,75.35,Male,0,Yes,No,Fiber_optic,No,No,Yes,No,No,No,No,0,2020-02-01,31
5995-SNNEW,2018-03-01,No,Month-to-month,Yes,Electronic_check,104.45,2184.85,Male,1,Yes,No,Fiber_optic,No,Yes,Yes,No,Yes,Yes,Yes,0,2020-02-01,702
8050-WYBND,2018-04-01,No,One_year,Yes,Credit_card_(automatic),49.45,1031.4,Female,0,No,Yes,DSL,No,No,Yes,No,Yes,Yes,No,0,2020-02-01,671
2821-WARNZ,2016-01-01,No,One_year,No,Credit_card_(automatic),19.45,921.3,Female,0,No,Yes,No,No,No,No,No,No,No,No,0,2020-02-01,1492
4879-GZLFH,2016-08-01,No,Month-to-month,Yes,Electronic_check,92.15,3875.4,Female,0,Yes,Yes,Fiber_optic,No,No,Yes,No,Yes,Yes,No,0,2020-02-01,1279
1644-IRKSF,2017-01-01,2019-10-01 00:00:00,One_year,Yes,Electronic_check,93.8,3124.5,Female,0,Yes,Yes,Fiber_optic,No,No,Yes,No,Yes,Yes,No,1,2019-10-01,1003
8314-HTWVE,2019-07-01,No,Two_year,No,Mailed_check,19.85,144.15,Female,0,Yes,Yes,No,No,No,No,No,No,No,No,0,2020-02-01,215
9402-ROUMJ,2014-07-01,No,One_year,Yes,Bank_transfer_(automatic),100.25,6689.0,Female,0,Yes,Yes,Fiber_optic,Yes,No,Yes,Yes,No,Yes,Yes,0,2020-02-01,2041
2507-QZPQS,2018-11-01,No,Month-to-month,No,Electronic_check,95.7,1451.1,Male,0,No,No,Fiber_optic,No,Yes,No,Yes,No,Yes,Yes,0,2020-02-01,457
7159-NOKYQ,2014-07-01,No,Two_year,Yes,Electronic_check,93.15,6368.2,Male,0,Yes,No,Fiber_optic,No,Yes,Yes,No,No,Yes,Yes,0,2020-02-01,2041
5707-ZMDJP,2015-09-01,No,Two_year,Yes,Mailed_check,69.7,3729.6,Male,0,Yes,Yes,DSL,Yes,Yes,No,Yes,Yes,No,No,0,2020-02-01,1614
8779-YIQQA,2018-05-01,No,One_year,No,Mailed_check,19.8,350.1,Male,0,Yes,Yes,No,No,No,No,No,No,No,No,0,2020-02-01,641
7136-IHZJA,2016-10-01,No,Month-to-month,Yes,Mailed_check,71.35,2847.2,Female,0,Yes,Yes,DSL,Yes,Yes,No,Yes,No,Yes,No,0,2020-02-01,1218
8966-OIQHG,2018-04-01,No,One_year,No,Bank_transfer_(automatic),20.75,452.35,Female,0,Yes,Yes,No,No,No,No,No,No,No,No,0,2020-02-01,671
7074-STDCN,2016-11-01,No,Month-to-month,Yes,Electronic_check,40.6,1494.5,Male,0,No,No,DSL,No,No,No,Yes,No,Yes,No,0,2020-02-01,1187
3705-PSNGL,2016-04-01,2020-01-01 00:00:00,One_year,Yes,Electronic_check,20.4,930.45,Male,0,No,No,No,No,No,No,No,No,No,No,1,2020-01-01,1370
8739-QOTTN,2019-12-01,No,Month-to-month,No,Mailed_check,20.35,41.85,Female,0,Yes,No,No,No,No,No,No,No,No,No,0,2020-02-01,62
1399-OUPJN,2015-05-01,No,Two_year,No,Bank_transfer_(automatic),19.75,1272.05,Female,0,Yes,Yes,No,No,No,No,No,No,No,No,0,2020-02-01,1737
0277-BKSQP,2019-06-01,No,Month-to-month,Yes,Electronic_check,54.4,475.1,Male,0,Yes,Yes,DSL,No,No,No,No,Yes,No,No,0,2020-02-01,245
6502-HCJTI,2019-03-01,2019-10-01 00:00:00,Month-to-month,Yes,Credit_card_(automatic),94.7,673.1,Male,1,Yes,No,Fiber_optic,Yes,Yes,No,No,No,Yes,Yes,1,2019-10-01,214
2606-RMDHZ,2019-05-01,2019-11-01 00:00:00,Month-to-month,Yes,Credit_card_(automatic),30.5,208.7,Male,0,No,No,DSL,No,Yes,No,No,No,No,No,1,2019-11-01,184
5774-XZTQC,2019-07-01,No,Month-to-month,No,Mailed_check,20.45,150.75,Female,0,Yes,Yes,No,No,No,No,No,No,No,No,0,2020-02-01,215
2676-SSLTO,2016-01-01,No,Two_year,Yes,Bank_transfer_(automatic),66.15,3199.0,Male,0,No,No,DSL,No,No,No,Yes,Yes,No,Yes,0,2020-02-01,1492
6266-QHOJZ,2014-09-01,No,One_year,Yes,Electronic_check,89.85,5844.65,Female,0,No,No,Fiber_optic,Yes,Yes,No,Yes,No,No,Yes,0,2020-02-01,1979
7269-JISCY,2015-07-01,No,One_year,No,Bank_transfer_(automatic),45.05,2462.6,Female,0,No,No,DSL,No,No,No,No,No,No,No,0,2020-02-01,1676
0363-SVHYR,2014-03-01,No,Two_year,No,Bank_transfer_(automatic),86.85,6263.8,Male,0,Yes,Yes,DSL,Yes,Yes,Yes,Yes,Yes,Yes,Yes,0,2020-02-01,2163
8547-NSBBO,2017-03-01,No,Month-to-month,Yes,Mailed_check,96.75,3403.4,Male,0,No,No,Fiber_optic,Yes,Yes,Yes,Yes,No,No,Yes,0,2020-02-01,1067
8258-GSTJK,2019-10-01,2020-01-01 00:00:00,Month-to-month,Yes,Electronic_check,77.0,237.75,Male,1,No,No,Fiber_optic,No,No,No,No,No,No,Yes,1,2020-01-01,92
6861-OKBCE,2019-02-01,2020-01-01 00:00:00,Month-to-month,No,Credit_card_(automatic),20.1,221.35,Female,0,No,Yes,No,No,No,No,No,No,No,No,1,2020-01-01,334
9940-RHLFB,2019-09-01,2019-10-01 00:00:00,Month-to-month,No,Electronic_check,75.3,75.3,Female,0,No,No,Fiber_optic,No,No,Yes,No,No,No,No,1,2019-10-01,30
6591-QGOYB,2018-09-01,No,Month-to-month,Yes,Bank_transfer_(automatic),106.65,1672.1,Male,0,No,No,Fiber_optic,Yes,Yes,Yes,Yes,Yes,No,Yes,0,2020-02-01,518
9070-BCKQP,2014-02-01,No,Two_year,Yes,Credit_card_(automatic),110.15,7881.2,Female,0,Yes,No,Fiber_optic,Yes,No,Yes,Yes,Yes,Yes,Yes,0,2020-02-01,2191
6421-SZVEM,2017-10-01,No,One_year,Yes,Bank_transfer_(automatic),82.85,2320.8,Female,0,Yes,Yes,Fiber_optic,Yes,No,No,No,No,Yes,No,0,2020-02-01,853
1328-EUZHC,2018-08-01,No,Two_year,No,Mailed_check,20.1,370.5,Female,0,Yes,No,No,No,No,No,No,No,No,No,0,2020-02-01,549
2995-UPRYS,2016-06-01,2019-10-01 00:00:00,One_year,Yes,Credit_card_(automatic),99.2,4062.2,Female,1,Yes,No,Fiber_optic,No,Yes,No,Yes,Yes,Yes,No,1,2019-10-01,1217
8878-RYUKI,2015-10-01,No,Month-to-month,Yes,Electronic_check,59.45,3043.7,Female,0,No,No,DSL,No,No,Yes,No,No,Yes,No,0,2020-02-01,1584
9633-DENPU,2016-03-01,No,Month-to-month,Yes,Bank_transfer_(automatic),58.6,2723.4,Female,0,Yes,No,DSL,No,Yes,No,No,Yes,No,No,0,2020-02-01,1432
7811-JIVPF,2018-03-01,No,Month-to-month,No,Credit_card_(automatic),49.7,1081.25,Female,0,No,No,DSL,No,No,Yes,No,No,No,No,0,2020-02-01,702
7113-HIPFI,2014-08-01,No,Two_year,No,Mailed_check,65.85,4097.05,Male,0,Yes,Yes,DSL,Yes,Yes,Yes,Yes,No,No,No,0,2020-02-01,2010
8541-QVFKM,2019-06-01,No,Month-to-month,Yes,Electronic_check,73.5,632.2,Female,0,No,No,Fiber_optic,No,No,No,No,No,No,Yes,0,2020-02-01,245
6686-YPGHK,2016-01-01,2019-12-01 00:00:00,Month-to-month,No,Mailed_check,85.5,4042.3,Male,1,No,No,Fiber_optic,Yes,No,No,No,No,Yes,No,1,2019-12-01,1430
1383-EZRWL,2019-06-01,2020-01-01 00:00:00,Month-to-month,No,Mailed_check,20.05,164.85,Female,0,No,No,No,No,No,No,No,No,No,No,1,2020-01-01,214
9258-CNWAC,2014-03-01,No,Two_year,No,Credit_card_(automatic),113.65,8166.8,Female,0,Yes,Yes,Fiber_optic,Yes,Yes,Yes,Yes,Yes,Yes,Yes,0,2020-02-01,2163
5371-VYLSX,2015-12-01,No,Month-to-month,Yes,Electronic_check,83.4,4113.7,Female,1,No,No,Fiber_optic,Yes,Yes,No,No,No,No,Yes,0,2020-02-01,1523
6374-AFWOX,2016-04-01,No,Two_year,No,Mailed_check,65.65,3047.15,Male,0,Yes,No,DSL,Yes,Yes,Yes,Yes,No,No,No,0,2020-02-01,1401
4759-TRPLW,2019-12-01,2020-01-01 00:00:00,Month-to-month,No,Electronic_check,70.4,70.4,Male,0,No,No,Fiber_optic,No,No,No,No,No,No,No,1,2020-01-01,31
5317-FLPJF,2014-08-01,No,Two_year,Yes,Bank_transfer_(automatic),61.35,4193.4,Female,0,No,No,DSL,Yes,No,Yes,Yes,Yes,Yes,No,0,2020-02-01,2010
7621-VPNET,2016-08-01,No,Month-to-month,Yes,Credit_card_(automatic),85.9,3729.75,Female,0,Yes,No,Fiber_optic,No,No,Yes,Yes,No,No,Yes,0,2020-02-01,1279
6034-YMTOB,2019-09-01,No,Month-to-month,Yes,Mailed_check,75.65,399.45,Female,0,No,No,Fiber_optic,No,No,No,Yes,No,No,No,0,2020-02-01,153
8563-IIOXK,2019-05-01,2019-12-01 00:00:00,One_year,Yes,Electronic_check,49.75,331.3,Male,0,Yes,Yes,DSL,Yes,No,No,No,No,No,No,1,2019-12-01,214
4903-CNOZC,2017-09-01,No,One_year,No,Credit_card_(automatic),70.9,1964.6,Male,0,No,No,DSL,No,Yes,Yes,No,No,Yes,Yes,0,2020-02-01,883
4353-HYOJD,2017-11-01,No,Month-to-month,No,Mailed_check,49.85,1336.15,Female,0,Yes,Yes,DSL,No,Yes,No,No,No,No,No,0,2020-02-01,822
8020-BWHYL,2018-09-01,2019-12-01 00:00:00,Month-to-month,Yes,Credit_card_(automatic),75.3,1147.45,Female,1,No,No,Fiber_optic,No,Yes,No,No,No,No,No,1,2019-12-01,456
7267-FRMJW,2018-01-01,No,Two_year,No,Mailed_check,20.1,486.05,Female,0,Yes,Yes,No,No,No,No,No,No,No,No,0,2020-02-01,761
2982-VPSGI,2018-11-01,2019-10-01 00:00:00,Month-to-month,Yes,Electronic_check,94.0,1078.9,Female,0,Yes,No,Fiber_optic,No,No,No,No,Yes,Yes,Yes,1,2019-10-01,334
4188-FRABG,2015-05-01,No,Month-to-month,Yes,Electronic_check,103.05,5925.75,Male,0,Yes,No,Fiber_optic,Yes,Yes,Yes,Yes,Yes,No,Yes,0,2020-02-01,1737
8199-ZLLSA,2014-03-01,2019-10-01 00:00:00,One_year,Yes,Bank_transfer_(automatic),118.35,7804.15,Male,0,No,No,Fiber_optic,Yes,Yes,Yes,Yes,Yes,Yes,Yes,1,2019-10-01,2040
4128-ETESU,2016-03-01,No,Month-to-month,No,Electronic_check,99.7,4747.2,Female,1,Yes,No,Fiber_optic,No,No,Yes,No,Yes,Yes,Yes,0,2020-02-01,1432
0620-DLSLK,2019-01-01,No,Month-to-month,Yes,Mailed_check,81.9,1028.9,Female,0,No,No,Fiber_optic,No,No,No,No,Yes,No,No,0,2020-02-01,396
4625-EWPTF,2019-04-01,2019-12-01 00:00:00,Month-to-month,Yes,Electronic_check,30.45,226.45,Male,0,No,No,DSL,Yes,No,No,No,No,No,No,1,2019-12-01,244
5980-NOPLP,2016-02-01,2019-10-01 00:00:00,Month-to-month,Yes,Electronic_check,96.1,4364.1,Female,0,Yes,No,Fiber_optic,No,No,No,No,Yes,Yes,Yes,1,2019-10-01,1338
3850-OKINF,2014-03-01,No,One_year,Yes,Electronic_check,66.2,4692.55,Male,0,Yes,Yes,DSL,Yes,No,No,No,Yes,No,Yes,0,2020-02-01,2163
6892-XPFPU,2017-12-01,2019-12-01 00:00:00,Month-to-month,Yes,Electronic_check,104.25,2433.9,Male,1,Yes,No,Fiber_optic,No,Yes,Yes,No,Yes,Yes,Yes,1,2019-12-01,730
8010-EZLOU,2018-08-01,2019-11-01 00:00:00,Month-to-month,Yes,Electronic_check,80.2,1217.25,Male,1,No,No,Fiber_optic,No,Yes,No,No,No,No,Yes,1,2019-11-01,457
1156-ZFYDO,2020-01-01,No,Month-to-month,No,Electronic_check,19.75,19.75,Female,0,No,No,No,No,No,No,No,No,No,No,0,2020-02-01,31
3295-YVUSR,2019-12-01,No,Month-to-month,Yes,Mailed_check,72.6,154.3,Male,1,No,No,Fiber_optic,No,No,No,No,No,No,Yes,0,2020-02-01,62
8016-NCFVO,2015-07-01,No,Month-to-month,Yes,Electronic_check,116.5,6382.55,Male,1,No,No,Fiber_optic,Yes,Yes,Yes,Yes,Yes,Yes,Yes,0,2020-02-01,1676
4119-ZYPZY,2014-03-01,No,Two_year,Yes,Electronic_check,106.8,7623.2,Male,1,No,No,Fiber_optic,No,Yes,No,Yes,Yes,Yes,Yes,0,2020-02-01,2163
5549-ZGHFB,2015-12-01,No,Two_year,No,Mailed_check,24.95,1261.45,Male,0,Yes,Yes,No,No,No,No,No,No,No,Yes,0,2020-02-01,1523
7577-SWIFR,2020-01-01,No,Month-to-month,Yes,Electronic_check,89.25,89.25,Male,0,No,No,Fiber_optic,No,No,No,No,Yes,Yes,No,0,2020-02-01,31
0303-WMMRN,2019-09-01,No,Month-to-month,Yes,Mailed_check,19.25,86.05,Male,0,No,No,No,No,No,No,No,No,No,No,0,2020-02-01,153
6408-OTUBZ,2014-08-01,No,One_year,Yes,Bank_transfer_(automatic),104.55,6779.05,Female,0,No,No,Fiber_optic,Yes,Yes,Yes,Yes,Yes,No,Yes,0,2020-02-01,2010
5204-HMGYF,2016-01-01,No,One_year,Yes,Mailed_check,87.2,4345.0,Female,0,Yes,Yes,DSL,Yes,Yes,Yes,Yes,Yes,Yes,No,0,2020-02-01,1492
1078-TDCRN,2019-11-01,No,Month-to-month,Yes,Electronic_check,30.75,82.85,Female,1,Yes,No,DSL,No,Yes,No,No,No,No,No,0,2020-02-01,92
3727-OVPRY,2014-08-01,No,One_year,Yes,Credit_card_(automatic),25.7,1714.55,Male,0,Yes,Yes,No,No,No,No,No,No,No,Yes,0,2020-02-01,2010
3797-FKOGQ,2019-03-01,No,Month-to-month,No,Electronic_check,86.2,893.2,Male,0,No,Yes,Fiber_optic,No,No,No,No,No,Yes,Yes,0,2020-02-01,337
7622-NXQZR,2017-10-01,No,Month-to-month,Yes,Credit_card_(automatic),30.1,810.85,Male,0,No,No,DSL,No,No,No,Yes,No,No,No,0,2020-02-01,853
6196-HBOBZ,2014-09-01,No,Two_year,Yes,Electronic_check,99.35,6347.55,Male,0,Yes,No,Fiber_optic,Yes,Yes,Yes,No,Yes,No,Yes,0,2020-02-01,1979
3970-XGJDU,2014-12-01,No,Two_year,Yes,Credit_card_(automatic),19.2,1123.65,Female,0,No,No,No,No,No,No,No,No,No,No,0,2020-02-01,1888
7017-VFULY,2019-12-01,No,Month-to-month,No,Bank_transfer_(automatic),20.1,43.15,Female,0,Yes,No,No,No,No,No,No,No,No,No,0,2020-02-01,62
5562-YJQGT,2019-12-01,No,Month-to-month,No,Credit_card_(automatic),20.35,35.1,Female,0,No,No,No,No,No,No,No,No,No,No,0,2020-02-01,62
8807-OPMBM,2015-07-01,No,Two_year,Yes,Credit_card_(automatic),25.65,1388.0,Female,0,Yes,Yes,No,No,No,No,No,No,No,Yes,0,2020-02-01,1676
5439-WIKXB,2016-09-01,No,Month-to-month,Yes,Electronic_check,94.55,3851.45,Male,1,Yes,No,Fiber_optic,No,Yes,No,No,Yes,Yes,No,0,2020-02-01,1248
9874-QLCLH,2018-06-01,2019-11-01 00:00:00,Month-to-month,Yes,Electronic_check,104.2,1743.5,Female,0,Yes,Yes,Fiber_optic,Yes,No,Yes,No,Yes,Yes,Yes,1,2019-11-01,518
8294-UIMBA,2017-08-01,No,One_year,Yes,Bank_transfer_(automatic),94.4,2638.1,Female,0,No,No,Fiber_optic,No,No,No,Yes,Yes,Yes,No,0,2020-02-01,914
8109-YUOHE,2018-09-01,No,One_year,No,Mailed_check,56.1,946.95,Male,0,No,No,DSL,Yes,Yes,No,No,No,No,No,0,2020-02-01,518
5840-NVDCG,2018-10-01,No,Two_year,No,Bank_transfer_(automatic),68.25,1114.85,Female,0,Yes,Yes,DSL,Yes,Yes,No,Yes,No,Yes,No,0,2020-02-01,488
8092-NLTGF,2014-02-01,No,Two_year,No,Bank_transfer_(automatic),24.75,1777.6,Male,0,No,No,No,No,No,No,No,No,No,Yes,0,2020-02-01,2191
5928-QLDHB,2019-05-01,No,Month-to-month,Yes,Electronic_check,76.25,684.85,Male,0,No,No,Fiber_optic,No,No,No,No,No,No,Yes,0,2020-02-01,276
9840-EFJQB,2020-01-01,No,Month-to-month,No,Electronic_check,74.35,74.35,Female,0,No,No,Fiber_optic,No,Yes,No,No,No,No,No,0,2020-02-01,31
0696-UKTOX,2018-03-01,No,Month-to-month,No,Electronic_check,54.15,1312.45,Male,0,No,Yes,DSL,No,Yes,No,Yes,No,No,No,0,2020-02-01,702
4801-KFYKL,2019-06-01,No,Month-to-month,No,Bank_transfer_(automatic),19.45,159.2,Male,0,No,Yes,No,No,No,No,No,No,No,No,0,2020-02-01,245
3472-OAOOR,2018-07-01,No,Month-to-month,Yes,Mailed_check,34.95,610.2,Male,0,Yes,Yes,DSL,Yes,Yes,No,No,No,No,No,0,2020-02-01,580
6135-OZQVA,2019-07-01,No,Month-to-month,Yes,Electronic_check,53.65,404.35,Female,0,No,No,DSL,Yes,No,No,No,No,No,Yes,0,2020-02-01,215
8062-YBDOE,2019-09-01,2019-10-01 00:00:00,Month-to-month,Yes,Electronic_check,69.65,69.65,Male,1,No,No,Fiber_optic,No,No,No,No,No,No,No,1,2019-10-01,30
2252-JHJGE,2015-01-01,No,One_year,No,Electronic_check,104.0,6363.45,Male,0,No,No,Fiber_optic,Yes,No,Yes,No,Yes,Yes,Yes,0,2020-02-01,1857
4188-PCPIG,2015-05-01,No,Two_year,Yes,Credit_card_(automatic),70.35,4124.65,Female,0,Yes,No,DSL,Yes,Yes,No,Yes,Yes,No,No,0,2020-02-01,1737
6000-APYLU,2019-01-01,2019-10-01 00:00:00,Month-to-month,Yes,Electronic_check,80.8,713.1,Male,0,No,No,Fiber_optic,No,No,No,No,No,Yes,No,1,2019-10-01,273
7105-BENQF,2018-11-01,No,One_year,No,Mailed_check,64.85,950.75,Male,0,No,Yes,DSL,Yes,No,Yes,No,No,Yes,No,0,2020-02-01,457
7721-DVEKZ,2020-01-01,No,Month-to-month,No,Mailed_check,19.65,19.65,Female,0,No,No,No,No,No,No,No,No,No,No,0,2020-02-01,31
3566-VVORZ,2019-02-01,No,Month-to-month,No,Bank_transfer_(automatic),45.9,505.95,Female,0,Yes,No,DSL,No,No,No,No,No,No,No,0,2020-02-01,365
9507-HSMMZ,2015-08-01,No,Two_year,No,Mailed_check,20.0,1149.65,Male,0,No,No,No,No,No,No,No,No,No,No,0,2020-02-01,1645
2480-SQIOB,2019-10-01,No,Month-to-month,No,Electronic_check,44.8,169.65,Male,0,Yes,Yes,DSL,No,No,No,No,No,No,No,0,2020-02-01,123
0947-IDHRQ,2019-04-01,2019-11-01 00:00:00,Month-to-month,Yes,Mailed_check,80.3,526.7,Female,0,No,No,Fiber_optic,No,No,No,No,Yes,No,No,1,2019-11-01,214
7813-TKCVO,2018-06-01,No,One_year,No,Mailed_check,20.35,393.15,Female,0,Yes,No,No,No,No,No,No,No,No,No,0,2020-02-01,610
0128-MKWSG,2017-12-01,No,Month-to-month,No,Mailed_check,45.8,1147.0,Female,0,No,Yes,DSL,Yes,No,No,Yes,No,Yes,No,0,2020-02-01,792
3672-YITQD,2016-10-01,2019-10-01 00:00:00,Month-to-month,Yes,Electronic_check,84.1,3021.6,Male,1,Yes,No,Fiber_optic,No,No,No,No,No,Yes,Yes,1,2019-10-01,1095
4350-ZTLPI,2015-09-01,No,One_year,Yes,Bank_transfer_(automatic),108.95,5718.2,Female,0,Yes,No,Fiber_optic,No,Yes,Yes,Yes,Yes,Yes,Yes,0,2020-02-01,1614
9048-JVYVF,2019-09-01,2019-12-01 00:00:00,Month-to-month,Yes,Electronic_check,69.35,191.35,Male,0,No,No,DSL,No,No,No,Yes,Yes,Yes,No,1,2019-12-01,91
0361-HJRDX,2014-06-01,No,Two_year,No,Credit_card_(automatic),64.35,4539.6,Female,0,No,No,DSL,Yes,Yes,Yes,Yes,Yes,Yes,No,0,2020-02-01,2071
5727-MYATE,2014-02-01,No,Two_year,Yes,Credit_card_(automatic),90.8,6397.6,Male,0,Yes,Yes,DSL,Yes,Yes,Yes,Yes,Yes,Yes,Yes,0,2020-02-01,2191
3823-KYNQY,2019-02-01,No,One_year,No,Credit_card_(automatic),24.95,280.4,Male,0,No,No,No,No,No,No,No,No,No,Yes,0,2020-02-01,365
8988-ECPJR,2017-02-01,2019-12-01 00:00:00,Month-to-month,Yes,Mailed_check,79.6,2718.3,Female,1,Yes,Yes,Fiber_optic,No,Yes,No,No,No,No,Yes,1,2019-12-01,1033
7570-WELNY,2014-06-01,No,Two_year,Yes,Bank_transfer_(automatic),84.7,5711.05,Female,0,Yes,No,Fiber_optic,Yes,Yes,No,No,No,No,Yes,0,2020-02-01,2071
3021-VLNRJ,2015-12-01,No,One_year,Yes,Credit_card_(automatic),70.8,3478.15,Female,0,No,Yes,DSL,Yes,No,Yes,Yes,Yes,No,No,0,2020-02-01,1523
3776-EKTKM,2019-09-01,2019-10-01 00:00:00,Month-to-month,Yes,Electronic_check,36.45,36.45,Female,1,No,No,DSL,No,No,No,No,Yes,No,No,1,2019-10-01,30
2080-CAZNM,2016-09-01,No,Month-to-month,Yes,Electronic_check,104.4,4133.95,Female,1,No,No,Fiber_optic,No,Yes,Yes,No,Yes,Yes,Yes,0,2020-02-01,1248
1028-FFNJK,2017-08-01,No,Month-to-month,Yes,Electronic_check,101.5,2917.65,Male,1,Yes,No,Fiber_optic,No,No,No,Yes,Yes,Yes,Yes,0,2020-02-01,914
6907-FLBER,2020-01-01,No,Month-to-month,No,Electronic_check,54.3,54.3,Male,0,No,No,DSL,No,Yes,No,No,No,No,Yes,0,2020-02-01,31
3001-UNBTL,2017-09-01,No,Month-to-month,Yes,Electronic_check,103.95,2964.8,Male,1,Yes,Yes,Fiber_optic,No,No,Yes,No,Yes,Yes,Yes,0,2020-02-01,883
5982-PSMKW,2018-03-01,No,Two_year,Yes,Credit_card_(automatic),91.1,2198.3,Female,0,Yes,Yes,DSL,Yes,Yes,Yes,Yes,Yes,Yes,Yes,0,2020-02-01,702
3507-GASNP,2015-02-01,No,Two_year,No,Mailed_check,19.95,1189.9,Male,0,No,Yes,No,No,No,No,No,No,No,No,0,2020-02-01,1826
7096-ZNBZI,2014-02-01,No,Two_year,No,Credit_card_(automatic),26.45,1914.5,Female,0,Yes,No,No,No,No,No,No,No,No,Yes,0,2020-02-01,2191
1902-XBTFB,2017-12-01,2019-10-01 00:00:00,Month-to-month,Yes,Electronic_check,89.4,2001.5,Male,0,No,Yes,Fiber_optic,No,Yes,Yes,No,Yes,No,No,1,2019-10-01,669
1676-MQAOA,2014-02-01,No,Two_year,Yes,Bank_transfer_(automatic),75.1,5336.35,Male,0,No,No,DSL,Yes,Yes,Yes,Yes,Yes,No,No,0,2020-02-01,2191
0786-IVLAW,2014-08-01,No,One_year,No,Bank_transfer_(automatic),108.1,7238.6,Female,1,No,No,Fiber_optic,No,Yes,Yes,No,Yes,Yes,Yes,0,2020-02-01,2010
7566-DSRLQ,2014-02-01,No,Two_year,Yes,Electronic_check,110.15,7998.8,Female,0,Yes,No,Fiber_optic,No,Yes,Yes,Yes,Yes,Yes,Yes,0,2020-02-01,2191
0643-OKLRP,2015-12-01,2019-11-01 00:00:00,Month-to-month,No,Electronic_check,80.35,3825.85,Female,1,Yes,No,Fiber_optic,Yes,No,No,No,No,No,Yes,1,2019-11-01,1431
7245-JMTTQ,2015-11-01,No,One_year,Yes,Electronic_check,111.5,5703.25,Female,0,No,No,Fiber_optic,No,Yes,Yes,Yes,Yes,Yes,Yes,0,2020-02-01,1553
6050-IJRHS,2014-04-01,No,One_year,Yes,Electronic_check,106.5,7397.0,Female,0,Yes,Yes,Fiber_optic,No,Yes,Yes,No,Yes,Yes,Yes,0,2020-02-01,2132
6202-JVYEU,2019-05-01,No,One_year,Yes,Electronic_check,19.9,164.6,Male,0,No,No,No,No,No,No,No,No,No,No,0,2020-02-01,276
8591-TKMZH,2015-03-01,No,Two_year,Yes,Mailed_check,111.1,6555.2,Male,0,Yes,Yes,Fiber_optic,Yes,Yes,No,Yes,Yes,Yes,Yes,0,2020-02-01,1798
0734-OXWBT,2019-11-01,No,Month-to-month,No,Mailed_check,70.7,225.65,Male,0,No,Yes,DSL,No,No,No,Yes,Yes,Yes,No,0,2020-02-01,92
4282-ACRXS,2016-12-01,No,Month-to-month,Yes,Electronic_check,24.85,955.75,Male,1,Yes,No,DSL,No,No,No,No,No,No,No,0,2020-02-01,1157
0365-TRTPY,2017-01-01,No,Month-to-month,No,Bank_transfer_(automatic),91.2,3382.3,Female,0,No,No,Fiber_optic,Yes,Yes,Yes,No,No,No,Yes,0,2020-02-01,1126
7349-ALMUX,2017-01-01,No,Two_year,No,Bank_transfer_(automatic),65.6,2313.8,Male,0,No,No,DSL,Yes,Yes,Yes,Yes,No,No,No,0,2020-02-01,1126
9381-NDKME,2017-12-01,2019-12-01 00:00:00,Month-to-month,Yes,Credit_card_(automatic),40.65,933.3,Female,1,Yes,No,DSL,No,No,Yes,No,No,Yes,No,1,2019-12-01,730
6502-KUGLL,2018-12-01,No,Month-to-month,No,Bank_transfer_(automatic),59.45,780.85,Female,0,Yes,Yes,DSL,Yes,Yes,No,Yes,No,No,No,0,2020-02-01,427
1841-YSJGV,2014-02-01,No,Two_year,Yes,Credit_card_(automatic),109.95,7852.4,Male,0,Yes,No,Fiber_optic,Yes,Yes,No,Yes,Yes,Yes,Yes,0,2020-02-01,2191
2794-XIMMO,2015-06-01,2019-11-01 00:00:00,One_year,Yes,Electronic_check,60.45,3184.25,Male,0,Yes,No,DSL,No,Yes,Yes,Yes,Yes,Yes,No,1,2019-11-01,1614
8382-SHQEH,2019-02-01,2019-10-01 00:00:00,Month-to-month,Yes,Electronic_check,84.9,764.95,Female,0,Yes,No,Fiber_optic,No,No,No,No,No,Yes,Yes,1,2019-10-01,242
3511-BFTJW,2014-02-01,No,Two_year,No,Credit_card_(automatic),38.5,2763.0,Male,0,Yes,Yes,DSL,Yes,Yes,Yes,No,No,No,No,0,2020-02-01,2191
7668-XCFYV,2018-09-01,No,Month-to-month,Yes,Electronic_check,92.55,1614.7,Female,1,Yes,No,Fiber_optic,No,No,No,No,Yes,Yes,Yes,0,2020-02-01,518
2983-ZANRP,2019-09-01,2019-11-01 00:00:00,Month-to-month,Yes,Bank_transfer_(automatic),73.55,145.4,Female,0,Yes,Yes,Fiber_optic,No,Yes,No,No,No,No,No,1,2019-11-01,61
7845-URHJN,2019-02-01,2019-10-01 00:00:00,Month-to-month,No,Bank_transfer_(automatic),20.15,156.25,Female,0,Yes,No,No,No,No,No,No,No,No,No,1,2019-10-01,242
3034-ZBEQN,2016-01-01,2020-01-01 00:00:00,One_year,No,Mailed_check,34.7,1604.5,Female,0,Yes,No,DSL,No,Yes,Yes,No,No,No,No,1,2020-01-01,1461
5018-HEKFO,2019-04-01,No,Month-to-month,Yes,Mailed_check,24.5,270.15,Female,0,No,No,No,No,No,No,No,No,No,Yes,0,2020-02-01,306
2923-ARZLG,2020-02-01,No,One_year,Yes,Mailed_check,19.7,0.0,Male,0,Yes,Yes,No,No,No,No,No,No,No,No,0,2020-02-01,0
3976-NLDEZ,2020-01-01,No,Month-to-month,No,Mailed_check,20.6,20.6,Male,0,No,No,No,No,No,No,No,No,No,No,0,2020-02-01,31
2282-YGNOR,2017-09-01,No,One_year,No,Credit_card_(automatic),58.0,1734.5,Female,0,No,No,DSL,Yes,No,Yes,Yes,No,No,No,0,2020-02-01,883
5336-UFNZP,2014-09-01,No,One_year,Yes,Electronic_check,107.45,7047.5,Female,1,Yes,Yes,Fiber_optic,No,Yes,Yes,No,Yes,Yes,Yes,0,2020-02-01,1979
6854-EXGSF,2019-06-01,No,Month-to-month,Yes,Bank_transfer_(automatic),65.5,573.15,Female,0,No,No,DSL,Yes,Yes,Yes,No,No,No,Yes,0,2020-02-01,245
1241-EZFMJ,2015-01-01,No,Two_year,No,Bank_transfer_(automatic),25.45,1538.6,Male,0,Yes,No,No,No,No,No,No,No,No,Yes,0,2020-02-01,1857
9233-PSYHO,2016-05-01,No,One_year,Yes,Bank_transfer_(automatic),100.15,4459.8,Female,1,No,No,Fiber_optic,No,No,Yes,No,Yes,Yes,Yes,0,2020-02-01,1371
5376-PCKNB,2014-02-01,No,One_year,Yes,Credit_card_(automatic),104.45,7459.0,Male,0,Yes,Yes,Fiber_optic,No,Yes,Yes,No,Yes,Yes,Yes,0,2020-02-01,2191
8044-BGWPI,2019-02-01,No,Month-to-month,Yes,Electronic_check,21.15,306.05,Male,0,Yes,Yes,No,No,No,No,No,No,No,No,0,2020-02-01,365
4060-LDNLU,2019-07-01,No,Month-to-month,No,Electronic_check,96.2,639.7,Male,0,No,No,Fiber_optic,No,No,No,No,Yes,Yes,Yes,0,2020-02-01,215
3589-PPVKW,2019-05-01,No,Month-to-month,Yes,Mailed_check,44.4,348.15,Male,0,No,No,DSL,No,No,No,No,No,No,No,0,2020-02-01,276
8327-LZKAS,2016-03-01,2019-10-01 00:00:00,One_year,Yes,Electronic_check,107.55,4533.9,Female,1,Yes,No,Fiber_optic,No,No,Yes,Yes,Yes,Yes,Yes,1,2019-10-01,1309
5887-IKKYO,2015-04-01,No,Two_year,No,Bank_transfer_(automatic),94.35,5563.65,Male,0,Yes,Yes,Fiber_optic,No,No,Yes,Yes,No,Yes,Yes,0,2020-02-01,1767
1075-BGWOH,2018-08-01,2019-12-01 00:00:00,Month-to-month,Yes,Electronic_check,98.75,1587.55,Male,1,Yes,No,Fiber_optic,No,No,Yes,No,Yes,Yes,Yes,1,2019-12-01,487
1755-RMCXH,2019-12-01,No,Month-to-month,No,Mailed_check,20.3,40.25,Male,0,Yes,Yes,No,No,No,No,No,No,No,No,0,2020-02-01,62
0302-JOIVN,2019-05-01,2020-01-01 00:00:00,Month-to-month,No,Electronic_check,101.15,842.9,Female,0,Yes,No,Fiber_optic,No,Yes,Yes,No,Yes,Yes,No,1,2020-01-01,245
3858-XHYJO,2016-10-01,No,One_year,No,Bank_transfer_(automatic),105.75,4228.55,Female,0,Yes,No,Fiber_optic,Yes,No,Yes,No,Yes,Yes,Yes,0,2020-02-01,1218
4299-SIMNS,2019-05-01,No,Month-to-month,Yes,Electronic_check,81.15,784.45,Male,0,No,No,Fiber_optic,Yes,No,No,No,No,No,Yes,0,2020-02-01,276
7025-IWFHT,2016-09-01,No,One_year,Yes,Electronic_check,89.55,3729.75,Male,0,No,No,Fiber_optic,No,Yes,No,Yes,Yes,No,No,0,2020-02-01,1248
6261-LHRTG,2017-12-01,No,Month-to-month,Yes,Credit_card_(automatic),54.75,1406.9,Female,0,No,No,DSL,No,Yes,Yes,No,No,No,No,0,2020-02-01,792
7841-FCRQD,2017-05-01,No,One_year,Yes,Credit_card_(automatic),53.75,1857.3,Female,0,Yes,No,DSL,No,Yes,No,Yes,No,No,No,0,2020-02-01,1006
2056-EVGZL,2014-06-01,No,One_year,No,Credit_card_(automatic),105.75,7322.5,Male,0,Yes,Yes,Fiber_optic,No,Yes,Yes,Yes,Yes,Yes,No,0,2020-02-01,2071
8777-MBMTS,2014-09-01,No,Two_year,Yes,Credit_card_(automatic),105.85,6725.5,Female,1,Yes,No,Fiber_optic,No,Yes,Yes,Yes,Yes,Yes,No,0,2020-02-01,1979
7753-USQYQ,2015-07-01,No,One_year,Yes,Electronic_check,64.2,3627.3,Male,0,No,No,DSL,No,Yes,No,Yes,No,Yes,No,0,2020-02-01,1676
5366-IJEQJ,2018-02-01,2019-10-01 00:00:00,Month-to-month,Yes,Electronic_check,88.7,1761.45,Male,0,No,No,Fiber_optic,No,No,Yes,No,Yes,No,Yes,1,2019-10-01,607
7661-CPURM,2018-07-01,No,One_year,Yes,Credit_card_(automatic),87.7,1725.95,Male,0,No,No,Fiber_optic,No,No,No,Yes,No,Yes,No,0,2020-02-01,580
6233-HXJMX,2016-05-01,No,Month-to-month,Yes,Credit_card_(automatic),89.3,4192.15,Female,0,No,No,Fiber_optic,No,No,Yes,No,No,Yes,Yes,0,2020-02-01,1371
5902-WBLSE,2014-04-01,No,Two_year,Yes,Credit_card_(automatic),20.15,1411.2,Female,0,Yes,Yes,No,No,No,No,No,No,No,No,0,2020-02-01,2132
1981-INRFU,2019-10-01,2019-12-01 00:00:00,Month-to-month,Yes,Electronic_check,79.75,164.5,Female,0,No,No,Fiber_optic,No,No,No,No,Yes,No,No,1,2019-12-01,61
4971-PUYQO,2017-07-01,2019-10-01 00:00:00,Month-to-month,Yes,Mailed_check,94.55,2724.6,Female,0,No,No,Fiber_optic,No,No,No,No,Yes,Yes,Yes,1,2019-10-01,822
3239-TPHPZ,2019-02-01,No,Two_year,Yes,Electronic_check,20.05,264.55,Female,0,Yes,No,No,No,No,No,No,No,No,No,0,2020-02-01,365
5115-GZDEL,2014-02-01,No,Two_year,No,Credit_card_(automatic),67.2,4671.7,Male,0,No,Yes,DSL,Yes,Yes,Yes,Yes,Yes,Yes,No,0,2020-02-01,2191
3338-CVVEH,2019-02-01,No,Month-to-month,No,Electronic_check,94.55,1173.55,Male,0,No,No,Fiber_optic,No,No,No,No,Yes,Yes,Yes,0,2020-02-01,365
8485-GJCDN,2019-07-01,2019-12-01 00:00:00,Month-to-month,Yes,Mailed_check,69.05,318.5,Female,1,No,No,Fiber_optic,No,No,No,No,No,No,No,1,2019-12-01,153
2615-YVMYX,2014-03-01,No,Month-to-month,Yes,Electronic_check,107.5,7713.55,Male,1,Yes,No,Fiber_optic,Yes,Yes,Yes,No,Yes,Yes,Yes,0,2020-02-01,2163
2851-STERV,2017-03-01,No,One_year,Yes,Electronic_check,73.0,2471.25,Male,1,No,No,DSL,No,No,Yes,Yes,Yes,Yes,No,0,2020-02-01,1067
4393-GEADV,2014-04-01,No,Two_year,No,Credit_card_(automatic),114.75,7842.3,Male,0,Yes,Yes,Fiber_optic,Yes,Yes,Yes,Yes,Yes,Yes,Yes,0,2020-02-01,2132
8486-AYEQH,2017-07-01,No,Month-to-month,Yes,Electronic_check,76.05,2227.8,Female,0,No,No,Fiber_optic,No,No,No,No,No,No,Yes,0,2020-02-01,945
1527-SXDPN,2015-07-01,2019-11-01 00:00:00,Two_year,Yes,Bank_transfer_(automatic),96.25,4990.25,Male,0,Yes,Yes,Fiber_optic,No,No,Yes,Yes,No,Yes,Yes,1,2019-11-01,1584
6029-WTIPC,2016-10-01,2019-11-01 00:00:00,Month-to-month,Yes,Electronic_check,101.1,3744.05,Male,1,No,No,Fiber_optic,No,No,Yes,No,Yes,Yes,Yes,1,2019-11-01,1126
8634-CILSZ,2014-03-01,2019-12-01 00:00:00,One_year,Yes,Bank_transfer_(automatic),104.7,7220.35,Male,0,No,No,Fiber_optic,No,Yes,No,Yes,Yes,Yes,Yes,1,2019-12-01,2101
5419-JKZNQ,2017-08-01,No,Month-to-month,No,Mailed_check,77.9,2351.45,Male,1,Yes,No,Fiber_optic,No,No,No,No,No,No,Yes,0,2020-02-01,914
2495-KZNFB,2017-05-01,No,Month-to-month,Yes,Electronic_check,90.65,2989.6,Female,0,No,No,Fiber_optic,Yes,No,No,No,No,Yes,Yes,0,2020-02-01,1006
1409-PHXTF,2015-08-01,No,Two_year,Yes,Electronic_check,110.45,6077.75,Male,1,Yes,No,Fiber_optic,No,Yes,Yes,Yes,Yes,Yes,Yes,0,2020-02-01,1645
4560-WQAQW,2015-03-01,No,One_year,No,Bank_transfer_(automatic),68.7,4070.95,Female,0,No,No,DSL,Yes,No,No,Yes,No,Yes,Yes,0,2020-02-01,1798
9591-YVTEB,2015-07-01,No,Month-to-month,Yes,Electronic_check,44.85,2479.05,Male,1,No,No,DSL,Yes,Yes,No,No,Yes,No,No,0,2020-02-01,1676
9309-BZGNT,2014-05-01,No,One_year,Yes,Credit_card_(automatic),29.8,2134.3,Male,1,Yes,No,DSL,No,No,Yes,No,No,No,No,0,2020-02-01,2102
4274-DRSQT,2014-08-01,No,One_year,Yes,Bank_transfer_(automatic),88.9,6000.1,Female,0,No,No,Fiber_optic,No,Yes,No,No,Yes,No,Yes,0,2020-02-01,2010
2027-DNKIV,2017-01-01,No,One_year,Yes,Mailed_check,58.75,2203.1,Male,0,Yes,Yes,DSL,Yes,No,Yes,Yes,No,No,No,0,2020-02-01,1126
8075-GXIUB,2019-05-01,No,One_year,No,Credit_card_(automatic),19.85,183.15,Male,1,Yes,No,No,No,No,No,No,No,No,No,0,2020-02-01,276
2885-HIJDH,2014-05-01,No,Two_year,No,Bank_transfer_(automatic),86.9,6194.1,Male,0,Yes,Yes,DSL,Yes,No,Yes,Yes,Yes,Yes,Yes,0,2020-02-01,2102
5424-RLQLC,2019-04-01,No,Month-to-month,Yes,Mailed_check,59.65,638.95,Male,0,No,No,DSL,No,Yes,No,No,Yes,No,No,0,2020-02-01,306
6682-QJDGB,2016-07-01,2019-11-01 00:00:00,Month-to-month,Yes,Mailed_check,55.25,2139.2,Male,0,No,Yes,DSL,Yes,Yes,No,No,No,No,No,1,2019-11-01,1218
6507-DTJZV,2019-01-01,No,Month-to-month,No,Credit_card_(automatic),66.4,831.75,Male,0,No,Yes,DSL,No,No,No,No,Yes,Yes,No,0,2020-02-01,396
8780-IXSTS,2019-05-01,2019-11-01 00:00:00,Month-to-month,Yes,Electronic_check,90.1,521.3,Female,0,No,No,Fiber_optic,No,Yes,No,No,Yes,No,Yes,1,2019-11-01,184
7673-BQGKU,2014-05-01,No,Two_year,No,Bank_transfer_(automatic),20.15,1337.5,Female,0,Yes,Yes,No,No,No,No,No,No,No,No,0,2020-02-01,2102
6723-WSNTY,2014-08-01,No,One_year,Yes,Credit_card_(automatic),108.1,7181.95,Female,1,Yes,No,Fiber_optic,No,Yes,Yes,Yes,Yes,Yes,Yes,0,2020-02-01,2010
9530-EHPOH,2018-11-01,2019-10-01 00:00:00,Month-to-month,No,Electronic_check,53.75,608.0,Male,0,No,No,DSL,No,No,Yes,No,No,No,Yes,1,2019-10-01,334
2725-IWWBA,2016-04-01,No,One_year,No,Mailed_check,56.9,2560.1,Male,0,Yes,Yes,DSL,Yes,No,Yes,Yes,No,No,No,0,2020-02-01,1401
0345-HKJVM,2019-06-01,2019-12-01 00:00:00,Month-to-month,No,Electronic_check,89.3,577.6,Female,0,No,No,Fiber_optic,No,No,No,No,Yes,Yes,No,1,2019-12-01,183
1061-PNTHC,2015-06-01,No,Month-to-month,Yes,Mailed_check,109.6,5953.0,Female,0,Yes,Yes,Fiber_optic,Yes,No,Yes,Yes,Yes,Yes,Yes,0,2020-02-01,1706
0394-YONDK,2014-04-01,No,Two_year,No,Credit_card_(automatic),25.15,1790.15,Male,0,Yes,Yes,No,No,No,No,No,No,No,Yes,0,2020-02-01,2132
6574-MCOEH,2017-05-01,No,One_year,Yes,Electronic_check,79.15,2531.4,Female,0,Yes,Yes,DSL,No,No,Yes,Yes,Yes,Yes,Yes,0,2020-02-01,1006
7399-QHBJS,2014-02-01,No,Two_year,No,Credit_card_(automatic),66.75,4760.3,Female,0,Yes,Yes,DSL,Yes,Yes,No,Yes,No,No,Yes,0,2020-02-01,2191
3049-SOLAY,2019-10-01,2020-01-01 00:00:00,Month-to-month,Yes,Electronic_check,95.2,292.85,Female,0,Yes,No,Fiber_optic,No,No,No,No,Yes,Yes,Yes,1,2020-01-01,92
0997-YTLNY,2018-07-01,No,Month-to-month,No,Mailed_check,48.8,953.65,Female,0,No,Yes,DSL,No,No,No,Yes,No,No,No,0,2020-02-01,580
3317-HRTNN,2019-06-01,2019-11-01 00:00:00,Month-to-month,No,Electronic_check,45.7,198.0,Female,1,No,No,DSL,No,No,No,No,Yes,Yes,No,1,2019-11-01,153
9479-HYNYL,2014-03-01,No,Two_year,Yes,Credit_card_(automatic),80.7,5705.05,Female,0,Yes,No,DSL,No,Yes,Yes,Yes,Yes,Yes,No,0,2020-02-01,2163
3235-ETOOB,2019-04-01,2019-12-01 00:00:00,Month-to-month,Yes,Electronic_check,74.5,609.9,Male,0,Yes,No,Fiber_optic,Yes,No,No,No,No,No,No,1,2019-12-01,244
9708-KFDBY,2020-01-01,No,Month-to-month,No,Credit_card_(automatic),20.55,20.55,Male,0,No,No,No,No,No,No,No,No,No,No,0,2020-02-01,31
8058-INTPH,2019-10-01,2019-11-01 00:00:00,Month-to-month,Yes,Electronic_check,79.65,79.65,Female,0,No,No,Fiber_optic,No,No,No,No,Yes,No,No,1,2019-11-01,31
3642-GKTCT,2015-01-01,No,One_year,Yes,Mailed_check,115.1,6993.65,Female,0,No,No,Fiber_optic,Yes,Yes,Yes,Yes,Yes,Yes,Yes,0,2020-02-01,1857
0774-RMNUW,2014-03-01,No,Two_year,No,Bank_transfer_(automatic),59.7,4122.65,Female,0,Yes,Yes,DSL,Yes,Yes,No,Yes,Yes,Yes,No,0,2020-02-01,2163
1334-PDUKM,2014-06-01,No,One_year,No,Credit_card_(automatic),86.45,5762.95,Female,0,Yes,No,Fiber_optic,No,Yes,Yes,No,No,No,Yes,0,2020-02-01,2071
0756-MPZRL,2016-04-01,No,One_year,No,Credit_card_(automatic),33.7,1537.85,Male,0,No,No,DSL,No,No,Yes,Yes,No,No,No,0,2020-02-01,1401
2242-MFOTG,2017-05-01,No,One_year,No,Bank_transfer_(automatic),80.1,2603.3,Male,0,No,No,Fiber_optic,Yes,No,No,No,No,No,Yes,0,2020-02-01,1006
2927-CVULT,2015-09-01,No,Two_year,Yes,Bank_transfer_(automatic),104.05,5566.4,Female,0,Yes,Yes,Fiber_optic,Yes,Yes,Yes,Yes,No,Yes,Yes,0,2020-02-01,1614
2144-BFDSO,2015-12-01,No,Month-to-month,No,Bank_transfer_(automatic),108.75,5431.9,Female,1,Yes,No,Fiber_optic,Yes,Yes,Yes,No,Yes,Yes,Yes,0,2020-02-01,1523
8745-PVESG,2015-05-01,No,One_year,Yes,Credit_card_(automatic),41.1,2258.25,Female,0,No,No,DSL,Yes,No,Yes,Yes,No,No,No,0,2020-02-01,1737
7647-GYYKX,2015-08-01,No,Two_year,Yes,Bank_transfer_(automatic),20.35,1092.35,Female,0,Yes,Yes,No,No,No,No,No,No,No,No,0,2020-02-01,1645
5647-FXOTP,2015-02-01,No,Month-to-month,Yes,Electronic_check,105.9,6401.25,Female,1,Yes,No,Fiber_optic,No,Yes,Yes,No,Yes,Yes,Yes,0,2020-02-01,1826
5569-OUICF,2017-09-01,2020-01-01 00:00:00,Month-to-month,Yes,Credit_card_(automatic),101.3,2812.2,Female,1,Yes,No,Fiber_optic,No,No,No,Yes,Yes,Yes,Yes,1,2020-01-01,852
8821-XNHVZ,2019-12-01,2020-01-01 00:00:00,Month-to-month,Yes,Mailed_check,80.05,80.05,Female,0,Yes,Yes,Fiber_optic,No,No,No,No,Yes,No,No,1,2020-01-01,31
2082-OJVTK,2017-07-01,2019-12-01 00:00:00,Month-to-month,Yes,Electronic_check,89.2,2698.35,Male,0,Yes,Yes,Fiber_optic,No,No,Yes,No,No,Yes,Yes,1,2019-12-01,883
9700-ISPUP,2019-04-01,No,Month-to-month,Yes,Electronic_check,65.5,616.9,Female,0,Yes,Yes,DSL,No,Yes,No,Yes,No,Yes,No,0,2020-02-01,306
9839-ETQOE,2016-07-01,No,Month-to-month,Yes,Electronic_check,40.45,1912.85,Male,0,No,Yes,DSL,Yes,Yes,Yes,No,No,No,No,0,2020-02-01,1310
6078-VESFR,2019-01-01,No,Month-to-month,No,Bank_transfer_(automatic),70.45,849.1,Male,1,Yes,No,Fiber_optic,No,No,No,No,No,No,No,0,2020-02-01,396
9027-TMATR,2016-07-01,No,Two_year,Yes,Electronic_check,78.8,3460.3,Female,0,Yes,No,DSL,Yes,No,Yes,Yes,Yes,Yes,No,0,2020-02-01,1310
5940-NFXKV,2018-06-01,2020-01-01 00:00:00,Month-to-month,Yes,Electronic_check,83.65,1465.75,Male,0,Yes,Yes,Fiber_optic,No,No,No,No,No,Yes,Yes,1,2020-01-01,579
1941-HOSAM,2020-01-01,No,Month-to-month,Yes,Electronic_check,90.1,90.1,Male,0,Yes,Yes,Fiber_optic,No,No,No,No,Yes,Yes,No,0,2020-02-01,31
9110-HSGTV,2014-05-01,No,Two_year,Yes,Credit_card_(automatic),82.45,5555.3,Female,0,No,No,DSL,Yes,No,Yes,Yes,Yes,Yes,No,0,2020-02-01,2102
0704-VCUMB,2015-01-01,No,Two_year,No,Credit_card_(automatic),20.25,1278.8,Female,0,Yes,No,No,No,No,No,No,No,No,No,0,2020-02-01,1857
6171-ZTVYB,2016-07-01,No,Month-to-month,No,Bank_transfer_(automatic),66.25,2907.35,Male,0,Yes,No,DSL,Yes,Yes,No,Yes,No,No,Yes,0,2020-02-01,1310
8053-WWDRO,2019-07-01,2020-01-01 00:00:00,Month-to-month,No,Bank_transfer_(automatic),19.5,146.3,Female,0,Yes,No,No,No,No,No,No,No,No,No,1,2020-01-01,184
9564-KCLHR,2019-11-01,2019-12-01 00:00:00,Month-to-month,No,Mailed_check,51.25,51.25,Male,0,No,No,DSL,No,No,No,Yes,No,No,No,1,2019-12-01,30
1935-IMVBB,2015-06-01,No,Month-to-month,No,Mailed_check,89.7,4952.95,Male,0,Yes,No,Fiber_optic,No,No,No,No,Yes,Yes,No,0,2020-02-01,1706
2535-PBCGC,2014-04-01,No,Two_year,No,Bank_transfer_(automatic),64.55,4504.9,Female,0,Yes,No,DSL,Yes,Yes,Yes,Yes,Yes,Yes,No,0,2020-02-01,2132
2082-CEFLT,2019-09-01,2019-10-01 00:00:00,Month-to-month,Yes,Electronic_check,45.6,45.6,Male,0,No,No,DSL,No,No,No,No,No,No,No,1,2019-10-01,30
1470-PSXNM,2016-01-01,No,One_year,Yes,Electronic_check,93.65,4520.15,Male,0,Yes,Yes,Fiber_optic,No,Yes,Yes,No,Yes,No,Yes,0,2020-02-01,1492
1213-NGCUN,2019-06-01,2019-12-01 00:00:00,Month-to-month,Yes,Bank_transfer_(automatic),49.65,267.35,Female,0,No,No,DSL,No,No,No,Yes,No,No,No,1,2019-12-01,183
2498-XLDZR,2017-06-01,No,Two_year,No,Mailed_check,73.6,2316.85,Female,0,Yes,Yes,DSL,Yes,Yes,Yes,Yes,No,Yes,No,0,2020-02-01,975
9866-OCCKE,2014-02-01,No,Two_year,Yes,Mailed_check,109.75,8075.35,Female,1,Yes,No,Fiber_optic,Yes,No,Yes,Yes,Yes,Yes,Yes,0,2020-02-01,2191
5338-YHWYT,2017-01-01,No,Two_year,No,Credit_card_(automatic),61.45,2302.35,Male,0,No,Yes,DSL,Yes,Yes,No,Yes,No,No,No,0,2020-02-01,1126
7718-UPSKJ,2014-05-01,No,One_year,Yes,Credit_card_(automatic),106.4,7251.9,Female,0,Yes,No,Fiber_optic,Yes,Yes,No,Yes,Yes,Yes,No,0,2020-02-01,2102
8731-WBBMB,2017-12-01,No,Month-to-month,No,Bank_transfer_(automatic),81.9,2078.55,Female,0,Yes,No,DSL,No,Yes,Yes,Yes,Yes,Yes,No,0,2020-02-01,792
1448-CYWKC,2015-04-01,No,One_year,Yes,Credit_card_(automatic),105.2,6225.4,Female,0,Yes,Yes,Fiber_optic,No,Yes,Yes,No,Yes,Yes,Yes,0,2020-02-01,1767
7901-IIDQV,2018-02-01,No,One_year,No,Bank_transfer_(automatic),54.6,1242.25,Male,0,No,No,DSL,No,No,No,Yes,No,No,Yes,0,2020-02-01,730
2690-DVRVK,2019-09-01,No,One_year,No,Electronic_check,20.55,99.45,Male,0,Yes,Yes,No,No,No,No,No,No,No,No,0,2020-02-01,153
5688-KZTSN,2018-07-01,2019-10-01 00:00:00,Month-to-month,Yes,Electronic_check,20.0,288.05,Male,0,Yes,Yes,No,No,No,No,No,No,No,No,1,2019-10-01,457
1270-XKUCC,2017-08-01,No,Two_year,No,Mailed_check,19.7,599.25,Female,0,Yes,Yes,No,No,No,No,No,No,No,No,0,2020-02-01,914
0334-ZFJSR,2015-07-01,No,One_year,Yes,Credit_card_(automatic),66.05,3462.1,Female,0,Yes,No,DSL,Yes,Yes,No,Yes,No,No,Yes,0,2020-02-01,1676
2894-QOJRX,2017-09-01,2019-10-01 00:00:00,Month-to-month,Yes,Bank_transfer_(automatic),34.0,853.0,Female,0,Yes,No,DSL,No,No,No,No,Yes,No,No,1,2019-10-01,760
5747-PMBSQ,2018-12-01,2019-10-01 00:00:00,Month-to-month,Yes,Mailed_check,92.5,934.1,Male,1,Yes,No,Fiber_optic,No,Yes,Yes,Yes,Yes,No,No,1,2019-10-01,304
5583-EJXRD,2016-06-01,No,Two_year,Yes,Credit_card_(automatic),54.05,2375.2,Male,0,Yes,Yes,DSL,Yes,Yes,Yes,Yes,No,Yes,No,0,2020-02-01,1340
4565-EVZMJ,2016-03-01,No,One_year,Yes,Mailed_check,58.9,2813.05,Female,0,No,No,DSL,Yes,Yes,No,Yes,No,No,No,0,2020-02-01,1432
3143-JQEGI,2018-09-01,2019-10-01 00:00:00,Month-to-month,No,Electronic_check,88.35,1222.8,Female,0,Yes,Yes,Fiber_optic,No,No,No,No,Yes,Yes,No,1,2019-10-01,395
6386-SZZKH,2015-11-01,2019-12-01 00:00:00,Two_year,Yes,Bank_transfer_(automatic),107.95,5293.2,Female,0,Yes,Yes,Fiber_optic,No,Yes,Yes,Yes,Yes,Yes,Yes,1,2019-12-01,1491
3327-YBAKM,2014-10-01,No,One_year,Yes,Mailed_check,96.9,6314.35,Female,0,Yes,No,Fiber_optic,Yes,No,No,Yes,Yes,Yes,No,0,2020-02-01,1949
9441-QHEVC,2020-01-01,No,Month-to-month,No,Mailed_check,19.1,19.1,Male,0,No,No,No,No,No,No,No,No,No,No,0,2020-02-01,31
6705-LNMDD,2018-06-01,No,Month-to-month,No,Mailed_check,50.0,1003.05,Male,0,No,No,DSL,No,No,No,Yes,No,No,No,0,2020-02-01,610
2580-ASVVY,2017-01-01,No,Two_year,No,Electronic_check,45.4,1593.1,Female,0,Yes,No,DSL,Yes,No,No,Yes,Yes,No,No,0,2020-02-01,1126
3370-GQEAL,2017-08-01,No,Month-to-month,No,Electronic_check,85.45,2509.95,Male,0,Yes,Yes,Fiber_optic,No,No,No,No,Yes,No,Yes,0,2020-02-01,914
5032-USPKF,2016-12-01,No,One_year,No,Bank_transfer_(automatic),84.1,3187.65,Female,0,No,No,DSL,Yes,Yes,Yes,No,Yes,Yes,Yes,0,2020-02-01,1157
2982-IHMFT,2019-10-01,2019-11-01 00:00:00,Month-to-month,Yes,Mailed_check,74.45,74.45,Female,1,No,No,Fiber_optic,No,No,No,No,No,No,Yes,1,2019-11-01,31
3521-SYVOR,2016-09-01,2019-10-01 00:00:00,Month-to-month,Yes,Electronic_check,64.75,2345.2,Female,0,No,No,DSL,No,No,No,No,Yes,Yes,No,1,2019-10-01,1125
4254-QPEDE,2015-10-01,No,Two_year,No,Credit_card_(automatic),66.25,3330.1,Female,0,Yes,No,DSL,Yes,Yes,Yes,Yes,Yes,Yes,No,0,2020-02-01,1584
6283-GITPX,2014-03-01,No,Two_year,Yes,Credit_card_(automatic),76.9,5522.7,Male,0,No,Yes,DSL,Yes,Yes,Yes,Yes,Yes,No,No,0,2020-02-01,2163
9526-JAWYF,2017-11-01,2020-01-01 00:00:00,Month-to-month,No,Electronic_check,89.8,2335.3,Male,0,No,No,Fiber_optic,No,Yes,Yes,No,Yes,No,No,1,2020-01-01,791
0771-CHWSK,2014-08-01,No,Two_year,Yes,Credit_card_(automatic),74.6,4798.4,Male,0,No,No,DSL,Yes,Yes,Yes,No,No,Yes,Yes,0,2020-02-01,2010
9788-HNGUT,2014-02-01,No,Two_year,Yes,Credit_card_(automatic),116.95,8594.4,Male,0,Yes,No,Fiber_optic,Yes,Yes,Yes,Yes,Yes,Yes,Yes,0,2020-02-01,2191
9495-REDIY,2018-01-01,No,One_year,Yes,Credit_card_(automatic),40.65,970.55,Male,0,No,Yes,DSL,Yes,No,No,No,Yes,No,No,0,2020-02-01,761
5375-XLDOF,2014-05-01,No,Two_year,Yes,Bank_transfer_(automatic),114.35,7665.8,Male,0,Yes,Yes,Fiber_optic,Yes,Yes,Yes,Yes,Yes,Yes,Yes,0,2020-02-01,2102
1172-VIYBP,2015-09-01,No,Two_year,No,Bank_transfer_(automatic),69.7,3686.05,Male,0,Yes,Yes,DSL,Yes,Yes,No,No,No,Yes,Yes,0,2020-02-01,1614
5649-VUKMC,2018-12-01,2019-12-01 00:00:00,One_year,No,Mailed_check,95.5,1115.15,Female,0,No,No,Fiber_optic,No,No,Yes,No,Yes,Yes,No,1,2019-12-01,365
6559-PDZLR,2017-12-01,No,Month-to-month,Yes,Electronic_check,98.65,2537.0,Male,0,No,No,Fiber_optic,No,No,Yes,Yes,Yes,Yes,No,0,2020-02-01,792
8992-OBVDG,2018-05-01,No,Month-to-month,No,Mailed_check,61.65,1393.6,Male,0,No,No,DSL,No,No,Yes,No,No,Yes,No,0,2020-02-01,641
4273-MBHYA,2020-01-01,No,Month-to-month,Yes,Electronic_check,89.35,89.35,Female,0,No,Yes,Fiber_optic,No,No,No,No,Yes,Yes,No,0,2020-02-01,31
4724-WXVWF,2016-02-01,No,Month-to-month,Yes,Electronic_check,95.4,4445.3,Male,0,No,No,Fiber_optic,Yes,No,No,Yes,No,Yes,Yes,0,2020-02-01,1461
5701-GUXDC,2017-12-01,No,One_year,No,Credit_card_(automatic),35.4,978.6,Female,0,Yes,No,DSL,Yes,No,Yes,No,No,No,No,0,2020-02-01,792
1460-UZPRJ,2015-02-01,No,Two_year,No,Mailed_check,19.95,1258.15,Male,0,Yes,No,No,No,No,No,No,No,No,No,0,2020-02-01,1826
6082-GLJIX,2018-08-01,No,Month-to-month,No,Mailed_check,19.25,331.35,Male,0,No,No,No,No,No,No,No,No,No,No,0,2020-02-01,549
5143-EGQFK,2019-01-01,2019-11-01 00:00:00,Month-to-month,Yes,Electronic_check,29.65,291.4,Female,1,No,No,DSL,No,No,No,Yes,No,No,No,1,2019-11-01,304
4919-IKATY,2019-05-01,2019-10-01 00:00:00,Month-to-month,Yes,Electronic_check,84.5,453.75,Male,0,Yes,Yes,Fiber_optic,Yes,No,Yes,No,No,No,Yes,1,2019-10-01,153
2495-TTHBQ,2019-10-01,No,One_year,Yes,Mailed_check,20.4,84.75,Female,0,No,Yes,No,No,No,No,No,No,No,No,0,2020-02-01,123
0485-ZBSLN,2014-09-01,No,Two_year,No,Credit_card_(automatic),24.75,1715.1,Male,0,Yes,Yes,No,No,No,No,No,No,No,Yes,0,2020-02-01,1979
3810-PJUHR,2014-04-01,No,Two_year,No,Mailed_check,25.35,1715.15,Male,0,Yes,Yes,No,No,No,No,No,No,No,Yes,0,2020-02-01,2132
9050-QLROH,2018-05-01,2019-11-01 00:00:00,Month-to-month,Yes,Credit_card_(automatic),90.7,1597.25,Male,0,No,No,Fiber_optic,No,No,Yes,No,No,Yes,Yes,1,2019-11-01,549
0847-HGRML,2014-12-01,No,Two_year,No,Bank_transfer_(automatic),20.0,1250.1,Male,0,No,Yes,No,No,No,No,No,No,No,No,0,2020-02-01,1888
8232-CTLKO,2014-08-01,No,Two_year,Yes,Electronic_check,59.75,3996.8,Female,0,Yes,Yes,DSL,Yes,No,No,No,Yes,No,No,0,2020-02-01,2010
9227-YBAXE,2014-09-01,No,Two_year,Yes,Bank_transfer_(automatic),82.5,5215.1,Female,0,Yes,Yes,DSL,Yes,Yes,No,Yes,Yes,Yes,Yes,0,2020-02-01,1979
6168-WFVVF,2019-10-01,2020-01-01 00:00:00,Month-to-month,Yes,Electronic_check,70.3,235.5,Female,1,No,No,Fiber_optic,No,No,No,No,No,No,No,1,2020-01-01,92
9860-LISIZ,2017-04-01,No,Month-to-month,No,Mailed_check,20.35,673.2,Female,0,No,No,No,No,No,No,No,No,No,No,0,2020-02-01,1036
0112-QAWRZ,2018-10-01,No,Month-to-month,Yes,Bank_transfer_(automatic),90.8,1442.2,Male,0,Yes,Yes,Fiber_optic,No,No,Yes,No,Yes,No,Yes,0,2020-02-01,488
0877-SDMBN,2015-04-01,2019-10-01 00:00:00,One_year,Yes,Bank_transfer_(automatic),103.95,5639.05,Female,0,No,No,Fiber_optic,Yes,No,Yes,No,Yes,Yes,Yes,1,2019-10-01,1644
2786-GCDPI,2015-12-01,No,Month-to-month,Yes,Electronic_check,104.95,5222.35,Female,1,No,No,Fiber_optic,No,No,Yes,Yes,Yes,Yes,Yes,0,2020-02-01,1523
4043-MKDTV,2014-03-01,No,Two_year,Yes,Electronic_check,105.25,7291.75,Male,0,Yes,No,Fiber_optic,No,Yes,Yes,Yes,Yes,Yes,No,0,2020-02-01,2163
8065-YKXKD,2019-01-01,2019-11-01 00:00:00,Month-to-month,Yes,Electronic_check,74.75,799.65,Female,0,No,No,Fiber_optic,No,No,No,No,No,No,Yes,1,2019-11-01,304
9637-EIHEQ,2019-09-01,2019-10-01 00:00:00,Month-to-month,Yes,Electronic_check,50.8,50.8,Female,0,No,No,DSL,No,No,No,Yes,No,No,No,1,2019-10-01,30
9229-RQABD,2018-08-01,No,One_year,No,Mailed_check,23.75,424.5,Male,0,No,No,No,No,No,No,No,No,No,Yes,0,2020-02-01,549
8313-KTIHG,2019-10-01,No,Month-to-month,Yes,Electronic_check,61.3,249.4,Male,0,No,No,DSL,No,No,No,Yes,Yes,No,No,0,2020-02-01,123
5320-BRKGK,2015-04-01,No,Two_year,No,Mailed_check,75.8,4415.75,Female,0,Yes,Yes,DSL,Yes,No,Yes,Yes,Yes,No,Yes,0,2020-02-01,1767
6284-KMNUF,2015-06-01,No,One_year,Yes,Electronic_check,98.0,5270.6,Female,0,Yes,No,Fiber_optic,Yes,No,No,No,Yes,Yes,Yes,0,2020-02-01,1706
9689-PTNPG,2019-08-01,2019-10-01 00:00:00,Month-to-month,Yes,Electronic_check,80.25,144.55,Male,0,No,No,Fiber_optic,No,No,No,No,Yes,No,No,1,2019-10-01,61
9465-RWMXL,2017-03-01,2019-11-01 00:00:00,Month-to-month,Yes,Electronic_check,78.9,2447.95,Male,0,Yes,No,Fiber_optic,No,No,Yes,No,No,No,Yes,1,2019-11-01,975
6229-UOLQL,2015-06-01,No,One_year,Yes,Mailed_check,52.0,2884.9,Male,0,Yes,Yes,DSL,Yes,Yes,No,Yes,Yes,No,No,0,2020-02-01,1706
2362-IBOOY,2016-12-01,2019-12-01 00:00:00,Month-to-month,Yes,Electronic_check,84.75,3050.15,Male,0,No,No,Fiber_optic,No,No,No,No,No,Yes,Yes,1,2019-12-01,1095
3137-LUPIX,2019-10-01,No,Month-to-month,Yes,Mailed_check,64.4,253.0,Female,0,No,No,DSL,No,No,No,Yes,Yes,No,Yes,0,2020-02-01,123
0843-WTBXE,2015-06-01,2019-11-01 00:00:00,Month-to-month,No,Bank_transfer_(automatic),85.45,4517.25,Male,0,No,No,Fiber_optic,No,No,No,No,Yes,No,Yes,1,2019-11-01,1614
6143-JQKEA,2019-04-01,No,Month-to-month,Yes,Credit_card_(automatic),45.8,436.2,Male,0,No,No,DSL,No,No,No,No,No,No,No,0,2020-02-01,306
8676-OOQEJ,2019-10-01,No,Month-to-month,No,Electronic_check,30.5,118.4,Male,0,No,No,DSL,No,No,No,Yes,No,No,No,0,2020-02-01,123
5515-IDEJJ,2019-12-01,2020-01-01 00:00:00,Month-to-month,No,Mailed_check,19.9,19.9,Male,0,Yes,Yes,No,No,No,No,No,No,No,No,1,2020-01-01,31
9701-CDXHR,2015-11-01,No,Month-to-month,No,Mailed_check,69.15,3649.6,Female,0,Yes,No,Fiber_optic,No,No,No,No,No,No,No,0,2020-02-01,1553
7450-NWRTR,2018-12-01,2019-12-01 00:00:00,Month-to-month,Yes,Electronic_check,99.45,1200.15,Male,1,No,No,Fiber_optic,No,No,Yes,No,Yes,Yes,Yes,1,2019-12-01,365
8124-NZVGJ,2019-08-01,No,One_year,Yes,Mailed_check,49.25,255.6,Female,0,No,No,DSL,No,No,No,Yes,Yes,Yes,No,0,2020-02-01,184
2162-FRZAA,2014-11-01,No,Two_year,No,Bank_transfer_(automatic),39.35,2395.05,Male,0,Yes,Yes,DSL,No,Yes,Yes,Yes,No,No,No,0,2020-02-01,1918
5376-DEQCP,2019-12-01,2020-01-01 00:00:00,Month-to-month,Yes,Electronic_check,70.6,70.6,Female,0,No,No,Fiber_optic,No,No,No,No,No,No,No,1,2020-01-01,31
5118-MUEYH,2016-02-01,No,Month-to-month,Yes,Credit_card_(automatic),105.1,5083.55,Female,0,Yes,No,Fiber_optic,No,Yes,No,Yes,Yes,Yes,Yes,0,2020-02-01,1461
9095-HFAFX,2019-07-01,2019-12-01 00:00:00,Month-to-month,Yes,Credit_card_(automatic),81.0,389.6,Female,0,No,No,Fiber_optic,No,No,No,No,Yes,No,No,1,2019-12-01,153
5627-TVBPP,2017-03-01,No,One_year,Yes,Credit_card_(automatic),20.1,644.5,Female,0,No,Yes,No,No,No,No,No,No,No,No,0,2020-02-01,1067
2379-ENZGV,2019-07-01,2020-01-01 00:00:00,Month-to-month,Yes,Electronic_check,84.85,523.5,Male,0,No,No,Fiber_optic,No,Yes,No,No,Yes,No,No,1,2020-01-01,184
3936-QQFLL,2019-12-01,No,Month-to-month,No,Mailed_check,19.75,39.3,Male,0,No,No,No,No,No,No,No,No,No,No,0,2020-02-01,62
2589-AYCRP,2015-12-01,No,One_year,No,Bank_transfer_(automatic),19.75,989.05,Female,0,No,No,No,No,No,No,No,No,No,No,0,2020-02-01,1523
4067-HLYQI,2017-05-01,No,Month-to-month,Yes,Bank_transfer_(automatic),70.4,2406.1,Female,0,No,No,Fiber_optic,No,No,No,No,No,No,No,0,2020-02-01,1006
5124-EOGYE,2017-07-01,No,Two_year,No,Mailed_check,20.45,638.55,Male,0,No,No,No,No,No,No,No,No,No,No,0,2020-02-01,945
5057-RKGLH,2019-05-01,No,Two_year,No,Mailed_check,20.35,191.1,Female,0,Yes,Yes,No,No,No,No,No,No,No,No,0,2020-02-01,276
0292-WEGCH,2015-08-01,No,Month-to-month,Yes,Electronic_check,86.2,4524.05,Female,0,Yes,Yes,DSL,No,Yes,Yes,Yes,Yes,Yes,Yes,0,2020-02-01,1645
8910-ICHIU,2016-04-01,No,One_year,Yes,Credit_card_(automatic),95.65,4664.2,Female,0,No,No,Fiber_optic,Yes,Yes,Yes,No,Yes,No,No,0,2020-02-01,1401
4097-YODCF,2017-04-01,No,One_year,Yes,Electronic_check,103.8,3470.8,Male,0,No,Yes,Fiber_optic,Yes,Yes,No,No,Yes,Yes,Yes,0,2020-02-01,1036
9715-WZCLW,2014-03-01,No,Two_year,Yes,Electronic_check,97.2,6910.3,Male,0,Yes,Yes,Fiber_optic,Yes,No,No,No,Yes,Yes,Yes,0,2020-02-01,2163
9786-YWNHU,2014-11-01,No,Two_year,No,Mailed_check,63.55,4014.2,Female,0,Yes,Yes,DSL,Yes,Yes,Yes,Yes,No,No,No,0,2020-02-01,1918
6407-GSJNL,2015-11-01,No,Two_year,No,Bank_transfer_(automatic),24.95,1288.0,Female,0,No,No,No,No,No,No,No,No,No,Yes,0,2020-02-01,1553
6005-OBZPH,2017-11-01,2020-01-01 00:00:00,Month-to-month,Yes,Electronic_check,89.15,2277.65,Female,1,No,No,Fiber_optic,No,Yes,No,No,Yes,No,Yes,1,2020-01-01,791
4049-ZPALD,2014-10-01,No,Two_year,Yes,Bank_transfer_(automatic),99.0,6375.8,Female,0,Yes,No,Fiber_optic,Yes,No,Yes,No,Yes,Yes,No,0,2020-02-01,1949
7932-WPTDS,2019-10-01,2019-11-01 00:00:00,Month-to-month,Yes,Electronic_check,24.8,24.8,Female,1,Yes,No,DSL,No,No,No,No,No,No,No,1,2019-11-01,31
3733-UOCWF,2015-01-01,No,One_year,Yes,Bank_transfer_(automatic),85.55,5251.75,Male,1,Yes,No,Fiber_optic,No,Yes,No,Yes,No,No,Yes,0,2020-02-01,1857
6833-JMZYP,2018-11-01,No,Month-to-month,Yes,Credit_card_(automatic),94.0,1505.45,Female,0,No,No,Fiber_optic,No,No,Yes,No,Yes,Yes,No,0,2020-02-01,457
2722-VOJQL,2014-09-01,2020-01-01 00:00:00,One_year,Yes,Credit_card_(automatic),105.65,6903.1,Male,0,No,No,Fiber_optic,No,Yes,No,Yes,Yes,Yes,Yes,1,2020-01-01,1948
1310-QRITU,2018-08-01,No,Month-to-month,Yes,Electronic_check,50.3,913.3,Female,0,No,No,DSL,No,No,No,No,No,No,Yes,0,2020-02-01,549
8961-QDZZJ,2015-05-01,No,One_year,Yes,Electronic_check,95.0,5535.8,Female,0,Yes,Yes,Fiber_optic,No,Yes,No,No,Yes,Yes,No,0,2020-02-01,1737
9715-SBVSU,2018-12-01,No,Two_year,Yes,Bank_transfer_(automatic),61.4,815.55,Male,0,Yes,Yes,DSL,Yes,Yes,No,No,No,Yes,No,0,2020-02-01,427
8490-BXHEO,2018-08-01,No,Month-to-month,Yes,Credit_card_(automatic),80.55,1411.65,Male,1,No,No,Fiber_optic,No,Yes,No,No,No,No,Yes,0,2020-02-01,549
7173-TETGO,2014-02-01,No,Two_year,No,Bank_transfer_(automatic),78.5,5602.25,Female,1,Yes,No,Fiber_optic,Yes,No,No,No,No,No,Yes,0,2020-02-01,2191
7929-SKFGK,2014-04-01,No,Two_year,No,Credit_card_(automatic),114.3,8244.3,Male,0,Yes,No,Fiber_optic,Yes,Yes,Yes,Yes,Yes,Yes,Yes,0,2020-02-01,2132
2300-RQGOI,2016-12-01,No,Two_year,No,Mailed_check,20.05,741.5,Female,0,No,No,No,No,No,No,No,No,No,No,0,2020-02-01,1157
3563-SVYLG,2014-06-01,No,Two_year,No,Credit_card_(automatic),62.65,4375.8,Male,0,Yes,Yes,DSL,Yes,Yes,Yes,Yes,No,No,No,0,2020-02-01,2071
5228-EXCET,2018-11-01,2019-12-01 00:00:00,Month-to-month,Yes,Electronic_check,80.85,1008.7,Male,0,No,No,Fiber_optic,No,No,No,No,No,Yes,No,1,2019-12-01,395
6435-VWCCY,2014-09-01,No,Two_year,Yes,Credit_card_(automatic),92.7,5968.4,Male,1,Yes,No,Fiber_optic,Yes,Yes,No,No,Yes,No,Yes,0,2020-02-01,1979
4998-IKFSE,2017-08-01,No,Month-to-month,No,Electronic_check,100.45,3096.9,Female,0,No,No,Fiber_optic,No,No,Yes,No,Yes,Yes,Yes,0,2020-02-01,914
8630-QSGXK,2015-11-01,No,Two_year,Yes,Bank_transfer_(automatic),75.2,3901.25,Male,0,Yes,No,DSL,No,No,No,Yes,Yes,Yes,Yes,0,2020-02-01,1553
2455-USLMV,2017-07-01,No,Month-to-month,Yes,Credit_card_(automatic),84.75,2613.4,Female,0,No,No,Fiber_optic,Yes,No,Yes,No,No,No,Yes,0,2020-02-01,945
7394-FKDNK,2019-02-01,2019-11-01 00:00:00,Month-to-month,No,Electronic_check,89.45,853.1,Female,0,Yes,No,Fiber_optic,No,No,No,No,Yes,Yes,No,1,2019-11-01,273
9488-FVZCC,2014-02-01,No,Two_year,Yes,Bank_transfer_(automatic),79.5,5661.7,Female,0,Yes,Yes,DSL,Yes,Yes,Yes,Yes,No,Yes,Yes,0,2020-02-01,2191
6331-LWDTQ,2019-02-01,2019-12-01 00:00:00,Month-to-month,Yes,Credit_card_(automatic),72.15,794.25,Male,0,No,No,DSL,No,No,No,No,Yes,Yes,Yes,1,2019-12-01,303
5995-WWKKG,2017-01-01,No,One_year,Yes,Electronic_check,19.8,695.05,Female,0,No,No,No,No,No,No,No,No,No,No,0,2020-02-01,1126
1597-FZREH,2019-11-01,2020-01-01 00:00:00,Month-to-month,No,Electronic_check,76.4,160.8,Female,0,No,No,DSL,No,No,Yes,Yes,Yes,Yes,No,1,2020-01-01,61
7879-CGSFV,2015-07-01,No,One_year,Yes,Mailed_check,100.9,5552.05,Male,0,No,No,Fiber_optic,Yes,Yes,No,No,Yes,Yes,No,0,2020-02-01,1676
9921-EZKBY,2017-05-01,No,Month-to-month,Yes,Bank_transfer_(automatic),95.3,3275.15,Male,0,No,Yes,Fiber_optic,Yes,No,Yes,No,No,Yes,Yes,0,2020-02-01,1006
7432-FFVAR,2016-04-01,No,One_year,No,Bank_transfer_(automatic),90.95,4236.6,Female,0,Yes,Yes,Fiber_optic,No,No,Yes,Yes,No,Yes,No,0,2020-02-01,1401
7246-ZGQDF,2020-01-01,No,Month-to-month,No,Electronic_check,54.5,54.5,Female,0,No,Yes,DSL,Yes,No,No,Yes,No,No,No,0,2020-02-01,31
7000-WCEVQ,2018-05-01,2020-01-01 00:00:00,Month-to-month,Yes,Mailed_check,61.6,1174.35,Female,1,No,No,DSL,No,No,No,No,No,Yes,Yes,1,2020-01-01,610
0727-IWKVK,2019-02-01,2019-11-01 00:00:00,Month-to-month,Yes,Electronic_check,79.9,741.7,Male,0,Yes,No,Fiber_optic,No,Yes,Yes,No,No,No,No,1,2019-11-01,273
5959-BELXA,2017-05-01,2020-01-01 00:00:00,Month-to-month,Yes,Credit_card_(automatic),96.15,3019.25,Male,1,No,No,Fiber_optic,No,No,No,No,Yes,Yes,Yes,1,2020-01-01,975
4456-RHSNB,2018-07-01,No,Month-to-month,Yes,Bank_transfer_(automatic),49.6,962.9,Female,0,Yes,Yes,DSL,No,No,Yes,No,No,No,No,0,2020-02-01,580
3512-IZIKN,2013-12-01,2019-10-01 00:00:00,Two_year,No,Credit_card_(automatic),65.3,4759.75,Female,0,Yes,No,DSL,Yes,No,Yes,Yes,No,No,Yes,1,2019-10-01,2130
2481-SBOYW,2015-01-01,No,Two_year,Yes,Credit_card_(automatic),25.0,1498.35,Female,0,No,Yes,No,No,No,No,No,No,No,Yes,0,2020-02-01,1857
7109-MFBYV,2017-12-01,No,Month-to-month,No,Electronic_check,45.45,1233.15,Male,0,No,No,DSL,No,No,No,No,No,No,No,0,2020-02-01,792
1833-TCXKK,2016-05-01,No,Month-to-month,Yes,Bank_transfer_(automatic),107.75,4882.8,Male,0,Yes,No,Fiber_optic,No,Yes,Yes,No,Yes,Yes,Yes,0,2020-02-01,1371
1832-PEUTS,2014-12-01,No,Two_year,Yes,Credit_card_(automatic),89.1,5411.65,Male,0,Yes,Yes,Fiber_optic,No,No,Yes,No,Yes,No,Yes,0,2020-02-01,1888
6141-OOXUQ,2019-09-01,2019-10-01 00:00:00,Month-to-month,No,Mailed_check,19.65,19.65,Male,0,No,No,No,No,No,No,No,No,No,No,1,2019-10-01,30
8660-BUETV,2019-11-01,No,Month-to-month,No,Mailed_check,44.75,148.05,Female,0,No,No,DSL,No,No,No,No,No,No,No,0,2020-02-01,92
0580-PIQHM,2016-09-01,No,One_year,Yes,Bank_transfer_(automatic),101.6,3930.55,Female,0,Yes,Yes,Fiber_optic,Yes,Yes,Yes,No,No,Yes,Yes,0,2020-02-01,1248
5696-CEIQJ,2014-07-01,No,Two_year,No,Bank_transfer_(automatic),103.15,6895.5,Male,0,Yes,Yes,Fiber_optic,No,Yes,Yes,Yes,Yes,Yes,No,0,2020-02-01,2041
7503-ZGUZJ,2019-12-01,2020-01-01 00:00:00,Month-to-month,Yes,Mailed_check,84.65,84.65,Male,0,No,No,Fiber_optic,No,No,No,No,Yes,No,Yes,1,2020-01-01,31
1696-HXOWK,2014-03-01,No,One_year,No,Mailed_check,95.65,6856.95,Female,0,Yes,No,Fiber_optic,Yes,Yes,No,No,Yes,No,Yes,0,2020-02-01,2163
3026-ATZYV,2017-01-01,No,One_year,No,Bank_transfer_(automatic),75.1,2658.8,Female,0,Yes,Yes,DSL,Yes,Yes,No,No,Yes,Yes,No,0,2020-02-01,1126
4012-YCFAI,2015-02-01,No,Two_year,Yes,Mailed_check,61.35,3766.2,Male,0,Yes,No,DSL,Yes,Yes,No,Yes,No,No,No,0,2020-02-01,1826
2506-TNFCO,2019-10-01,2019-11-01 00:00:00,Month-to-month,Yes,Electronic_check,69.55,69.55,Female,1,Yes,No,Fiber_optic,No,No,No,No,No,No,No,1,2019-11-01,31
9970-QBCDA,2019-08-01,No,Month-to-month,No,Credit_card_(automatic),19.7,129.55,Female,0,No,No,No,No,No,No,No,No,No,No,0,2020-02-01,184
8718-PTMEZ,2018-12-01,2020-01-01 00:00:00,Month-to-month,Yes,Electronic_check,31.05,347.25,Female,0,No,No,DSL,No,Yes,No,No,No,No,No,1,2020-01-01,396
9496-IVVRP,2019-03-01,No,Month-to-month,No,Bank_transfer_(automatic),51.0,581.7,Female,0,Yes,Yes,DSL,Yes,No,No,No,No,No,No,0,2020-02-01,337
2207-OBZNX,2019-05-01,2019-12-01 00:00:00,Month-to-month,Yes,Mailed_check,51.0,354.05,Male,0,No,No,DSL,Yes,No,No,No,No,No,No,1,2019-12-01,214
2657-VPXTA,2019-04-01,No,Month-to-month,Yes,Electronic_check,88.85,929.45,Female,0,Yes,Yes,Fiber_optic,No,No,No,No,Yes,Yes,No,0,2020-02-01,306
6551-VLJMV,2017-04-01,No,Two_year,No,Credit_card_(automatic),20.05,679.0,Male,0,Yes,No,No,No,No,No,No,No,No,No,0,2020-02-01,1036
1221-GHZEP,2014-12-01,No,Two_year,Yes,Mailed_check,65.1,3846.75,Female,0,No,No,DSL,Yes,No,No,Yes,No,Yes,No,0,2020-02-01,1888
9289-LBQVU,2014-10-01,No,One_year,Yes,Mailed_check,70.15,4480.7,Male,0,Yes,No,DSL,No,Yes,No,Yes,No,Yes,Yes,0,2020-02-01,1949
6142-VSJQO,2019-11-01,2019-12-01 00:00:00,Month-to-month,Yes,Bank_transfer_(automatic),44.35,44.35,Female,0,Yes,Yes,DSL,No,No,No,No,No,No,No,1,2019-12-01,30
3458-IDMFK,2018-01-01,No,Two_year,Yes,Mailed_check,20.75,499.4,Male,0,No,No,No,No,No,No,No,No,No,No,0,2020-02-01,761
6933-FHBZC,2017-12-01,No,One_year,Yes,Mailed_check,56.05,1553.2,Female,0,No,No,DSL,No,Yes,Yes,No,No,No,No,0,2020-02-01,792
0221-NAUXK,2019-04-01,No,One_year,Yes,Bank_transfer_(automatic),19.95,219.5,Male,0,No,Yes,No,No,No,No,No,No,No,No,0,2020-02-01,306
9770-KXGQU,2015-09-01,No,One_year,No,Mailed_check,98.6,5311.85,Female,0,No,No,Fiber_optic,Yes,Yes,Yes,No,Yes,No,Yes,0,2020-02-01,1614
6437-UKHMV,2019-03-01,2019-10-01 00:00:00,Month-to-month,Yes,Electronic_check,79.7,586.05,Female,0,No,No,Fiber_optic,No,No,No,No,Yes,No,No,1,2019-10-01,214
6538-POCHL,2017-05-01,No,Month-to-month,Yes,Credit_card_(automatic),79.0,2576.8,Male,0,No,No,Fiber_optic,No,Yes,Yes,No,No,No,No,0,2020-02-01,1006
6726-NNFWD,2014-03-01,No,Two_year,No,Credit_card_(automatic),89.45,6435.25,Female,1,Yes,No,Fiber_optic,No,Yes,Yes,No,No,Yes,No,0,2020-02-01,2163
3002-WQZWT,2017-09-01,No,Month-to-month,Yes,Electronic_check,74.2,1993.25,Female,0,No,No,Fiber_optic,No,No,No,No,No,No,Yes,0,2020-02-01,883
4277-UDIEF,2018-02-01,No,Month-to-month,No,Bank_transfer_(automatic),81.0,1923.85,Male,0,Yes,Yes,DSL,Yes,No,No,Yes,Yes,Yes,Yes,0,2020-02-01,730
1208-NBVFH,2018-06-01,No,Month-to-month,Yes,Electronic_check,49.6,939.8,Male,0,Yes,Yes,DSL,No,No,Yes,No,No,No,No,0,2020-02-01,610
4912-PIGUY,2020-01-01,No,Month-to-month,Yes,Electronic_check,84.6,84.6,Female,0,No,No,Fiber_optic,No,No,No,No,Yes,No,Yes,0,2020-02-01,31
1114-CENIM,2015-04-01,2019-10-01 00:00:00,Month-to-month,Yes,Credit_card_(automatic),55.0,3092.65,Male,0,No,Yes,DSL,No,Yes,No,No,No,No,Yes,1,2019-10-01,1644
6060-DRTNL,2019-05-01,2019-10-01 00:00:00,Month-to-month,Yes,Mailed_check,84.85,415.55,Female,1,No,No,Fiber_optic,No,No,Yes,No,Yes,No,No,1,2019-10-01,153
2725-TTRIQ,2014-02-01,No,Two_year,Yes,Bank_transfer_(automatic),84.2,5986.55,Female,0,Yes,Yes,DSL,Yes,No,Yes,Yes,Yes,Yes,Yes,0,2020-02-01,2191
3374-TTZTK,2015-10-01,No,Two_year,Yes,Electronic_check,106.3,5487.0,Male,0,Yes,No,Fiber_optic,Yes,Yes,Yes,Yes,Yes,Yes,No,0,2020-02-01,1584
8990-ZXLSU,2019-05-01,No,Month-to-month,No,Electronic_check,69.05,651.5,Female,0,No,No,Fiber_optic,No,No,No,No,No,No,No,0,2020-02-01,276
2275-RBYQS,2020-01-01,No,Month-to-month,Yes,Mailed_check,45.4,45.4,Female,0,No,No,DSL,No,No,No,No,No,No,No,0,2020-02-01,31
8473-VUVJN,2019-09-01,2019-10-01 00:00:00,Month-to-month,Yes,Electronic_check,73.65,73.65,Male,1,No,No,Fiber_optic,No,No,No,No,No,No,Yes,1,2019-10-01,30
6289-CPNLD,2017-03-01,2019-12-01 00:00:00,One_year,Yes,Mailed_check,73.9,2405.05,Male,0,Yes,Yes,DSL,No,No,Yes,Yes,Yes,Yes,No,1,2019-12-01,1005
5536-SLHPM,2015-06-01,2020-01-01 00:00:00,Month-to-month,Yes,Electronic_check,77.75,4458.15,Female,0,Yes,No,Fiber_optic,No,No,Yes,No,No,No,Yes,1,2020-01-01,1675
4419-UJMUS,2014-05-01,No,Two_year,Yes,Electronic_check,99.35,6856.45,Male,0,Yes,Yes,Fiber_optic,No,No,No,Yes,Yes,Yes,Yes,0,2020-02-01,2102
7794-JASDG,2020-01-01,No,Month-to-month,Yes,Mailed_check,50.75,50.75,Male,0,No,No,DSL,Yes,No,No,No,No,No,No,0,2020-02-01,31
7609-YBPXG,2015-08-01,No,Two_year,No,Bank_transfer_(automatic),87.1,4735.2,Male,0,No,No,DSL,Yes,No,Yes,Yes,Yes,Yes,Yes,0,2020-02-01,1645
5519-TEEUH,2017-05-01,No,One_year,Yes,Mailed_check,20.15,682.15,Male,0,No,Yes,No,No,No,No,No,No,No,No,0,2020-02-01,1006
7856-GANIL,2016-05-01,No,One_year,Yes,Bank_transfer_(automatic),98.7,4525.8,Male,1,Yes,No,Fiber_optic,No,Yes,Yes,Yes,Yes,No,Yes,0,2020-02-01,1371
0804-XBFBV,2019-03-01,No,Month-to-month,No,Electronic_check,25.2,321.05,Female,0,No,Yes,DSL,No,No,No,No,No,No,No,0,2020-02-01,337
2676-OXPPQ,2019-08-01,No,Month-to-month,Yes,Bank_transfer_(automatic),55.7,335.65,Male,0,No,No,DSL,Yes,Yes,No,No,No,No,No,0,2020-02-01,184
3703-TTEPD,2018-05-01,No,Month-to-month,No,Bank_transfer_(automatic),65.35,1424.4,Male,0,No,No,DSL,Yes,No,Yes,No,Yes,No,No,0,2020-02-01,641
2799-TSLAG,2014-09-01,No,Two_year,Yes,Bank_transfer_(automatic),25.3,1748.55,Female,0,Yes,Yes,No,No,No,No,No,No,No,Yes,0,2020-02-01,1979
0196-VULGZ,2019-06-01,2019-12-01 00:00:00,Month-to-month,Yes,Electronic_check,84.35,474.9,Female,1,Yes,No,Fiber_optic,No,No,No,No,No,Yes,Yes,1,2019-12-01,183
8837-VVWLQ,2019-02-01,2019-10-01 00:00:00,Month-to-month,No,Electronic_check,84.95,668.4,Female,0,No,No,Fiber_optic,Yes,No,No,No,Yes,No,No,1,2019-10-01,242
2696-NARTR,2018-12-01,2019-11-01 00:00:00,Month-to-month,Yes,Electronic_check,73.85,926.25,Male,0,No,No,Fiber_optic,No,No,No,Yes,No,No,No,1,2019-11-01,335
2208-NKVVH,2016-07-01,No,Two_year,No,Mailed_check,24.25,1077.95,Male,0,Yes,Yes,No,No,No,No,No,No,No,Yes,0,2020-02-01,1310
7614-QVWQL,2015-09-01,2019-10-01 00:00:00,One_year,Yes,Bank_transfer_(automatic),51.8,2541.25,Male,0,Yes,Yes,DSL,No,Yes,No,No,Yes,Yes,No,1,2019-10-01,1491
1976-CFOCS,2019-12-01,2020-01-01 00:00:00,Month-to-month,No,Electronic_check,46.0,46.0,Female,1,Yes,No,DSL,No,No,No,No,No,No,No,1,2020-01-01,31
4631-OACRM,2018-09-01,2019-12-01 00:00:00,Month-to-month,Yes,Electronic_check,79.4,1156.1,Male,1,No,No,Fiber_optic,No,No,No,No,No,Yes,No,1,2019-12-01,456
7139-JZFVG,2015-02-01,No,Two_year,No,Bank_transfer_(automatic),60.5,3694.45,Male,0,Yes,Yes,DSL,Yes,Yes,Yes,No,No,No,No,0,2020-02-01,1826
4987-GQWPO,2018-09-01,No,Month-to-month,No,Credit_card_(automatic),25.1,382.8,Male,0,No,No,DSL,No,No,No,No,No,No,No,0,2020-02-01,518
3755-JBMNH,2018-09-01,2020-01-01 00:00:00,Month-to-month,Yes,Bank_transfer_(automatic),71.8,1167.8,Male,1,Yes,No,Fiber_optic,No,No,No,No,No,No,No,1,2020-01-01,487
1757-TCATG,2017-03-01,No,One_year,No,Bank_transfer_(automatic),20.05,746.75,Male,0,Yes,Yes,No,No,No,No,No,No,No,No,0,2020-02-01,1067
6345-ULYRW,2016-02-01,2019-10-01 00:00:00,One_year,No,Mailed_check,88.4,3912.9,Male,1,Yes,No,Fiber_optic,No,Yes,No,No,No,Yes,Yes,1,2019-10-01,1338
4776-XSKYQ,2019-02-01,No,One_year,No,Credit_card_(automatic),30.25,368.85,Female,0,Yes,Yes,DSL,No,No,No,Yes,No,No,No,0,2020-02-01,365
8048-DSDFQ,2020-01-01,No,Month-to-month,No,Mailed_check,20.2,20.2,Male,0,No,No,No,No,No,No,No,No,No,No,0,2020-02-01,31
5753-QQWPW,2017-10-01,No,One_year,Yes,Electronic_check,59.9,1654.7,Female,0,No,No,DSL,Yes,Yes,No,Yes,No,No,No,0,2020-02-01,853
6010-DDPPW,2014-04-01,No,Two_year,No,Bank_transfer_(automatic),25.15,1940.85,Male,0,Yes,No,No,No,No,No,No,No,No,Yes,0,2020-02-01,2132
1809-DMJHQ,2019-07-01,2019-12-01 00:00:00,Month-to-month,No,Mailed_check,46.0,221.7,Female,0,No,Yes,DSL,No,No,No,No,No,No,No,1,2019-12-01,153
6693-FRIRW,2018-08-01,No,Month-to-month,No,Credit_card_(automatic),101.3,1794.65,Male,0,No,No,Fiber_optic,No,Yes,Yes,No,Yes,Yes,No,0,2020-02-01,549
6586-MYGKD,2014-04-01,No,Two_year,Yes,Credit_card_(automatic),76.95,5289.8,Male,0,Yes,No,DSL,Yes,No,No,Yes,Yes,Yes,Yes,0,2020-02-01,2132
3173-NVMPX,2019-05-01,No,Month-to-month,Yes,Mailed_check,55.3,501.2,Female,0,Yes,Yes,DSL,No,Yes,No,No,No,No,Yes,0,2020-02-01,276
0248-PGHBZ,2014-07-01,No,Two_year,Yes,Bank_transfer_(automatic),92.45,6140.85,Female,1,No,No,Fiber_optic,Yes,Yes,No,Yes,Yes,No,No,0,2020-02-01,2041
0623-GDISB,2020-01-01,No,Month-to-month,Yes,Bank_transfer_(automatic),48.45,48.45,Female,0,No,No,DSL,Yes,No,No,No,No,No,No,0,2020-02-01,31
2892-GESUL,2018-08-01,No,Two_year,No,Mailed_check,19.35,309.25,Female,0,Yes,Yes,No,No,No,No,No,No,No,No,0,2020-02-01,549
6923-EFPNL,2019-08-01,2019-12-01 00:00:00,Month-to-month,No,Credit_card_(automatic),51.75,201.1,Male,0,No,No,DSL,No,No,No,No,No,No,Yes,1,2019-12-01,122
7472-EQOAV,2014-03-01,No,One_year,Yes,Bank_transfer_(automatic),86.7,6179.35,Male,1,Yes,Yes,Fiber_optic,Yes,Yes,Yes,No,No,No,No,0,2020-02-01,2163
9574-RKJIF,2017-06-01,2019-12-01 00:00:00,Month-to-month,Yes,Electronic_check,94.4,2838.7,Male,0,Yes,Yes,Fiber_optic,Yes,Yes,No,No,Yes,No,Yes,1,2019-12-01,913
2043-WVTQJ,2020-01-01,No,Month-to-month,No,Mailed_check,55.7,55.7,Male,0,Yes,No,DSL,Yes,No,Yes,No,No,No,No,0,2020-02-01,31
8034-RYTVV,2015-07-01,No,One_year,Yes,Credit_card_(automatic),84.25,4589.85,Female,0,No,No,Fiber_optic,Yes,No,Yes,No,No,No,Yes,0,2020-02-01,1676
3863-QSTYI,2015-03-01,No,Month-to-month,Yes,Electronic_check,64.65,3735.45,Male,0,No,No,DSL,No,No,Yes,Yes,Yes,No,No,0,2020-02-01,1798
2619-WFQWU,2019-12-01,2020-01-01 00:00:00,Month-to-month,Yes,Mailed_check,70.15,70.15,Female,0,No,No,Fiber_optic,No,No,No,No,No,No,No,1,2020-01-01,31
5044-LRQAQ,2019-07-01,No,Month-to-month,Yes,Bank_transfer_(automatic),69.2,477.55,Female,0,Yes,No,Fiber_optic,No,No,No,No,No,No,No,0,2020-02-01,215
1716-LSAMB,2016-05-01,No,Two_year,No,Bank_transfer_(automatic),54.65,2553.7,Male,0,Yes,Yes,DSL,Yes,No,No,Yes,No,No,No,0,2020-02-01,1371
1333-PBMXB,2015-08-01,No,One_year,Yes,Bank_transfer_(automatic),24.75,1342.15,Female,0,Yes,Yes,No,No,No,No,No,No,No,Yes,0,2020-02-01,1645
6546-OPBBH,2015-11-01,No,One_year,Yes,Mailed_check,23.95,1216.35,Male,0,Yes,Yes,No,No,No,No,No,No,No,Yes,0,2020-02-01,1553
5985-BEHZK,2014-02-01,No,One_year,No,Credit_card_(automatic),105.0,7578.05,Female,1,Yes,No,Fiber_optic,No,Yes,Yes,No,Yes,Yes,Yes,0,2020-02-01,2191
9127-QRZMH,2016-06-01,No,One_year,Yes,Bank_transfer_(automatic),59.85,2603.95,Male,0,Yes,No,DSL,Yes,Yes,No,Yes,No,No,No,0,2020-02-01,1340
5919-VCZYM,2019-12-01,No,Month-to-month,No,Mailed_check,20.05,42.7,Male,0,No,No,No,No,No,No,No,No,No,No,0,2020-02-01,62
9644-KVCNC,2014-08-01,No,One_year,Yes,Bank_transfer_(automatic),92.15,6056.9,Female,0,No,No,Fiber_optic,No,No,Yes,No,Yes,No,Yes,0,2020-02-01,2010
2137-DQMEV,2014-06-01,No,One_year,No,Mailed_check,44.8,2983.65,Male,0,Yes,Yes,DSL,Yes,Yes,No,No,Yes,No,No,0,2020-02-01,2071
8174-LNWMW,2017-07-01,No,Two_year,No,Credit_card_(automatic),20.9,689.35,Female,0,No,No,No,No,No,No,No,No,No,No,0,2020-02-01,945
9279-CJEOJ,2018-05-01,No,Month-to-month,Yes,Bank_transfer_(automatic),95.4,2025.1,Female,1,No,No,Fiber_optic,No,No,No,No,Yes,Yes,Yes,0,2020-02-01,641
7964-VEXDG,2018-05-01,No,Month-to-month,No,Electronic_check,80.35,1747.2,Male,0,No,Yes,Fiber_optic,Yes,No,No,No,No,No,Yes,0,2020-02-01,641
2404-JIBFC,2015-07-01,No,Two_year,Yes,Bank_transfer_(automatic),85.1,4657.95,Female,0,Yes,Yes,DSL,Yes,No,Yes,Yes,Yes,Yes,Yes,0,2020-02-01,1676
0778-NELLA,2019-04-01,2020-01-01 00:00:00,Month-to-month,Yes,Credit_card_(automatic),34.7,296.1,Male,0,No,No,DSL,No,No,No,No,Yes,No,No,1,2020-01-01,275
8029-XYPWT,2014-03-01,No,Two_year,Yes,Bank_transfer_(automatic),115.05,8016.6,Male,1,Yes,No,Fiber_optic,Yes,Yes,Yes,Yes,Yes,Yes,Yes,0,2020-02-01,2163
4614-NUVZD,2019-11-01,2019-12-01 00:00:00,Month-to-month,Yes,Electronic_check,81.1,81.1,Female,0,No,No,Fiber_optic,No,No,No,No,No,Yes,No,1,2019-12-01,30
4632-PAOYU,2018-04-01,No,One_year,No,Mailed_check,19.95,433.5,Male,0,Yes,Yes,No,No,No,No,No,No,No,No,0,2020-02-01,671
3803-KMQFW,2019-12-01,2020-01-01 00:00:00,Month-to-month,No,Mailed_check,20.55,20.55,Female,0,Yes,Yes,No,No,No,No,No,No,No,No,1,2020-01-01,31
6804-GDMOI,2014-12-01,2020-01-01 00:00:00,Two_year,Yes,Electronic_check,106.6,6428.4,Female,0,No,No,Fiber_optic,No,No,Yes,Yes,Yes,Yes,Yes,1,2020-01-01,1857
2990-OGYTD,2014-07-01,No,Two_year,No,Bank_transfer_(automatic),86.15,5883.85,Female,0,Yes,No,DSL,No,Yes,Yes,Yes,Yes,Yes,Yes,0,2020-02-01,2041
6646-JPPHA,2018-12-01,No,Month-to-month,No,Electronic_check,78.85,1043.8,Female,1,No,No,Fiber_optic,Yes,Yes,No,No,No,No,No,0,2020-02-01,427
9572-MTILT,2015-01-01,2019-12-01 00:00:00,Month-to-month,Yes,Electronic_check,106.75,6252.9,Male,0,Yes,No,Fiber_optic,Yes,Yes,Yes,Yes,Yes,No,Yes,1,2019-12-01,1795
7658-UYUQS,2018-05-01,No,Month-to-month,No,Bank_transfer_(automatic),86.55,1857.25,Male,1,Yes,No,Fiber_optic,No,No,Yes,No,Yes,No,No,0,2020-02-01,641
7880-XSOJX,2019-10-01,No,Month-to-month,No,Mailed_check,42.4,146.4,Male,0,No,No,DSL,Yes,Yes,No,Yes,No,No,No,0,2020-02-01,123
9611-CTWIH,2019-10-01,2020-01-01 00:00:00,Month-to-month,Yes,Electronic_check,89.45,240.45,Female,0,No,No,Fiber_optic,No,No,No,No,Yes,Yes,No,1,2020-01-01,92
4589-IUAJB,2014-04-01,No,Two_year,No,Bank_transfer_(automatic),24.25,1724.15,Male,0,Yes,No,No,No,No,No,No,No,No,Yes,0,2020-02-01,2132
0329-GTIAJ,2019-07-01,2019-10-01 00:00:00,Month-to-month,Yes,Electronic_check,97.9,315.3,Female,0,No,No,Fiber_optic,No,Yes,No,Yes,Yes,Yes,No,1,2019-10-01,92
8746-BFOAJ,2018-05-01,No,One_year,No,Bank_transfer_(automatic),20.5,429.55,Male,1,No,No,No,No,No,No,No,No,No,No,0,2020-02-01,641
8457-XIGKN,2018-06-01,No,Month-to-month,Yes,Credit_card_(automatic),19.6,356.15,Male,0,No,No,No,No,No,No,No,No,No,No,0,2020-02-01,610
6072-NUQCB,2018-04-01,No,One_year,No,Bank_transfer_(automatic),20.25,488.25,Male,0,Yes,Yes,No,No,No,No,No,No,No,No,0,2020-02-01,671
6629-CZTTH,2019-12-01,2020-01-01 00:00:00,Month-to-month,Yes,Mailed_check,55.7,55.7,Male,0,No,No,DSL,No,No,No,No,No,Yes,No,1,2020-01-01,31
8838-GPHZP,2014-11-01,No,Two_year,Yes,Mailed_check,20.6,1298.7,Female,0,No,No,No,No,No,No,No,No,No,No,0,2020-02-01,1918
8750-QWZAJ,2014-04-01,No,Two_year,No,Bank_transfer_(automatic),19.8,1378.75,Female,0,Yes,Yes,No,No,No,No,No,No,No,No,0,2020-02-01,2132
5364-EVNIB,2018-12-01,2020-01-01 00:00:00,Month-to-month,Yes,Electronic_check,79.8,973.45,Male,0,No,No,Fiber_optic,No,Yes,Yes,No,No,No,No,1,2020-01-01,396
6918-UMQCG,2019-09-01,No,Month-to-month,No,Electronic_check,80.2,384.25,Female,0,No,No,Fiber_optic,No,No,No,No,Yes,No,No,0,2020-02-01,153
0675-NCDYU,2014-02-01,No,Two_year,Yes,Credit_card_(automatic),116.4,8543.25,Female,0,Yes,Yes,Fiber_optic,Yes,Yes,Yes,Yes,Yes,Yes,Yes,0,2020-02-01,2191
6339-DKLMK,2019-01-01,No,Month-to-month,Yes,Electronic_check,31.65,389.95,Female,0,No,No,DSL,No,Yes,No,No,No,No,No,0,2020-02-01,396
1346-PJWTK,2015-01-01,No,Month-to-month,No,Credit_card_(automatic),94.15,5731.85,Male,0,Yes,No,Fiber_optic,No,Yes,Yes,Yes,No,Yes,No,0,2020-02-01,1857
5088-QZLRL,2020-01-01,No,Month-to-month,No,Electronic_check,20.65,20.65,Male,0,No,No,No,No,No,No,No,No,No,No,0,2020-02-01,31
8023-QHAIO,2015-06-01,No,Month-to-month,Yes,Bank_transfer_(automatic),76.85,4275.75,Female,1,Yes,No,Fiber_optic,No,No,No,Yes,No,No,Yes,0,2020-02-01,1706
4397-FRLTA,2019-10-01,No,Month-to-month,No,Mailed_check,20.15,84.5,Female,0,No,No,No,No,No,No,No,No,No,No,0,2020-02-01,123
3057-VJJQE,2017-03-01,No,Two_year,No,Mailed_check,55.25,1924.1,Male,0,No,No,DSL,Yes,No,No,No,No,No,Yes,0,2020-02-01,1067
5087-SUURX,2018-07-01,2020-01-01 00:00:00,Month-to-month,Yes,Electronic_check,39.05,669.85,Female,0,Yes,No,DSL,No,No,Yes,No,Yes,No,No,1,2020-01-01,549
2302-OUZXB,2014-02-01,No,Two_year,No,Bank_transfer_(automatic),82.15,5784.3,Male,0,Yes,No,DSL,No,Yes,Yes,No,Yes,Yes,Yes,0,2020-02-01,2191
8133-ANHHJ,2016-01-01,No,One_year,No,Bank_transfer_(automatic),103.0,5166.2,Female,1,No,No,Fiber_optic,Yes,Yes,Yes,Yes,No,Yes,Yes,0,2020-02-01,1492
2270-CHBFN,2016-06-01,No,Month-to-month,Yes,Credit_card_(automatic),95.1,4060.55,Female,0,Yes,No,Fiber_optic,Yes,Yes,Yes,Yes,No,No,Yes,0,2020-02-01,1340
0013-EXCHZ,2019-09-01,2019-12-01 00:00:00,Month-to-month,Yes,Mailed_check,83.9,267.4,Female,1,Yes,No,Fiber_optic,No,No,No,Yes,Yes,No,No,1,2019-12-01,91
5982-FPVQN,2017-01-01,No,Month-to-month,Yes,Electronic_check,95.15,3532.85,Female,0,Yes,Yes,Fiber_optic,No,Yes,Yes,No,No,Yes,Yes,0,2020-02-01,1126
9107-UKCKY,2015-01-01,No,One_year,Yes,Electronic_check,79.8,4914.8,Male,0,Yes,No,DSL,No,Yes,Yes,No,Yes,Yes,Yes,0,2020-02-01,1857
4654-ULTTN,2014-04-01,No,Two_year,Yes,Credit_card_(automatic),74.8,5315.8,Male,0,Yes,No,DSL,Yes,No,Yes,Yes,No,Yes,Yes,0,2020-02-01,2132
5550-VFRLC,2019-12-01,2020-01-01 00:00:00,Month-to-month,Yes,Electronic_check,69.85,69.85,Female,1,No,No,Fiber_optic,No,No,No,No,No,No,No,1,2020-01-01,31
5546-BYZSM,2016-09-01,No,Month-to-month,No,Electronic_check,20.45,775.6,Female,0,No,No,No,No,No,No,No,No,No,No,0,2020-02-01,1248
1492-KGETH,2014-04-01,No,One_year,No,Bank_transfer_(automatic),78.35,5445.95,Male,0,Yes,Yes,DSL,Yes,Yes,Yes,Yes,No,Yes,Yes,0,2020-02-01,2132
4929-BSTRX,2019-11-01,2019-12-01 00:00:00,Month-to-month,Yes,Mailed_check,53.55,53.55,Female,0,No,No,DSL,No,No,No,No,Yes,No,No,1,2019-12-01,30
4163-HFTUK,2015-11-01,No,One_year,No,Electronic_check,19.1,1007.8,Male,0,No,No,No,No,No,No,No,No,No,No,0,2020-02-01,1553
8215-NGSPE,2016-08-01,No,Two_year,No,Mailed_check,20.0,833.55,Female,0,Yes,Yes,No,No,No,No,No,No,No,No,0,2020-02-01,1279
2225-ZRGSG,2014-02-01,2019-12-01 00:00:00,Two_year,No,Bank_transfer_(automatic),93.9,6579.05,Female,0,Yes,Yes,Fiber_optic,Yes,Yes,Yes,Yes,No,No,Yes,1,2019-12-01,2129
8859-YSTWS,2016-02-01,No,One_year,No,Bank_transfer_(automatic),19.95,1004.5,Male,0,No,No,No,No,No,No,No,No,No,No,0,2020-02-01,1461
5271-YNWVR,2014-05-01,2020-01-01 00:00:00,Two_year,Yes,Electronic_check,113.15,7856.0,Male,0,Yes,Yes,Fiber_optic,Yes,Yes,Yes,Yes,Yes,Yes,Yes,1,2020-01-01,2071
7601-DHFWZ,2016-02-01,No,Two_year,No,Credit_card_(automatic),24.0,1183.05,Female,0,No,No,No,No,No,No,No,No,No,Yes,0,2020-02-01,1461
2657-ALMWY,2017-08-01,2019-10-01 00:00:00,Month-to-month,No,Electronic_check,84.95,2169.75,Female,1,Yes,No,Fiber_optic,No,Yes,No,No,No,Yes,No,1,2019-10-01,791
6330-JKLPC,2019-02-01,2020-01-01 00:00:00,Month-to-month,Yes,Bank_transfer_(automatic),80.5,896.9,Male,0,Yes,No,Fiber_optic,No,Yes,No,No,No,No,Yes,1,2020-01-01,334
4667-OHGKG,2019-11-01,2019-12-01 00:00:00,Month-to-month,Yes,Mailed_check,19.3,19.3,Male,0,No,No,No,No,No,No,No,No,No,No,1,2019-12-01,30
1998-VHJHK,2017-11-01,No,One_year,No,Mailed_check,19.15,501.35,Female,0,No,No,No,No,No,No,No,No,No,No,0,2020-02-01,822
1707-HABPF,2016-04-01,No,One_year,Yes,Bank_transfer_(automatic),91.3,4126.35,Female,1,No,No,Fiber_optic,No,Yes,Yes,No,Yes,No,No,0,2020-02-01,1401
1660-HSOOQ,2019-09-01,2019-10-01 00:00:00,Month-to-month,Yes,Mailed_check,49.65,49.65,Male,0,No,No,DSL,No,No,Yes,No,No,No,No,1,2019-10-01,30
7253-UVNDW,2016-02-01,2019-12-01 00:00:00,Two_year,No,Credit_card_(automatic),54.35,2460.15,Female,0,No,No,DSL,No,No,Yes,Yes,No,No,No,1,2019-12-01,1399
0487-VVUVK,2018-01-01,No,Month-to-month,Yes,Mailed_check,19.15,477.6,Male,0,Yes,Yes,No,No,No,No,No,No,No,No,0,2020-02-01,761
7228-OMTPN,2019-08-01,2019-12-01 00:00:00,Month-to-month,Yes,Electronic_check,88.45,370.65,Male,0,No,No,Fiber_optic,No,No,No,No,Yes,Yes,No,1,2019-12-01,122
5063-IUOKK,2019-01-01,No,Two_year,No,Mailed_check,19.75,265.75,Male,0,No,No,No,No,No,No,No,No,No,No,0,2020-02-01,396
4508-OEBEY,2017-07-01,No,One_year,Yes,Credit_card_(automatic),75.5,2424.45,Male,0,Yes,No,DSL,Yes,Yes,Yes,Yes,No,Yes,No,0,2020-02-01,945
0027-KWYKW,2018-03-01,No,Month-to-month,Yes,Electronic_check,83.75,1849.95,Female,0,Yes,Yes,Fiber_optic,No,No,No,No,Yes,No,Yes,0,2020-02-01,702
2308-STERM,2019-12-01,No,Month-to-month,No,Mailed_check,19.4,61.05,Female,0,No,No,No,No,No,No,No,No,No,No,0,2020-02-01,62
5982-XMDEX,2014-09-01,No,Two_year,No,Bank_transfer_(automatic),26.5,1698.55,Female,0,No,No,No,No,No,No,No,No,No,Yes,0,2020-02-01,1979
6284-AHOOQ,2018-01-01,2019-11-01 00:00:00,Month-to-month,Yes,Bank_transfer_(automatic),90.5,1910.6,Male,1,No,No,Fiber_optic,No,No,No,Yes,Yes,No,Yes,1,2019-11-01,669
6051-PTVNS,2015-07-01,No,One_year,No,Credit_card_(automatic),19.15,998.1,Female,0,Yes,Yes,No,No,No,No,No,No,No,No,0,2020-02-01,1676
2344-JMOGN,2019-01-01,2019-10-01 00:00:00,Month-to-month,Yes,Mailed_check,94.85,890.6,Male,0,Yes,No,Fiber_optic,No,Yes,Yes,Yes,Yes,No,No,1,2019-10-01,273
3799-ISUZQ,2019-06-01,2020-01-01 00:00:00,Month-to-month,Yes,Bank_transfer_(automatic),69.95,529.5,Male,0,Yes,Yes,Fiber_optic,No,No,No,No,No,No,No,1,2020-01-01,214
2877-VDUER,2017-03-01,No,One_year,No,Mailed_check,40.9,1383.6,Female,0,Yes,Yes,DSL,No,No,No,Yes,Yes,No,No,0,2020-02-01,1067
9152-AMKAK,2019-08-01,No,Two_year,Yes,Mailed_check,80.25,493.4,Male,0,No,No,DSL,Yes,No,Yes,Yes,Yes,Yes,No,0,2020-02-01,184
1794-HBQTJ,2019-12-01,2020-01-01 00:00:00,Month-to-month,Yes,Credit_card_(automatic),48.6,48.6,Female,0,No,No,DSL,Yes,No,No,No,No,No,No,1,2020-01-01,31
9432-VOFYX,2018-09-01,No,Month-to-month,Yes,Electronic_check,70.8,1207.0,Male,0,No,No,Fiber_optic,No,No,No,No,No,No,No,0,2020-02-01,518
8049-WJCLQ,2019-04-01,No,Month-to-month,No,Mailed_check,60.2,563.5,Male,0,Yes,Yes,DSL,No,No,Yes,No,Yes,No,No,0,2020-02-01,306
6586-PSJOX,2018-11-01,No,One_year,No,Credit_card_(automatic),55.2,864.55,Male,0,No,Yes,DSL,No,No,Yes,Yes,No,No,No,0,2020-02-01,457
2460-FPSYH,2016-08-01,2019-12-01 00:00:00,Month-to-month,Yes,Electronic_check,55.8,2109.35,Female,1,No,No,DSL,Yes,Yes,No,No,Yes,Yes,No,1,2019-12-01,1217
9705-ZJBCG,2019-01-01,No,One_year,No,Bank_transfer_(automatic),54.15,701.05,Female,0,Yes,Yes,DSL,Yes,No,No,Yes,No,No,No,0,2020-02-01,396
4818-DRBQT,2017-05-01,2019-10-01 00:00:00,Month-to-month,Yes,Bank_transfer_(automatic),80.15,2265.25,Male,0,Yes,No,Fiber_optic,No,Yes,No,No,No,No,Yes,1,2019-10-01,883
1320-HTRDR,2019-10-01,2020-01-01 00:00:00,Month-to-month,Yes,Electronic_check,75.5,220.6,Female,0,No,No,Fiber_optic,No,No,No,No,No,No,Yes,1,2020-01-01,92
6847-KJLTS,2015-04-01,No,Month-to-month,Yes,Bank_transfer_(automatic),100.4,5749.8,Female,1,Yes,No,Fiber_optic,No,No,No,Yes,Yes,Yes,Yes,0,2020-02-01,1767
9670-BPNXF,2016-05-01,No,One_year,Yes,Credit_card_(automatic),62.55,2796.45,Female,0,No,No,DSL,Yes,Yes,No,Yes,No,No,No,0,2020-02-01,1371
3913-FCUUW,2014-02-01,No,Two_year,Yes,Bank_transfer_(automatic),70.45,5165.7,Female,0,Yes,Yes,DSL,Yes,Yes,Yes,Yes,No,No,Yes,0,2020-02-01,2191
3301-VKTGC,2014-06-01,No,One_year,Yes,Bank_transfer_(automatic),85.5,5696.6,Male,0,Yes,Yes,Fiber_optic,Yes,Yes,No,No,No,No,Yes,0,2020-02-01,2071
1493-AMTIE,2019-10-01,2019-11-01 00:00:00,Month-to-month,Yes,Bank_transfer_(automatic),20.2,20.2,Male,0,No,No,No,No,No,No,No,No,No,No,1,2019-11-01,31
9555-SAHUZ,2016-12-01,No,Month-to-month,No,Electronic_check,54.5,2076.05,Female,0,Yes,Yes,DSL,Yes,Yes,No,No,No,No,No,0,2020-02-01,1157
0816-TSPHQ,2019-12-01,No,Month-to-month,No,Mailed_check,20.75,44.2,Male,0,No,No,No,No,No,No,No,No,No,No,0,2020-02-01,62
9932-WBWIK,2019-03-01,No,Month-to-month,No,Mailed_check,20.35,215.25,Male,0,No,No,No,No,No,No,No,No,No,No,0,2020-02-01,337
4619-EVPHY,2018-06-01,No,One_year,Yes,Bank_transfer_(automatic),91.0,1859.5,Female,1,Yes,No,Fiber_optic,No,No,No,No,Yes,Yes,No,0,2020-02-01,610
5286-YHCVC,2014-02-01,No,Two_year,Yes,Bank_transfer_(automatic),104.8,7470.1,Male,0,Yes,No,Fiber_optic,No,Yes,Yes,No,Yes,Yes,Yes,0,2020-02-01,2191
6424-ELEYH,2019-09-01,2019-12-01 00:00:00,Month-to-month,Yes,Credit_card_(automatic),74.75,229.5,Female,0,Yes,No,Fiber_optic,No,No,No,No,No,No,Yes,1,2019-12-01,91
4391-RESHN,2017-12-01,2019-11-01 00:00:00,Month-to-month,Yes,Mailed_check,104.05,2470.1,Male,0,No,No,Fiber_optic,No,No,Yes,Yes,Yes,Yes,Yes,1,2019-11-01,700
9115-YQHGA,2016-10-01,No,Month-to-month,Yes,Electronic_check,51.1,2092.9,Male,0,No,No,DSL,No,No,No,Yes,No,No,No,0,2020-02-01,1218
4462-CYWMH,2014-12-01,No,Month-to-month,Yes,Bank_transfer_(automatic),89.8,5629.55,Male,1,Yes,No,Fiber_optic,No,Yes,No,No,No,Yes,Yes,0,2020-02-01,1888
8963-MQVYN,2018-04-01,No,Month-to-month,Yes,Electronic_check,20.55,469.85,Female,0,No,Yes,No,No,No,No,No,No,No,No,0,2020-02-01,671
2458-EOMRE,2019-03-01,No,Month-to-month,No,Bank_transfer_(automatic),64.05,733.95,Female,0,No,No,DSL,Yes,No,Yes,No,No,Yes,No,0,2020-02-01,337
9334-GWGOW,2019-07-01,No,Month-to-month,Yes,Electronic_check,74.85,485.25,Male,1,Yes,No,Fiber_optic,No,No,No,No,No,No,Yes,0,2020-02-01,215
6821-BUXUX,2018-09-01,2019-10-01 00:00:00,Month-to-month,Yes,Electronic_check,96.65,1244.5,Female,0,No,No,Fiber_optic,Yes,Yes,No,No,Yes,No,Yes,1,2019-10-01,395
5028-HTLJB,2019-12-01,2020-01-01 00:00:00,Month-to-month,No,Mailed_check,20.05,20.05,Male,1,No,No,No,No,No,No,No,No,No,No,1,2020-01-01,31
9801-GDWGV,2016-10-01,2020-01-01 00:00:00,Month-to-month,Yes,Electronic_check,103.45,3994.45,Female,0,No,No,Fiber_optic,No,Yes,Yes,No,Yes,Yes,Yes,1,2020-01-01,1187
6542-LWGXJ,2019-11-01,No,Month-to-month,No,Mailed_check,25.0,78.25,Male,0,Yes,No,DSL,No,No,No,No,No,No,No,0,2020-02-01,92
5567-GZKQY,2015-04-01,No,Two_year,No,Credit_card_(automatic),20.3,1131.5,Male,0,No,No,No,No,No,No,No,No,No,No,0,2020-02-01,1767
1222-LRYKO,2019-08-01,No,Month-to-month,No,Mailed_check,26.35,184.05,Male,0,No,Yes,No,No,No,No,No,No,No,Yes,0,2020-02-01,184
2320-JRSDE,2019-12-01,2020-01-01 00:00:00,Month-to-month,Yes,Electronic_check,19.9,19.9,Female,0,Yes,Yes,No,No,No,No,No,No,No,No,1,2020-01-01,31
2087-QAREY,2018-04-01,No,Month-to-month,Yes,Mailed_check,54.7,1178.75,Female,0,Yes,No,DSL,No,Yes,Yes,No,No,No,No,0,2020-02-01,671
0601-WZHJF,2018-11-01,2020-01-01 00:00:00,Month-to-month,No,Electronic_check,46.35,667.7,Male,0,Yes,No,DSL,No,No,No,No,Yes,Yes,No,1,2020-01-01,426
4423-JWZJN,2014-10-01,No,One_year,No,Credit_card_(automatic),90.25,5629.15,Male,0,Yes,Yes,Fiber_optic,No,No,Yes,No,No,Yes,Yes,0,2020-02-01,1949
5143-WMWOG,2019-12-01,2020-01-01 00:00:00,Month-to-month,No,Electronic_check,19.95,19.95,Male,0,No,No,No,No,No,No,No,No,No,No,1,2020-01-01,31
6490-FGZAT,2019-08-01,No,Month-to-month,No,Mailed_check,20.65,109.3,Male,0,No,No,No,No,No,No,No,No,No,No,0,2020-02-01,184
5393-RXQSZ,2019-12-01,2020-01-01 00:00:00,Month-to-month,No,Electronic_check,79.6,79.6,Male,0,No,No,Fiber_optic,No,No,No,No,No,Yes,No,1,2020-01-01,31
7452-FOLON,2016-11-01,No,One_year,No,Bank_transfer_(automatic),25.45,958.45,Male,0,No,Yes,No,No,No,No,No,No,No,Yes,0,2020-02-01,1187
2320-TZRRH,2018-06-01,No,One_year,No,Mailed_check,19.5,403.15,Female,0,No,No,No,No,No,No,No,No,No,No,0,2020-02-01,610
0231-LXVAP,2019-11-01,2019-12-01 00:00:00,Month-to-month,Yes,Electronic_check,75.9,75.9,Male,0,No,No,Fiber_optic,No,No,No,Yes,No,No,No,1,2019-12-01,30
9444-JTXHZ,2019-09-01,2019-10-01 00:00:00,Month-to-month,No,Electronic_check,76.2,76.2,Male,0,Yes,No,Fiber_optic,No,No,Yes,No,No,No,No,1,2019-10-01,30
4942-VZZOM,2014-10-01,No,One_year,Yes,Credit_card_(automatic),66.15,4392.5,Male,0,Yes,No,DSL,Yes,No,No,No,Yes,No,Yes,0,2020-02-01,1949
5510-BOIUJ,2019-10-01,2019-11-01 00:00:00,Month-to-month,No,Mailed_check,19.25,19.25,Male,0,No,Yes,No,No,No,No,No,No,No,No,1,2019-11-01,31
7502-BNYGS,2016-04-01,No,Month-to-month,Yes,Credit_card_(automatic),69.1,3168.0,Female,0,Yes,No,DSL,No,Yes,No,No,Yes,Yes,No,0,2020-02-01,1401
4291-HYEBC,2017-10-01,No,One_year,Yes,Electronic_check,39.1,1096.6,Female,1,Yes,Yes,DSL,No,Yes,No,No,No,Yes,No,0,2020-02-01,853
6147-CBCRA,2017-05-01,No,Month-to-month,No,Mailed_check,20.05,669.45,Female,0,Yes,No,No,No,No,No,No,No,No,No,0,2020-02-01,1006
6047-SUHPR,2016-11-01,No,One_year,No,Electronic_check,59.8,2343.85,Male,0,Yes,Yes,DSL,Yes,Yes,Yes,No,No,No,No,0,2020-02-01,1187
4471-KXAUH,2016-04-01,2019-10-01 00:00:00,Month-to-month,Yes,Electronic_check,84.3,3588.4,Female,0,Yes,No,Fiber_optic,No,No,Yes,Yes,No,No,Yes,1,2019-10-01,1278
9752-ZNQUT,2020-01-01,No,Month-to-month,Yes,Electronic_check,48.6,48.6,Female,0,No,No,DSL,No,Yes,No,No,No,No,No,0,2020-02-01,31
7638-QVMVY,2019-06-01,2020-01-01 00:00:00,Month-to-month,Yes,Electronic_check,79.0,522.95,Female,0,No,No,Fiber_optic,No,No,No,No,Yes,No,No,1,2020-01-01,214
1576-PFZIW,2014-04-01,No,Two_year,No,Credit_card_(automatic),105.35,7511.9,Male,1,Yes,No,Fiber_optic,Yes,Yes,Yes,No,Yes,Yes,No,0,2020-02-01,2132
5666-MBJPT,2014-09-01,No,Two_year,Yes,Bank_transfer_(automatic),25.1,1725.0,Male,0,No,No,No,No,No,No,No,No,No,Yes,0,2020-02-01,1979
7312-XSBAT,2020-01-01,No,Month-to-month,No,Electronic_check,49.75,49.75,Male,0,No,No,DSL,Yes,No,No,No,No,No,No,0,2020-02-01,31
3096-GKWEB,2018-08-01,No,Month-to-month,Yes,Electronic_check,94.75,1691.9,Male,0,Yes,No,Fiber_optic,No,No,No,No,Yes,Yes,Yes,0,2020-02-01,549
2371-JQHZZ,2018-02-01,No,Month-to-month,Yes,Electronic_check,93.0,2248.05,Male,0,Yes,No,Fiber_optic,No,No,No,No,Yes,Yes,Yes,0,2020-02-01,730
0674-GCDXG,2014-11-01,No,Two_year,Yes,Bank_transfer_(automatic),71.9,4479.2,Male,0,No,No,DSL,Yes,No,Yes,Yes,No,Yes,Yes,0,2020-02-01,1918
1121-QSIVB,2016-06-01,No,One_year,Yes,Mailed_check,77.55,3471.1,Female,0,No,Yes,DSL,No,Yes,No,No,Yes,Yes,Yes,0,2020-02-01,1340
4396-KLSEH,2019-10-01,No,Month-to-month,Yes,Electronic_check,19.85,63.0,Male,0,No,No,No,No,No,No,No,No,No,No,0,2020-02-01,123
3244-DCJWY,2019-10-01,2019-11-01 00:00:00,Month-to-month,Yes,Electronic_check,70.25,70.25,Female,0,No,No,Fiber_optic,No,No,No,No,No,No,No,1,2019-11-01,31
2824-MYYBN,2017-01-01,No,Month-to-month,Yes,Electronic_check,95.25,3314.15,Female,0,Yes,Yes,Fiber_optic,No,No,No,No,Yes,Yes,Yes,0,2020-02-01,1126
0875-CABNR,2019-01-01,2019-11-01 00:00:00,Month-to-month,Yes,Credit_card_(automatic),84.6,865.55,Female,1,No,No,Fiber_optic,No,No,Yes,No,No,Yes,No,1,2019-11-01,304
6345-HOVES,2017-04-01,No,Month-to-month,Yes,Bank_transfer_(automatic),25.05,852.7,Male,0,No,No,DSL,No,No,No,No,No,No,No,0,2020-02-01,1036
8318-LCNBW,2017-03-01,No,One_year,No,Credit_card_(automatic),53.15,1930.9,Male,0,Yes,No,DSL,Yes,No,Yes,No,Yes,Yes,No,0,2020-02-01,1067
6469-QJKZW,2019-10-01,No,Month-to-month,No,Electronic_check,20.15,91.4,Female,0,Yes,No,No,No,No,No,No,No,No,No,0,2020-02-01,123
0147-ESWWR,2016-11-01,No,Month-to-month,Yes,Electronic_check,101.25,3949.15,Female,1,Yes,No,Fiber_optic,No,No,No,Yes,Yes,Yes,Yes,0,2020-02-01,1187
1217-VASWC,2016-07-01,No,One_year,Yes,Bank_transfer_(automatic),100.55,4304.0,Male,1,Yes,No,Fiber_optic,No,Yes,Yes,No,Yes,Yes,No,0,2020-02-01,1310
7812-FZHPE,2018-06-01,2019-11-01 00:00:00,Month-to-month,No,Mailed_check,24.1,409.9,Female,0,Yes,Yes,No,No,No,No,No,No,No,Yes,1,2019-11-01,518
6370-ZVHDV,2015-01-01,No,Two_year,No,Bank_transfer_(automatic),25.3,1554.9,Female,0,Yes,No,No,No,No,No,No,No,No,Yes,0,2020-02-01,1857
5915-DGNVC,2016-01-01,No,One_year,No,Electronic_check,71.8,3472.05,Female,0,Yes,No,DSL,Yes,Yes,Yes,No,No,Yes,Yes,0,2020-02-01,1492
6260-XLACS,2019-10-01,No,One_year,No,Mailed_check,19.7,117.8,Male,0,No,No,No,No,No,No,No,No,No,No,0,2020-02-01,123
3566-CAAYU,2014-10-01,No,Two_year,No,Electronic_check,49.85,3210.35,Female,0,Yes,Yes,DSL,No,Yes,Yes,Yes,No,Yes,No,0,2020-02-01,1949
4983-CCWMC,2019-11-01,No,Month-to-month,Yes,Mailed_check,69.6,207.4,Male,0,No,No,Fiber_optic,No,No,No,No,No,No,No,0,2020-02-01,92
9103-CXVOK,2020-01-01,No,Month-to-month,No,Electronic_check,19.75,19.75,Male,0,Yes,Yes,No,No,No,No,No,No,No,No,0,2020-02-01,31
2896-TBNBE,2016-10-01,No,One_year,No,Electronic_check,80.8,3132.75,Male,0,Yes,No,Fiber_optic,No,Yes,Yes,No,No,No,No,0,2020-02-01,1218
4797-AXPXK,2019-12-01,2020-01-01 00:00:00,Month-to-month,Yes,Electronic_check,60.0,60.0,Female,0,No,Yes,DSL,Yes,Yes,No,Yes,No,No,No,1,2020-01-01,31
5229-PRWKT,2019-03-01,2019-11-01 00:00:00,Month-to-month,Yes,Electronic_check,86.55,649.65,Male,0,No,No,Fiber_optic,No,No,No,No,No,Yes,Yes,1,2019-11-01,245
6982-UQZLY,2019-10-01,2019-11-01 00:00:00,Month-to-month,Yes,Mailed_check,20.85,20.85,Female,1,Yes,No,No,No,No,No,No,No,No,No,1,2019-11-01,31
2522-WLNSF,2017-04-01,No,One_year,No,Bank_transfer_(automatic),64.2,2106.3,Female,1,Yes,No,DSL,No,No,Yes,Yes,Yes,No,No,0,2020-02-01,1036
3841-CONLJ,2020-01-01,No,Month-to-month,No,Electronic_check,35.0,35.0,Female,0,Yes,No,DSL,No,No,No,No,No,Yes,No,0,2020-02-01,31
5057-LCOUI,2016-10-01,2020-01-01 00:00:00,Month-to-month,Yes,Electronic_check,50.75,2011.4,Female,0,No,No,DSL,No,No,Yes,No,Yes,Yes,No,1,2020-01-01,1187
0193-ESZXP,2014-12-01,2019-10-01 00:00:00,One_year,Yes,Credit_card_(automatic),105.5,6205.5,Female,1,Yes,No,Fiber_optic,Yes,Yes,No,Yes,Yes,Yes,No,1,2019-10-01,1765
4475-NVTLU,2016-05-01,No,Two_year,No,Electronic_check,19.2,903.7,Male,0,Yes,Yes,No,No,No,No,No,No,No,No,0,2020-02-01,1371
4369-HTUIF,2019-07-01,2020-01-01 00:00:00,Month-to-month,Yes,Bank_transfer_(automatic),85.15,503.6,Male,1,No,No,Fiber_optic,Yes,No,No,No,Yes,No,No,1,2020-01-01,184
9386-LDCZR,2016-07-01,No,One_year,Yes,Credit_card_(automatic),90.65,3882.3,Male,0,No,No,Fiber_optic,Yes,Yes,Yes,Yes,No,No,No,0,2020-02-01,1310
9585-KKMFD,2016-09-01,No,Two_year,Yes,Mailed_check,20.0,879.8,Male,0,Yes,Yes,No,No,No,No,No,No,No,No,0,2020-02-01,1248
5399-ZIMKF,2019-09-01,No,Month-to-month,Yes,Electronic_check,74.65,383.65,Male,0,No,No,Fiber_optic,No,Yes,No,No,No,No,No,0,2020-02-01,153
0336-KXKFK,2014-02-01,No,Two_year,Yes,Credit_card_(automatic),61.2,4390.25,Male,0,No,No,DSL,Yes,No,Yes,Yes,Yes,Yes,No,0,2020-02-01,2191
5619-XZZKR,2019-10-01,No,One_year,No,Mailed_check,19.95,68.2,Male,0,No,No,No,No,No,No,No,No,No,No,0,2020-02-01,123
3948-FVVRP,2019-05-01,No,Month-to-month,No,Mailed_check,54.8,452.8,Male,0,Yes,Yes,DSL,No,Yes,No,Yes,No,No,No,0,2020-02-01,276
5327-XOKKY,2014-02-01,No,Two_year,Yes,Credit_card_(automatic),73.45,5329.0,Male,1,Yes,No,DSL,No,No,Yes,No,Yes,Yes,Yes,0,2020-02-01,2191
0983-TATYJ,2017-05-01,No,One_year,Yes,Mailed_check,51.45,1758.9,Female,0,Yes,No,DSL,No,No,No,Yes,No,No,No,0,2020-02-01,1006
1813-JYWTO,2014-02-01,No,Two_year,No,Bank_transfer_(automatic),80.45,5737.6,Female,0,Yes,No,Fiber_optic,Yes,No,No,No,No,No,Yes,0,2020-02-01,2191
0156-FVPTA,2018-01-01,2019-11-01 00:00:00,Month-to-month,Yes,Electronic_check,54.2,1152.7,Male,0,Yes,No,DSL,Yes,No,No,Yes,No,No,No,1,2019-11-01,669
1984-FCOWB,2014-02-01,2019-12-01 00:00:00,One_year,Yes,Electronic_check,109.5,7674.55,Female,0,Yes,No,Fiber_optic,No,Yes,Yes,Yes,Yes,Yes,Yes,1,2019-12-01,2129
0654-HMSHN,2018-01-01,2019-10-01 00:00:00,Month-to-month,No,Electronic_check,104.4,2157.95,Male,0,Yes,Yes,Fiber_optic,No,Yes,Yes,No,Yes,Yes,Yes,1,2019-10-01,638
6719-OXYBR,2018-11-01,No,Month-to-month,No,Electronic_check,85.3,1219.85,Male,0,No,No,Fiber_optic,No,No,Yes,No,Yes,No,No,0,2020-02-01,457
3312-ZWLGF,2017-09-01,No,Month-to-month,Yes,Electronic_check,79.3,2414.55,Male,1,Yes,No,Fiber_optic,No,No,No,Yes,No,No,Yes,0,2020-02-01,883
6476-YHMGA,2018-11-01,No,Month-to-month,No,Bank_transfer_(automatic),76.5,1155.6,Female,0,Yes,Yes,DSL,No,Yes,Yes,Yes,Yes,Yes,No,0,2020-02-01,457
5287-QWLKY,2014-02-01,2020-01-01 00:00:00,Month-to-month,Yes,Credit_card_(automatic),105.1,7548.1,Male,1,Yes,Yes,Fiber_optic,Yes,Yes,No,No,Yes,Yes,Yes,1,2020-01-01,2160
0795-XCCTE,2014-02-01,No,Two_year,No,Bank_transfer_(automatic),25.4,1809.35,Male,1,No,No,No,No,No,No,No,No,No,Yes,0,2020-02-01,2191
0168-XZKBB,2018-07-01,No,Month-to-month,Yes,Electronic_check,86.85,1564.4,Female,0,Yes,No,Fiber_optic,No,No,No,No,Yes,No,Yes,0,2020-02-01,580
3785-NRHYR,2020-01-01,No,Month-to-month,No,Mailed_check,19.65,19.65,Male,0,No,No,No,No,No,No,No,No,No,No,0,2020-02-01,31
5196-SGOAK,2019-12-01,2020-01-01 00:00:00,Month-to-month,Yes,Electronic_check,75.7,75.7,Female,0,No,No,Fiber_optic,No,Yes,No,No,No,No,No,1,2020-01-01,31
4537-DKTAL,2019-12-01,No,Month-to-month,No,Electronic_check,45.55,84.4,Female,0,No,No,DSL,No,No,No,No,No,No,No,0,2020-02-01,62
7072-MBHEV,2019-03-01,No,Month-to-month,Yes,Credit_card_(automatic),78.1,864.85,Female,1,Yes,Yes,Fiber_optic,No,No,Yes,No,No,No,Yes,0,2020-02-01,337
5602-BVFMK,2019-02-01,No,One_year,No,Mailed_check,19.3,228.75,Female,0,No,No,No,No,No,No,No,No,No,No,0,2020-02-01,365
6297-NOOPG,2014-04-01,No,Two_year,Yes,Electronic_check,110.5,7752.05,Female,0,Yes,No,Fiber_optic,No,Yes,Yes,Yes,Yes,Yes,Yes,0,2020-02-01,2132
1891-UAWWU,2018-04-01,2019-12-01 00:00:00,Month-to-month,No,Electronic_check,90.8,1951.0,Female,1,Yes,No,Fiber_optic,No,No,Yes,No,Yes,No,Yes,1,2019-12-01,609
8204-TIFGJ,2018-03-01,No,Month-to-month,Yes,Bank_transfer_(automatic),20.3,470.6,Female,0,No,No,No,No,No,No,No,No,No,No,0,2020-02-01,702
8050-DVOJX,2016-01-01,No,Two_year,No,Credit_card_(automatic),81.35,4060.9,Male,1,No,No,DSL,Yes,Yes,Yes,Yes,No,Yes,Yes,0,2020-02-01,1492
6108-OQZDQ,2019-08-01,2019-12-01 00:00:00,Month-to-month,Yes,Electronic_check,97.95,384.5,Female,0,Yes,Yes,Fiber_optic,No,Yes,No,No,Yes,Yes,Yes,1,2019-12-01,122
0363-QJVFX,2017-04-01,2019-12-01 00:00:00,Month-to-month,Yes,Credit_card_(automatic),108.15,3432.9,Male,0,No,No,Fiber_optic,Yes,Yes,No,Yes,Yes,Yes,Yes,1,2019-12-01,974
8903-XEBGX,2019-12-01,No,Month-to-month,Yes,Electronic_check,55.3,108.65,Male,0,No,Yes,DSL,No,No,No,No,No,Yes,No,0,2020-02-01,62
8169-SAEJD,2014-05-01,No,Two_year,No,Credit_card_(automatic),56.55,3952.65,Male,1,Yes,No,DSL,Yes,Yes,No,No,Yes,Yes,No,0,2020-02-01,2102
9840-DVNDC,2019-04-01,2019-10-01 00:00:00,Month-to-month,Yes,Credit_card_(automatic),80.5,463.05,Male,0,No,No,Fiber_optic,No,No,No,No,Yes,No,No,1,2019-10-01,183
1089-XZWHH,2018-02-01,No,Two_year,Yes,Mailed_check,19.7,494.05,Female,0,Yes,Yes,No,No,No,No,No,No,No,No,0,2020-02-01,730
2325-WINES,2017-06-01,No,One_year,Yes,Credit_card_(automatic),104.05,3416.85,Female,0,No,No,Fiber_optic,No,Yes,Yes,No,Yes,Yes,Yes,0,2020-02-01,975
6064-ZATLR,2017-11-01,No,Two_year,No,Bank_transfer_(automatic),52.85,1498.65,Female,0,No,No,DSL,Yes,Yes,No,No,No,No,No,0,2020-02-01,822
3096-JRDSO,2017-09-01,2019-12-01 00:00:00,Month-to-month,Yes,Bank_transfer_(automatic),104.3,2867.75,Female,1,Yes,No,Fiber_optic,Yes,No,No,Yes,Yes,Yes,Yes,1,2019-12-01,821
7824-PANSQ,2015-04-01,No,Month-to-month,No,Bank_transfer_(automatic),80.65,4807.35,Male,0,No,No,Fiber_optic,No,No,No,Yes,No,No,Yes,0,2020-02-01,1767
8042-JVNFH,2019-11-01,2019-12-01 00:00:00,Month-to-month,Yes,Mailed_check,71.35,71.35,Male,0,No,No,Fiber_optic,No,No,No,No,No,No,No,1,2019-12-01,30
9648-BCHKM,2018-08-01,No,Two_year,Yes,Credit_card_(automatic),24.65,471.35,Female,0,Yes,Yes,No,No,No,No,No,No,No,Yes,0,2020-02-01,549
2888-ADFAO,2016-03-01,No,Two_year,Yes,Bank_transfer_(automatic),21.3,1041.8,Female,0,Yes,Yes,No,No,No,No,No,No,No,No,0,2020-02-01,1432
8707-HOEDG,2014-04-01,No,Two_year,Yes,Electronic_check,110.2,7689.8,Female,0,Yes,Yes,Fiber_optic,No,Yes,Yes,Yes,Yes,Yes,Yes,0,2020-02-01,2132
3374-LXDEV,2018-09-01,2019-10-01 00:00:00,Month-to-month,No,Electronic_check,89.4,1132.35,Female,0,No,No,Fiber_optic,No,Yes,Yes,Yes,No,No,Yes,1,2019-10-01,395
4072-IPYLT,2017-02-01,No,Month-to-month,No,Credit_card_(automatic),51.05,1815.0,Female,0,Yes,Yes,DSL,Yes,No,No,No,No,No,No,0,2020-02-01,1095
7167-PCEYD,2014-07-01,No,Two_year,Yes,Mailed_check,19.8,1311.3,Male,0,No,No,No,No,No,No,No,No,No,No,0,2020-02-01,2041
4936-YPJNK,2019-04-01,No,Month-to-month,Yes,Mailed_check,19.9,199.45,Female,0,No,No,No,No,No,No,No,No,No,No,0,2020-02-01,306
1580-BMCMR,2018-07-01,No,Month-to-month,Yes,Electronic_check,87.3,1637.3,Male,1,No,No,Fiber_optic,Yes,No,No,No,No,Yes,No,0,2020-02-01,580
4817-KEQSP,2014-03-01,No,Two_year,No,Bank_transfer_(automatic),19.85,1326.35,Female,0,Yes,Yes,No,No,No,No,No,No,No,No,0,2020-02-01,2163
6408-WHTEF,2014-02-01,No,Two_year,Yes,Mailed_check,89.4,6376.55,Male,0,Yes,Yes,DSL,Yes,Yes,Yes,Yes,Yes,Yes,Yes,0,2020-02-01,2191
9251-AWQGT,2016-02-01,No,Two_year,No,Mailed_check,20.0,935.9,Female,0,Yes,Yes,No,No,No,No,No,No,No,No,0,2020-02-01,1461
8749-CLJXC,2020-01-01,No,Month-to-month,No,Mailed_check,20.05,20.05,Male,0,No,No,No,No,No,No,No,No,No,No,0,2020-02-01,31
7989-VCQOH,2018-08-01,No,Month-to-month,No,Electronic_check,83.25,1611.15,Male,0,Yes,Yes,DSL,Yes,No,Yes,Yes,Yes,Yes,No,0,2020-02-01,549
5049-GLYVG,2019-09-01,2019-10-01 00:00:00,Month-to-month,No,Mailed_check,20.6,20.6,Male,0,No,No,No,No,No,No,No,No,No,No,1,2019-10-01,30
4199-QHJNM,2014-07-01,No,Two_year,No,Bank_transfer_(automatic),102.9,6989.7,Male,1,Yes,No,Fiber_optic,No,Yes,No,Yes,Yes,Yes,Yes,0,2020-02-01,2041
8882-TLVRW,2014-05-01,No,Two_year,No,Mailed_check,39.1,2779.5,Male,0,Yes,Yes,DSL,Yes,No,Yes,Yes,No,No,No,0,2020-02-01,2102
5883-GTGVD,2018-06-01,2020-01-01 00:00:00,Month-to-month,Yes,Electronic_check,99.95,1931.75,Male,0,No,No,Fiber_optic,No,Yes,No,No,Yes,Yes,Yes,1,2020-01-01,579
5135-GRQJV,2014-02-01,No,Two_year,Yes,Mailed_check,114.5,8331.95,Male,1,Yes,No,Fiber_optic,Yes,Yes,Yes,Yes,Yes,Yes,Yes,0,2020-02-01,2191
2384-OVPSA,2016-12-01,No,Two_year,No,Mailed_check,20.2,735.9,Female,1,No,No,No,No,No,No,No,No,No,No,0,2020-02-01,1157
1371-WEPDS,2016-10-01,No,One_year,No,Electronic_check,55.8,2283.3,Male,1,Yes,No,DSL,No,No,No,No,No,Yes,No,0,2020-02-01,1218
3580-GICBM,2015-01-01,No,Two_year,Yes,Mailed_check,24.2,1445.2,Female,0,Yes,Yes,No,No,No,No,No,No,No,Yes,0,2020-02-01,1857
4817-QRJSX,2019-03-01,2020-01-01 00:00:00,Month-to-month,Yes,Credit_card_(automatic),81.0,818.05,Female,0,No,No,Fiber_optic,No,Yes,No,No,No,No,Yes,1,2020-01-01,306
9730-DRTMJ,2017-06-01,No,One_year,Yes,Credit_card_(automatic),72.8,2333.05,Male,0,Yes,No,DSL,Yes,No,No,Yes,Yes,No,Yes,0,2020-02-01,975
4686-UXDML,2018-05-01,No,Month-to-month,Yes,Credit_card_(automatic),99.85,1992.55,Female,0,No,No,Fiber_optic,No,Yes,No,No,Yes,Yes,Yes,0,2020-02-01,641
3349-ANQNH,2015-03-01,No,One_year,Yes,Electronic_check,99.5,5890.0,Female,1,No,No,Fiber_optic,No,No,Yes,No,Yes,Yes,Yes,0,2020-02-01,1798
2398-YPMUR,2018-09-01,2019-10-01 00:00:00,Month-to-month,Yes,Electronic_check,70.15,916.75,Female,1,Yes,No,Fiber_optic,No,No,No,No,No,No,No,1,2019-10-01,395
0932-YIXYU,2016-03-01,No,Two_year,No,Credit_card_(automatic),20.25,1029.8,Female,0,No,No,No,No,No,No,No,No,No,No,0,2020-02-01,1432
7480-SPLEF,2014-05-01,No,Two_year,Yes,Bank_transfer_(automatic),26.0,1796.55,Male,0,Yes,Yes,No,No,No,No,No,No,No,Yes,0,2020-02-01,2102
7636-XUHWW,2019-12-01,No,Month-to-month,Yes,Credit_card_(automatic),19.9,33.7,Male,0,No,No,No,No,No,No,No,No,No,No,0,2020-02-01,62
1431-CYWMH,2018-04-01,No,Month-to-month,No,Bank_transfer_(automatic),19.05,454.05,Female,0,Yes,Yes,No,No,No,No,No,No,No,No,0,2020-02-01,671
5937-EORGB,2018-11-01,No,Month-to-month,Yes,Electronic_check,96.5,1392.25,Male,1,Yes,No,Fiber_optic,Yes,No,Yes,No,Yes,No,Yes,0,2020-02-01,457
6349-JDHQP,2015-09-01,No,Two_year,No,Credit_card_(automatic),19.85,1049.6,Female,0,No,No,No,No,No,No,No,No,No,No,0,2020-02-01,1614
5539-HIVAK,2017-10-01,No,Month-to-month,No,Mailed_check,25.7,734.6,Female,1,Yes,No,No,No,No,No,No,No,No,Yes,0,2020-02-01,853
5847-MXBEO,2018-04-01,No,One_year,No,Mailed_check,20.3,475.1,Male,0,No,No,No,No,No,No,No,No,No,No,0,2020-02-01,671
9985-MWVIX,2019-10-01,2019-11-01 00:00:00,Month-to-month,Yes,Mailed_check,70.15,70.15,Female,0,No,No,Fiber_optic,No,No,No,No,No,No,No,1,2019-11-01,31
4583-PARNH,2018-10-01,No,Month-to-month,Yes,Electronic_check,91.55,1540.05,Male,1,Yes,No,Fiber_optic,No,No,Yes,Yes,No,Yes,No,0,2020-02-01,488
1116-FRYVH,2016-02-01,No,Two_year,No,Mailed_check,39.4,1978.65,Female,0,Yes,Yes,DSL,Yes,Yes,No,Yes,No,No,No,0,2020-02-01,1461
1421-HCERK,2017-08-01,No,Month-to-month,Yes,Bank_transfer_(automatic),105.7,3181.8,Male,1,Yes,No,Fiber_optic,Yes,Yes,Yes,Yes,Yes,No,Yes,0,2020-02-01,914
9633-XQABV,2019-11-01,No,Month-to-month,Yes,Electronic_check,70.25,229.7,Female,0,No,No,Fiber_optic,No,No,No,No,No,No,No,0,2020-02-01,92
0716-BQNDX,2015-05-01,No,Two_year,No,Electronic_check,93.75,5625.55,Male,1,No,No,Fiber_optic,Yes,No,No,Yes,No,Yes,Yes,0,2020-02-01,1737
1265-XTECC,2014-02-01,2019-10-01 00:00:00,One_year,Yes,Credit_card_(automatic),96.55,6581.9,Female,1,Yes,No,Fiber_optic,Yes,Yes,No,No,No,Yes,Yes,1,2019-10-01,2068
1183-CANVH,2018-03-01,No,One_year,No,Bank_transfer_(automatic),60.0,1347.15,Female,0,Yes,No,DSL,No,No,No,Yes,Yes,No,No,0,2020-02-01,702
1972-XMUWV,2014-09-01,No,Two_year,Yes,Credit_card_(automatic),59.8,3808.2,Female,0,Yes,No,DSL,No,No,No,Yes,Yes,No,No,0,2020-02-01,1979
8679-LZBMD,2016-06-01,No,One_year,Yes,Bank_transfer_(automatic),90.65,3974.15,Male,0,Yes,No,Fiber_optic,No,No,No,No,Yes,Yes,No,0,2020-02-01,1340
3407-JMJQQ,2014-03-01,No,Two_year,Yes,Bank_transfer_(automatic),109.0,7661.8,Female,0,Yes,Yes,Fiber_optic,Yes,Yes,Yes,No,Yes,Yes,Yes,0,2020-02-01,2163
6252-DFGTK,2017-01-01,No,One_year,No,Credit_card_(automatic),68.1,2479.25,Female,0,Yes,No,DSL,Yes,No,Yes,Yes,No,No,Yes,0,2020-02-01,1126
1539-LNKHM,2019-02-01,No,Month-to-month,No,Mailed_check,20.4,266.6,Female,0,No,No,No,No,No,No,No,No,No,No,0,2020-02-01,365
8645-KOMJQ,2014-05-01,No,Two_year,Yes,Bank_transfer_(automatic),81.95,5601.4,Male,0,Yes,Yes,DSL,No,Yes,Yes,Yes,Yes,Yes,Yes,0,2020-02-01,2102
0289-IVARM,2017-03-01,No,Month-to-month,No,Electronic_check,60.55,1982.6,Female,0,No,No,DSL,Yes,Yes,Yes,No,No,No,No,0,2020-02-01,1067
9761-XUJWD,2019-09-01,No,Month-to-month,Yes,Bank_transfer_(automatic),65.6,339.9,Male,0,No,No,DSL,No,Yes,No,Yes,No,Yes,No,0,2020-02-01,153
4057-FKCZK,2015-04-01,No,Two_year,No,Bank_transfer_(automatic),82.5,4828.05,Male,0,Yes,Yes,Fiber_optic,No,No,No,No,Yes,No,Yes,0,2020-02-01,1767
4291-TPNFG,2014-02-01,No,Two_year,Yes,Bank_transfer_(automatic),82.3,5980.55,Male,0,Yes,No,DSL,Yes,Yes,Yes,Yes,No,Yes,Yes,0,2020-02-01,2191
6087-YPWHO,2014-02-01,No,Two_year,No,Mailed_check,68.15,4808.7,Male,0,Yes,No,DSL,Yes,Yes,Yes,Yes,No,No,Yes,0,2020-02-01,2191
3090-QFUVD,2020-01-01,No,Month-to-month,No,Credit_card_(automatic),20.3,20.3,Female,0,No,No,No,No,No,No,No,No,No,No,0,2020-02-01,31
2237-ZFSMY,2016-09-01,2019-12-01 00:00:00,One_year,Yes,Electronic_check,95.55,3692.85,Female,0,No,No,Fiber_optic,Yes,No,Yes,Yes,Yes,No,No,1,2019-12-01,1186
1722-LDZJS,2015-09-01,No,One_year,No,Credit_card_(automatic),20.2,1068.15,Male,0,Yes,Yes,No,No,No,No,No,No,No,No,0,2020-02-01,1614
1818-ESQMW,2017-11-01,No,Month-to-month,Yes,Electronic_check,89.2,2383.6,Female,0,No,No,Fiber_optic,No,No,Yes,Yes,No,Yes,No,0,2020-02-01,822
4871-JTKJF,2019-11-01,2019-12-01 00:00:00,Month-to-month,Yes,Electronic_check,69.65,69.65,Female,1,No,No,Fiber_optic,No,No,No,No,No,No,No,1,2019-12-01,30
1415-YFWLT,2019-12-01,2020-01-01 00:00:00,Month-to-month,Yes,Electronic_check,89.3,89.3,Female,1,No,No,Fiber_optic,No,No,No,No,Yes,Yes,No,1,2020-01-01,31
7401-RUBNK,2018-08-01,No,Month-to-month,No,Electronic_check,74.8,1438.05,Female,0,Yes,No,Fiber_optic,Yes,No,No,No,No,No,No,0,2020-02-01,549
0506-YLVKJ,2016-04-01,No,Two_year,Yes,Mailed_check,20.2,917.45,Male,0,Yes,Yes,No,No,No,No,No,No,No,No,0,2020-02-01,1401
8661-BOYNW,2014-02-01,No,Two_year,Yes,Credit_card_(automatic),84.4,6096.45,Female,0,Yes,No,DSL,Yes,No,Yes,Yes,Yes,Yes,Yes,0,2020-02-01,2191
6711-VTNRE,2016-11-01,2019-11-01 00:00:00,Month-to-month,Yes,Electronic_check,87.55,3078.1,Female,0,No,No,Fiber_optic,No,No,Yes,Yes,No,Yes,No,1,2019-11-01,1095
4815-GBTCD,2019-10-01,No,Month-to-month,Yes,Electronic_check,25.15,99.95,Female,0,Yes,No,DSL,No,No,No,No,No,No,No,0,2020-02-01,123
2805-AUFQN,2018-01-01,No,Two_year,No,Credit_card_(automatic),19.8,475.2,Female,0,No,No,No,No,No,No,No,No,No,No,0,2020-02-01,761
0980-PVMRC,2016-10-01,No,Month-to-month,Yes,Electronic_check,50.85,2036.55,Female,0,Yes,Yes,DSL,No,Yes,No,No,Yes,Yes,No,0,2020-02-01,1218
7233-DRTRF,2014-11-01,No,Month-to-month,Yes,Electronic_check,102.4,6444.05,Male,0,Yes,No,Fiber_optic,No,Yes,Yes,No,Yes,Yes,Yes,0,2020-02-01,1918
3500-RMZLT,2018-08-01,2019-11-01 00:00:00,Month-to-month,Yes,Mailed_check,96.3,1426.75,Female,1,No,No,Fiber_optic,Yes,No,Yes,Yes,No,Yes,No,1,2019-11-01,457
3873-NFTGI,2018-12-01,No,Month-to-month,Yes,Credit_card_(automatic),55.5,767.55,Male,0,No,No,DSL,No,Yes,No,No,No,No,Yes,0,2020-02-01,427
1162-ECVII,2014-02-01,No,Two_year,Yes,Bank_transfer_(automatic),109.75,7932.5,Male,1,Yes,No,Fiber_optic,No,Yes,Yes,Yes,Yes,Yes,Yes,0,2020-02-01,2191
7048-GXDAY,2016-11-01,No,Month-to-month,Yes,Electronic_check,106.4,4040.65,Male,0,No,No,Fiber_optic,Yes,Yes,No,No,Yes,Yes,Yes,0,2020-02-01,1187
8571-ZCMCX,2016-03-01,No,Two_year,Yes,Credit_card_(automatic),60.0,2768.65,Female,0,Yes,Yes,DSL,Yes,Yes,Yes,No,Yes,Yes,No,0,2020-02-01,1432
1169-WCVAK,2018-07-01,No,Month-to-month,Yes,Credit_card_(automatic),88.8,1672.35,Male,0,Yes,No,Fiber_optic,Yes,Yes,No,Yes,No,No,Yes,0,2020-02-01,580
4548-SDBKE,2019-06-01,2019-11-01 00:00:00,Month-to-month,Yes,Electronic_check,85.2,474.8,Female,0,No,No,Fiber_optic,No,No,No,No,Yes,No,Yes,1,2019-11-01,153
8066-POXGX,2018-11-01,2019-12-01 00:00:00,Month-to-month,Yes,Electronic_check,35.1,446.1,Female,0,No,No,DSL,No,No,No,No,No,Yes,No,1,2019-12-01,395
7129-CAKJW,2018-09-01,No,Month-to-month,No,Bank_transfer_(automatic),80.05,1345.65,Female,0,No,No,Fiber_optic,No,No,Yes,No,No,No,Yes,0,2020-02-01,518
8695-ARGXZ,2017-04-01,No,Month-to-month,Yes,Electronic_check,75.55,2425.4,Male,1,Yes,No,Fiber_optic,No,No,No,No,No,No,Yes,0,2020-02-01,1036
3570-YUEKJ,2016-08-01,No,Month-to-month,Yes,Electronic_check,49.55,2077.95,Female,0,No,No,DSL,No,Yes,No,No,No,No,No,0,2020-02-01,1279
4143-OOBWZ,2019-05-01,2019-10-01 00:00:00,Month-to-month,Yes,Electronic_check,81.3,416.3,Male,0,Yes,No,Fiber_optic,No,Yes,No,No,No,No,Yes,1,2019-10-01,153
1555-HAPSU,2014-03-01,No,Two_year,No,Credit_card_(automatic),23.9,1663.5,Female,0,Yes,Yes,No,No,No,No,No,No,No,Yes,0,2020-02-01,2163
1697-NVVGY,2018-07-01,No,Month-to-month,No,Bank_transfer_(automatic),66.4,1286.05,Male,1,Yes,No,DSL,Yes,No,Yes,No,Yes,No,No,0,2020-02-01,580
7854-EKTJL,2019-08-01,2019-10-01 00:00:00,Month-to-month,Yes,Electronic_check,19.6,35.85,Female,0,No,Yes,No,No,No,No,No,No,No,No,1,2019-10-01,61
8464-EETCQ,2015-05-01,No,Two_year,No,Credit_card_(automatic),18.8,1094.35,Male,0,No,No,No,No,No,No,No,No,No,No,0,2020-02-01,1737
2419-FSORS,2014-02-01,No,Two_year,Yes,Electronic_check,108.4,7719.5,Male,0,Yes,No,Fiber_optic,No,Yes,Yes,Yes,Yes,Yes,Yes,0,2020-02-01,2191
8132-YPVBX,2019-08-01,No,Month-to-month,Yes,Mailed_check,85.95,514.6,Female,0,No,No,Fiber_optic,No,Yes,No,No,No,Yes,No,0,2020-02-01,184
9102-IAYHT,2018-05-01,2019-10-01 00:00:00,Month-to-month,Yes,Electronic_check,85.45,1451.6,Female,0,Yes,Yes,Fiber_optic,No,No,No,No,No,Yes,Yes,1,2019-10-01,518
6754-LZUKA,2015-01-01,No,Two_year,No,Bank_transfer_(automatic),80.9,4932.5,Male,0,Yes,No,DSL,No,Yes,Yes,No,Yes,Yes,Yes,0,2020-02-01,1857
3422-LYEPQ,2019-10-01,2019-11-01 00:00:00,Month-to-month,Yes,Electronic_check,71.0,71.0,Male,0,Yes,Yes,Fiber_optic,No,No,No,No,No,No,No,1,2019-11-01,31
8099-MZPUJ,2016-02-01,No,Two_year,No,Credit_card_(automatic),111.8,5443.65,Male,0,Yes,Yes,Fiber_optic,Yes,Yes,Yes,Yes,Yes,Yes,Yes,0,2020-02-01,1461
0787-LHDYT,2018-10-01,No,Month-to-month,Yes,Credit_card_(automatic),20.6,330.25,Male,0,No,No,No,No,No,No,No,No,No,No,0,2020-02-01,488
2642-DTVCO,2019-01-01,2019-10-01 00:00:00,Month-to-month,Yes,Electronic_check,85.05,746.5,Male,1,No,No,Fiber_optic,No,No,No,No,No,Yes,Yes,1,2019-10-01,273
0374-IOEGQ,2019-11-01,No,Month-to-month,No,Electronic_check,44.6,122.7,Female,0,No,No,DSL,No,No,No,No,No,No,No,0,2020-02-01,92
4361-JEIVL,2019-11-01,2019-12-01 00:00:00,Month-to-month,Yes,Electronic_check,44.4,44.4,Male,0,No,Yes,DSL,No,No,No,No,No,No,No,1,2019-12-01,30
3197-NNYNB,2014-09-01,No,Two_year,No,Credit_card_(automatic),105.1,6631.85,Male,0,No,No,Fiber_optic,No,Yes,Yes,No,Yes,Yes,Yes,0,2020-02-01,1979
3396-DKDEL,2014-04-01,No,Two_year,Yes,Credit_card_(automatic),115.15,8250.0,Female,0,Yes,Yes,Fiber_optic,Yes,Yes,Yes,Yes,Yes,Yes,Yes,0,2020-02-01,2132
1752-OZXFY,2015-02-01,No,One_year,Yes,Mailed_check,59.8,3561.15,Male,0,Yes,No,DSL,Yes,No,No,No,Yes,No,No,0,2020-02-01,1826
9066-QRSDU,2014-05-01,No,One_year,Yes,Electronic_check,26.3,1763.55,Female,0,Yes,No,No,No,No,No,No,No,No,Yes,0,2020-02-01,2102
9112-WSNPU,2017-03-01,No,Month-to-month,No,Electronic_check,70.55,2419.0,Female,1,No,No,Fiber_optic,No,No,No,No,No,No,No,0,2020-02-01,1067
9867-NNXLC,2018-04-01,No,Month-to-month,Yes,Mailed_check,20.05,470.2,Female,0,No,No,No,No,No,No,No,No,No,No,0,2020-02-01,671
5321-NTRKC,2014-08-01,No,Two_year,No,Bank_transfer_(automatic),79.85,5234.95,Male,0,Yes,Yes,DSL,No,Yes,Yes,No,Yes,Yes,Yes,0,2020-02-01,2010
1363-TXLSL,2019-11-01,2019-12-01 00:00:00,Month-to-month,Yes,Electronic_check,70.3,70.3,Male,1,Yes,No,Fiber_optic,No,No,No,No,No,No,No,1,2019-12-01,30
9507-EXLTT,2019-09-01,2019-10-01 00:00:00,Month-to-month,Yes,Bank_transfer_(automatic),79.35,79.35,Female,0,Yes,No,Fiber_optic,No,No,No,No,Yes,No,No,1,2019-10-01,30
3161-GETRM,2017-04-01,No,Month-to-month,Yes,Credit_card_(automatic),90.05,3097.0,Male,0,Yes,Yes,Fiber_optic,No,No,Yes,No,No,Yes,Yes,0,2020-02-01,1036
0402-OAMEN,2014-02-01,No,Two_year,No,Bank_transfer_(automatic),24.45,1709.1,Female,0,Yes,Yes,No,No,No,No,No,No,No,Yes,0,2020-02-01,2191
6933-VLYFX,2017-07-01,No,One_year,No,Electronic_check,59.95,1848.8,Male,0,Yes,Yes,DSL,Yes,No,Yes,Yes,Yes,Yes,No,0,2020-02-01,945
6754-WKSHP,2017-08-01,No,One_year,No,Bank_transfer_(automatic),25.35,723.3,Male,0,No,Yes,No,No,No,No,No,No,No,Yes,0,2020-02-01,914
9846-GKXAS,2019-03-01,2019-12-01 00:00:00,Month-to-month,Yes,Bank_transfer_(automatic),90.8,809.75,Female,0,No,No,Fiber_optic,No,No,No,No,Yes,Yes,No,1,2019-12-01,275
6017-PPLPX,2018-03-01,2019-11-01 00:00:00,Month-to-month,Yes,Electronic_check,70.45,1470.95,Male,0,Yes,Yes,Fiber_optic,No,No,No,No,No,No,No,1,2019-11-01,610
4976-LNFVV,2018-07-01,No,Month-to-month,Yes,Credit_card_(automatic),34.3,577.15,Male,1,Yes,No,DSL,No,Yes,Yes,No,No,No,No,0,2020-02-01,580
5055-MGMGF,2014-09-01,No,Month-to-month,Yes,Electronic_check,105.05,6914.95,Female,0,Yes,No,Fiber_optic,Yes,No,Yes,No,Yes,Yes,Yes,0,2020-02-01,1979
4641-FROLU,2017-08-01,No,Two_year,No,Mailed_check,19.3,602.9,Female,0,Yes,Yes,No,No,No,No,No,No,No,No,0,2020-02-01,914
2862-JVEOY,2019-08-01,No,One_year,No,Mailed_check,19.15,124.4,Male,0,No,No,No,No,No,No,No,No,No,No,0,2020-02-01,184
2969-QWUBZ,2019-12-01,No,Month-to-month,No,Electronic_check,51.4,96.8,Female,0,No,No,DSL,No,Yes,No,No,Yes,Yes,No,0,2020-02-01,62
9822-BIIGN,2015-09-01,No,Month-to-month,No,Electronic_check,71.85,3827.9,Male,0,Yes,Yes,DSL,Yes,No,No,Yes,No,Yes,Yes,0,2020-02-01,1614
2077-MPJQO,2019-07-01,No,Month-to-month,Yes,Electronic_check,75.4,533.05,Male,1,Yes,No,Fiber_optic,No,No,No,No,No,No,Yes,0,2020-02-01,215
1534-OULXE,2015-01-01,No,One_year,Yes,Bank_transfer_(automatic),49.7,2961.4,Female,0,Yes,Yes,DSL,Yes,No,No,No,No,No,No,0,2020-02-01,1857
7136-RVDTZ,2014-03-01,2020-01-01 00:00:00,One_year,Yes,Electronic_check,45.25,3264.45,Male,1,No,No,DSL,No,No,No,No,Yes,Yes,No,1,2020-01-01,2132
2971-SGAFL,2019-01-01,No,Month-to-month,Yes,Electronic_check,78.75,995.35,Female,0,No,No,DSL,Yes,No,Yes,No,Yes,Yes,Yes,0,2020-02-01,396
1480-IVEVR,2017-03-01,No,One_year,Yes,Bank_transfer_(automatic),81.6,2815.25,Male,1,Yes,No,Fiber_optic,No,No,Yes,No,No,No,Yes,0,2020-02-01,1067
2905-KFQUV,2019-12-01,No,Month-to-month,Yes,Credit_card_(automatic),70.4,154.8,Female,0,Yes,No,Fiber_optic,No,No,No,No,No,No,No,0,2020-02-01,62
4581-SSPWD,2019-10-01,2020-01-01 00:00:00,Month-to-month,Yes,Electronic_check,75.8,246.3,Female,0,No,No,Fiber_optic,No,No,No,No,No,No,Yes,1,2020-01-01,92
3370-HXOPH,2019-11-01,No,Month-to-month,No,Electronic_check,76.1,257.6,Female,0,No,No,Fiber_optic,No,No,No,No,No,No,Yes,0,2020-02-01,92
9391-YZEJW,2014-12-01,No,One_year,Yes,Bank_transfer_(automatic),94.0,5757.2,Female,0,No,No,Fiber_optic,No,No,No,No,Yes,Yes,Yes,0,2020-02-01,1888
9958-MEKUC,2014-02-01,No,Two_year,No,Credit_card_(automatic),103.95,7517.7,Male,0,Yes,Yes,Fiber_optic,Yes,Yes,Yes,Yes,No,Yes,Yes,0,2020-02-01,2191
0281-CNTZX,2014-11-01,No,Two_year,Yes,Bank_transfer_(automatic),19.95,1234.8,Male,0,Yes,No,No,No,No,No,No,No,No,No,0,2020-02-01,1918
6927-WTFIV,2018-04-01,2019-12-01 00:00:00,Month-to-month,No,Credit_card_(automatic),71.3,1389.2,Male,1,No,No,Fiber_optic,No,No,No,No,No,No,No,1,2019-12-01,609
4118-CEVPF,2017-03-01,No,One_year,Yes,Bank_transfer_(automatic),110.8,3836.3,Female,1,No,No,Fiber_optic,Yes,Yes,Yes,Yes,Yes,Yes,Yes,0,2020-02-01,1067
3398-ZOUAA,2018-01-01,2019-10-01 00:00:00,Month-to-month,Yes,Electronic_check,69.1,1474.75,Male,1,Yes,No,Fiber_optic,No,No,No,No,No,No,No,1,2019-10-01,638
9114-VEPUF,2014-12-01,No,One_year,No,Electronic_check,96.1,6001.45,Male,0,Yes,No,Fiber_optic,Yes,Yes,No,No,No,Yes,Yes,0,2020-02-01,1888
7876-BEUTG,2018-11-01,No,Month-to-month,Yes,Mailed_check,48.8,720.1,Female,0,No,No,DSL,No,No,No,No,No,No,Yes,0,2020-02-01,457
2338-BQEZT,2015-07-01,No,Month-to-month,Yes,Credit_card_(automatic),50.55,2832.75,Female,0,No,No,DSL,Yes,No,No,No,No,No,No,0,2020-02-01,1676
9873-MNDKV,2019-03-01,No,Month-to-month,Yes,Mailed_check,44.65,472.25,Female,0,No,No,DSL,No,No,No,No,No,No,No,0,2020-02-01,337
0378-NHQXU,2018-06-01,2019-11-01 00:00:00,Month-to-month,No,Electronic_check,88.25,1460.65,Female,0,Yes,Yes,Fiber_optic,No,No,Yes,No,Yes,No,Yes,1,2019-11-01,518
8241-JUIQO,2015-01-01,No,One_year,No,Bank_transfer_(automatic),19.45,1336.35,Female,0,No,No,No,No,No,No,No,No,No,No,0,2020-02-01,1857
2194-IIQOF,2014-03-01,No,Two_year,No,Credit_card_(automatic),89.3,6388.65,Female,0,Yes,No,DSL,Yes,Yes,Yes,Yes,Yes,Yes,Yes,0,2020-02-01,2163
4512-ZUIYL,2019-10-01,2019-12-01 00:00:00,Month-to-month,No,Bank_transfer_(automatic),70.0,153.05,Female,0,No,No,Fiber_optic,No,No,No,No,No,No,No,1,2019-12-01,61
9631-RXVJM,2017-03-01,No,Two_year,No,Mailed_check,19.25,677.9,Male,0,No,No,No,No,No,No,No,No,No,No,0,2020-02-01,1067
9584-EXCDZ,2018-09-01,No,Month-to-month,No,Bank_transfer_(automatic),70.5,1165.6,Female,0,No,No,Fiber_optic,No,No,No,No,No,No,No,0,2020-02-01,518
7969-AULMZ,2018-03-01,2019-12-01 00:00:00,Month-to-month,Yes,Electronic_check,97.35,2119.5,Female,0,No,No,Fiber_optic,No,No,No,No,Yes,Yes,Yes,1,2019-12-01,640
5093-FEGLU,2016-03-01,No,Two_year,No,Bank_transfer_(automatic),19.65,921.55,Female,0,Yes,No,No,No,No,No,No,No,No,No,0,2020-02-01,1432
2621-UDNLU,2019-11-01,No,Month-to-month,No,Mailed_check,20.85,72.0,Female,0,Yes,No,No,No,No,No,No,No,No,No,0,2020-02-01,92
7526-IVLYU,2019-11-01,No,Month-to-month,Yes,Mailed_check,19.65,68.35,Male,0,No,No,No,No,No,No,No,No,No,No,0,2020-02-01,92
2428-HYUNX,2016-06-01,No,Two_year,Yes,Credit_card_(automatic),19.35,847.25,Male,1,Yes,No,No,No,No,No,No,No,No,No,0,2020-02-01,1340
9214-EKVXR,2020-01-01,No,Month-to-month,Yes,Mailed_check,44.0,44.0,Female,0,No,No,DSL,No,No,No,No,No,No,No,0,2020-02-01,31
3410-MHHUM,2016-06-01,No,One_year,No,Electronic_check,94.4,4295.35,Female,0,Yes,Yes,Fiber_optic,No,Yes,Yes,No,No,Yes,Yes,0,2020-02-01,1340
0568-ONFPC,2019-07-01,2019-12-01 00:00:00,Month-to-month,Yes,Bank_transfer_(automatic),25.9,135.0,Male,0,Yes,Yes,No,No,No,No,No,No,No,Yes,1,2019-12-01,153
0733-VUNUW,2017-10-01,2019-10-01 00:00:00,Month-to-month,Yes,Bank_transfer_(automatic),55.65,1400.55,Male,0,No,No,DSL,Yes,No,No,No,No,No,Yes,1,2019-10-01,730
4550-EVXNY,2019-12-01,2020-01-01 00:00:00,Month-to-month,Yes,Electronic_check,69.65,69.65,Female,0,No,Yes,Fiber_optic,No,No,No,No,No,No,No,1,2020-01-01,31
2122-YWVYA,2018-08-01,No,Month-to-month,Yes,Electronic_check,75.4,1380.4,Female,0,No,No,Fiber_optic,Yes,No,No,No,No,No,No,0,2020-02-01,549
2968-SSGAA,2019-01-01,2019-11-01 00:00:00,Month-to-month,Yes,Electronic_check,100.6,1060.2,Female,0,No,No,Fiber_optic,No,No,Yes,No,Yes,Yes,Yes,1,2019-11-01,304
2296-DKZFP,2014-09-01,No,Two_year,No,Bank_transfer_(automatic),71.0,4386.2,Female,0,Yes,No,DSL,Yes,Yes,Yes,No,No,Yes,No,0,2020-02-01,1979
4844-JJWUY,2019-11-01,2019-12-01 00:00:00,Month-to-month,Yes,Electronic_check,86.0,86.0,Female,1,No,No,Fiber_optic,No,Yes,No,No,No,Yes,No,1,2019-12-01,30
6777-TGHTM,2015-05-01,2019-10-01 00:00:00,One_year,Yes,Credit_card_(automatic),106.95,5785.5,Female,0,No,No,Fiber_optic,Yes,No,Yes,No,Yes,Yes,Yes,1,2019-10-01,1614
8909-BOLNL,2019-11-01,No,One_year,No,Mailed_check,21.2,52.05,Male,0,No,No,No,No,No,No,No,No,No,No,0,2020-02-01,92
6603-YRDCJ,2017-05-01,No,Two_year,Yes,Mailed_check,61.05,2018.4,Male,0,Yes,No,DSL,Yes,Yes,No,Yes,No,No,No,0,2020-02-01,1006
3538-WZPHD,2019-09-01,2019-12-01 00:00:00,Month-to-month,Yes,Electronic_check,29.6,79.45,Male,0,No,No,DSL,No,Yes,No,No,No,No,No,1,2019-12-01,91
3229-USWAR,2017-04-01,No,One_year,Yes,Bank_transfer_(automatic),79.95,2727.3,Female,0,No,No,DSL,Yes,No,Yes,Yes,Yes,Yes,No,0,2020-02-01,1036
2138-VFAPZ,2018-12-01,No,Two_year,Yes,Mailed_check,19.7,263.65,Female,0,Yes,Yes,No,No,No,No,No,No,No,No,0,2020-02-01,427
6131-JLWZM,2019-01-01,No,Month-to-month,Yes,Mailed_check,20.3,275.4,Female,0,No,No,No,No,No,No,No,No,No,No,0,2020-02-01,396
4785-QRJHC,2016-03-01,2020-01-01 00:00:00,One_year,Yes,Bank_transfer_(automatic),59.9,2816.65,Male,1,Yes,No,DSL,No,Yes,Yes,Yes,Yes,Yes,No,1,2020-01-01,1401
0269-XFESX,2018-03-01,No,One_year,No,Mailed_check,24.35,538.5,Male,0,Yes,Yes,No,No,No,No,No,No,No,Yes,0,2020-02-01,702
1709-EJDOX,2016-03-01,No,Two_year,No,Mailed_check,19.75,948.9,Female,0,Yes,Yes,No,No,No,No,No,No,No,No,0,2020-02-01,1432
4316-XCSLJ,2018-09-01,No,Month-to-month,Yes,Mailed_check,50.3,846.8,Male,0,No,Yes,DSL,Yes,No,No,No,No,No,No,0,2020-02-01,518
8610-WFCJF,2015-11-01,2019-12-01 00:00:00,Month-to-month,Yes,Electronic_check,95.6,4783.5,Female,0,Yes,Yes,Fiber_optic,No,No,No,No,Yes,Yes,Yes,1,2019-12-01,1491
9693-XMUOB,2015-03-01,No,Month-to-month,Yes,Electronic_check,50.25,2997.45,Male,1,Yes,No,DSL,No,Yes,No,No,Yes,Yes,No,0,2020-02-01,1798
0383-CLDDA,2014-05-01,No,Two_year,Yes,Credit_card_(automatic),85.35,5897.4,Female,0,No,No,DSL,Yes,No,Yes,Yes,Yes,Yes,Yes,0,2020-02-01,2102
4905-JEFDW,2019-02-01,2020-01-01 00:00:00,One_year,Yes,Electronic_check,41.6,470.6,Male,0,No,No,DSL,No,No,Yes,No,Yes,No,No,1,2020-01-01,334
2709-UQGNP,2019-04-01,No,Month-to-month,Yes,Mailed_check,51.65,524.5,Male,0,No,No,DSL,Yes,No,No,No,No,No,No,0,2020-02-01,306
3549-ZTMNH,2019-02-01,No,Two_year,Yes,Bank_transfer_(automatic),24.0,269.65,Male,0,Yes,Yes,No,No,No,No,No,No,No,Yes,0,2020-02-01,365
7881-INRLC,2016-01-01,2019-10-01 00:00:00,Month-to-month,Yes,Credit_card_(automatic),100.85,4740.0,Male,0,No,No,Fiber_optic,No,Yes,No,No,Yes,Yes,Yes,1,2019-10-01,1369
8033-ATFAS,2016-11-01,No,Month-to-month,Yes,Mailed_check,59.85,2341.5,Female,0,Yes,Yes,DSL,No,No,Yes,No,Yes,No,No,0,2020-02-01,1187
1635-NZATJ,2014-03-01,No,Two_year,No,Credit_card_(automatic),25.45,1789.65,Male,1,Yes,No,No,No,No,No,No,No,No,Yes,0,2020-02-01,2163
0562-HKHML,2014-03-01,No,Two_year,No,Credit_card_(automatic),23.9,1626.4,Male,0,Yes,Yes,No,No,No,No,No,No,No,Yes,0,2020-02-01,2163
8277-RVRSV,2017-05-01,No,One_year,No,Credit_card_(automatic),24.15,800.3,Female,0,Yes,Yes,No,No,No,No,No,No,No,Yes,0,2020-02-01,1006
9943-VSZUV,2014-07-01,No,Month-to-month,Yes,Mailed_check,75.7,5060.85,Male,1,No,No,Fiber_optic,No,No,No,No,No,No,Yes,0,2020-02-01,2041
0117-LFRMW,2016-09-01,2019-10-01 00:00:00,Month-to-month,No,Bank_transfer_(automatic),40.2,1448.8,Male,0,Yes,Yes,DSL,Yes,Yes,Yes,No,No,No,No,1,2019-10-01,1125
6172-FECYY,2015-11-01,2019-12-01 00:00:00,Month-to-month,No,Electronic_check,84.5,4254.85,Male,0,Yes,Yes,Fiber_optic,No,No,No,No,Yes,No,Yes,1,2019-12-01,1491
7054-ENNGU,2019-05-01,No,Month-to-month,No,Mailed_check,50.85,466.6,Female,0,Yes,No,DSL,No,Yes,No,No,No,No,No,0,2020-02-01,276
1455-HFBXA,2015-10-01,No,Two_year,Yes,Credit_card_(automatic),91.6,4627.8,Male,0,Yes,No,Fiber_optic,Yes,No,Yes,Yes,No,No,Yes,0,2020-02-01,1584
9402-CXWPL,2014-04-01,No,One_year,No,Electronic_check,98.9,6838.6,Female,0,No,No,Fiber_optic,No,Yes,No,No,Yes,Yes,Yes,0,2020-02-01,2132
1628-BIZYP,2020-01-01,No,Month-to-month,Yes,Electronic_check,85.0,85.0,Male,0,No,No,Fiber_optic,No,Yes,No,No,No,Yes,No,0,2020-02-01,31
1965-AKTSX,2018-11-01,2020-01-01 00:00:00,Month-to-month,Yes,Electronic_check,78.95,1101.85,Female,1,No,No,Fiber_optic,No,Yes,No,No,No,No,Yes,1,2020-01-01,426
0082-LDZUE,2020-01-01,No,Month-to-month,Yes,Mailed_check,44.3,44.3,Male,0,No,No,DSL,No,No,No,No,No,No,No,0,2020-02-01,31
4786-UKSNZ,2019-12-01,2020-01-01 00:00:00,Month-to-month,No,Mailed_check,20.2,20.2,Male,0,No,No,No,No,No,No,No,No,No,No,1,2020-01-01,31
5343-SGUBI,2015-10-01,No,One_year,Yes,Mailed_check,80.2,4297.6,Female,0,No,No,Fiber_optic,No,Yes,No,No,No,No,Yes,0,2020-02-01,1584
0856-NAOES,2019-08-01,No,Month-to-month,No,Mailed_check,60.9,414.1,Male,0,No,No,DSL,No,No,Yes,No,Yes,No,No,0,2020-02-01,184
1976-AZZPJ,2019-07-01,No,Month-to-month,No,Mailed_check,34.2,256.6,Male,0,Yes,No,DSL,Yes,Yes,No,No,No,No,No,0,2020-02-01,215
7248-VZQLC,2015-11-01,2019-10-01 00:00:00,Month-to-month,Yes,Bank_transfer_(automatic),85.2,3969.35,Female,1,No,No,Fiber_optic,No,Yes,Yes,No,No,No,Yes,1,2019-10-01,1430
6156-UZDLF,2017-12-01,No,One_year,Yes,Credit_card_(automatic),87.15,2274.1,Female,0,No,No,Fiber_optic,Yes,No,Yes,Yes,No,No,No,0,2020-02-01,792
3099-OONVS,2018-01-01,No,Month-to-month,No,Electronic_check,54.3,1296.8,Male,0,Yes,Yes,DSL,Yes,No,No,Yes,No,No,No,0,2020-02-01,761
9500-WBGRP,2014-05-01,No,Two_year,Yes,Mailed_check,19.1,1268.85,Male,0,No,No,No,No,No,No,No,No,No,No,0,2020-02-01,2102
5183-KLYEM,2014-02-01,No,Two_year,Yes,Credit_card_(automatic),112.75,8192.6,Female,0,No,No,Fiber_optic,Yes,Yes,Yes,Yes,Yes,Yes,Yes,0,2020-02-01,2191
5144-PQCDZ,2019-10-01,No,Month-to-month,Yes,Mailed_check,19.95,59.25,Male,0,No,No,No,No,No,No,No,No,No,No,0,2020-02-01,123
8514-VZHEB,2015-03-01,No,Two_year,No,Mailed_check,19.5,1147.85,Male,0,Yes,Yes,No,No,No,No,No,No,No,No,0,2020-02-01,1798
6625-IUTTT,2014-07-01,No,Two_year,No,Bank_transfer_(automatic),65.55,4361.55,Male,0,No,No,DSL,Yes,No,Yes,No,No,Yes,No,0,2020-02-01,2041
9355-NPPFS,2017-12-01,No,Month-to-month,Yes,Electronic_check,78.8,2006.1,Female,1,No,No,Fiber_optic,No,No,No,No,No,Yes,No,0,2020-02-01,792
0068-FIGTF,2017-11-01,No,One_year,No,Mailed_check,78.2,2078.95,Female,0,No,No,DSL,No,Yes,Yes,Yes,Yes,Yes,No,0,2020-02-01,822
5965-GGPRW,2014-02-01,No,Two_year,No,Bank_transfer_(automatic),105.25,7609.75,Male,0,Yes,Yes,Fiber_optic,Yes,No,Yes,No,Yes,Yes,Yes,0,2020-02-01,2191
8035-PWSEV,2019-08-01,No,Month-to-month,Yes,Electronic_check,89.25,487.05,Female,0,No,No,Fiber_optic,No,No,Yes,Yes,No,Yes,No,0,2020-02-01,184
2236-HILPA,2014-12-01,No,Two_year,No,Credit_card_(automatic),20.65,1218.45,Male,0,Yes,Yes,No,No,No,No,No,No,No,No,0,2020-02-01,1888
1840-BIUOG,2018-06-01,No,One_year,Yes,Electronic_check,68.7,1416.2,Male,0,No,No,DSL,No,Yes,No,Yes,Yes,No,Yes,0,2020-02-01,610
1356-MKYSK,2019-08-01,No,Month-to-month,No,Credit_card_(automatic),78.65,483.3,Male,0,No,No,DSL,Yes,No,Yes,Yes,Yes,Yes,No,0,2020-02-01,184
6080-LNESI,2015-11-01,No,Two_year,No,Mailed_check,24.75,1234.6,Male,0,No,No,No,No,No,No,No,No,No,Yes,0,2020-02-01,1553
1830-IPXVJ,2015-01-01,No,Two_year,No,Credit_card_(automatic),19.75,1311.6,Female,0,Yes,Yes,No,No,No,No,No,No,No,No,0,2020-02-01,1857
5828-DWPIL,2014-12-01,No,Month-to-month,Yes,Electronic_check,89.1,5618.3,Male,1,Yes,No,Fiber_optic,Yes,Yes,Yes,No,No,No,Yes,0,2020-02-01,1888
8398-TBIYD,2014-02-01,No,Two_year,Yes,Bank_transfer_(automatic),84.7,6185.15,Female,0,No,No,Fiber_optic,Yes,No,No,Yes,No,No,Yes,0,2020-02-01,2191
0011-IGKFF,2018-12-01,2020-01-01 00:00:00,Month-to-month,Yes,Electronic_check,98.0,1237.85,Male,1,Yes,No,Fiber_optic,No,Yes,Yes,No,Yes,Yes,No,1,2020-01-01,396
4192-GORJT,2019-08-01,2020-01-01 00:00:00,Month-to-month,Yes,Electronic_check,94.45,498.1,Male,0,Yes,No,Fiber_optic,No,No,Yes,No,Yes,Yes,No,1,2020-01-01,153
6496-SLWHQ,2019-10-01,2020-01-01 00:00:00,Month-to-month,Yes,Electronic_check,105.0,294.45,Male,1,No,No,Fiber_optic,No,Yes,Yes,No,Yes,Yes,Yes,1,2020-01-01,92
9912-GVSEQ,2017-09-01,2019-11-01 00:00:00,Month-to-month,Yes,Electronic_check,93.85,2381.55,Female,1,Yes,No,Fiber_optic,No,Yes,Yes,No,No,Yes,Yes,1,2019-11-01,791
2931-FSOHN,2019-01-01,No,Month-to-month,Yes,Electronic_check,59.9,788.35,Male,1,No,No,DSL,No,Yes,No,No,Yes,No,No,0,2020-02-01,396
9418-RUKPH,2016-12-01,No,Two_year,Yes,Mailed_check,19.95,756.4,Female,0,Yes,Yes,No,No,No,No,No,No,No,No,0,2020-02-01,1157
5383-MMTWC,2019-04-01,2019-12-01 00:00:00,Month-to-month,Yes,Electronic_check,84.0,613.4,Female,1,Yes,No,Fiber_optic,No,No,No,No,No,Yes,Yes,1,2019-12-01,244
9971-ZWPBF,2017-04-01,No,Month-to-month,Yes,Electronic_check,108.9,3625.2,Male,1,Yes,Yes,Fiber_optic,No,Yes,Yes,Yes,Yes,Yes,Yes,0,2020-02-01,1036
4712-AUQZO,2018-08-01,No,Month-to-month,No,Mailed_check,33.6,550.35,Male,0,No,No,DSL,Yes,No,Yes,No,No,No,No,0,2020-02-01,549
9711-FJTBX,2015-06-01,No,One_year,Yes,Mailed_check,85.85,4793.8,Male,0,Yes,Yes,Fiber_optic,No,Yes,Yes,Yes,No,No,No,0,2020-02-01,1706
2908-ZTPNF,2017-02-01,No,Month-to-month,Yes,Bank_transfer_(automatic),34.85,1267.2,Female,0,No,No,DSL,No,Yes,No,Yes,No,No,No,0,2020-02-01,1095
7240-ETPTR,2019-02-01,2019-11-01 00:00:00,Month-to-month,Yes,Electronic_check,48.75,442.2,Female,0,Yes,No,DSL,No,No,Yes,No,Yes,Yes,No,1,2019-11-01,273
2202-CUYXZ,2019-10-01,2019-11-01 00:00:00,Month-to-month,Yes,Electronic_check,84.85,84.85,Male,0,No,No,Fiber_optic,No,No,Yes,No,Yes,No,No,1,2019-11-01,31
5995-OIGLP,2019-01-01,2020-01-01 00:00:00,Month-to-month,No,Mailed_check,56.65,654.85,Male,0,No,No,DSL,Yes,No,No,Yes,No,No,No,1,2020-01-01,365
8421-WZOOW,2015-05-01,No,Month-to-month,Yes,Credit_card_(automatic),95.3,5567.45,Female,1,Yes,Yes,Fiber_optic,No,Yes,Yes,Yes,Yes,No,No,0,2020-02-01,1737
6261-RCVNS,2016-04-01,2019-10-01 00:00:00,One_year,No,Credit_card_(automatic),73.9,3160.55,Female,0,No,No,DSL,Yes,Yes,Yes,Yes,No,Yes,No,1,2019-10-01,1278
7951-QKZPL,2017-02-01,2019-11-01 00:00:00,Two_year,Yes,Mailed_check,24.5,740.3,Female,0,Yes,Yes,No,No,No,No,No,No,No,Yes,1,2019-11-01,1003
1414-YADCW,2014-04-01,No,Two_year,No,Bank_transfer_(automatic),84.6,5706.2,Male,0,Yes,No,Fiber_optic,Yes,Yes,No,Yes,No,No,No,0,2020-02-01,2132
8756-RDDLT,2014-06-01,No,Month-to-month,No,Electronic_check,44.95,3085.35,Female,0,No,No,DSL,No,Yes,No,Yes,No,Yes,No,0,2020-02-01,2071
2862-PFNIK,2020-01-01,No,Month-to-month,Yes,Electronic_check,24.7,24.7,Male,0,No,Yes,DSL,No,No,No,No,No,No,No,0,2020-02-01,31
5816-QVHRX,2017-01-01,No,Month-to-month,No,Credit_card_(automatic),100.3,3541.4,Female,0,No,No,Fiber_optic,No,No,No,Yes,Yes,Yes,Yes,0,2020-02-01,1126
4430-YHXGG,2019-10-01,No,Month-to-month,Yes,Mailed_check,25.45,84.2,Female,0,No,Yes,No,No,No,No,No,No,No,Yes,0,2020-02-01,123
6888-SBYAI,2020-01-01,No,Month-to-month,Yes,Mailed_check,50.7,50.7,Male,0,No,No,DSL,Yes,No,No,No,No,No,No,0,2020-02-01,31
7395-XWZOY,2018-06-01,No,Month-to-month,Yes,Credit_card_(automatic),55.0,1165.55,Male,0,No,No,DSL,Yes,Yes,Yes,Yes,Yes,No,No,0,2020-02-01,610
7169-YWAMK,2014-02-01,No,Two_year,No,Bank_transfer_(automatic),68.4,4855.35,Male,0,Yes,Yes,DSL,Yes,Yes,No,Yes,Yes,No,No,0,2020-02-01,2191
3640-PHQXK,2017-04-01,2019-11-01 00:00:00,Month-to-month,Yes,Electronic_check,89.9,2806.9,Female,0,No,No,Fiber_optic,No,No,Yes,No,No,Yes,Yes,1,2019-11-01,944
6877-LGWXO,2018-07-01,2020-01-01 00:00:00,Month-to-month,No,Electronic_check,78.55,1422.65,Male,1,Yes,No,Fiber_optic,No,No,No,No,No,Yes,No,1,2020-01-01,549
6859-RKMZJ,2019-03-01,No,Month-to-month,Yes,Bank_transfer_(automatic),55.05,608.15,Male,0,Yes,No,DSL,No,No,No,No,Yes,No,No,0,2020-02-01,337
2729-VNVAP,2017-05-01,No,Two_year,No,Credit_card_(automatic),19.8,641.35,Female,0,Yes,Yes,No,No,No,No,No,No,No,No,0,2020-02-01,1006
2957-JIRMN,2014-12-01,No,One_year,No,Electronic_check,84.45,4959.15,Female,1,No,No,Fiber_optic,No,No,No,No,Yes,No,Yes,0,2020-02-01,1888
2049-BAFNW,2020-01-01,No,Month-to-month,No,Mailed_check,35.9,35.9,Female,0,No,No,DSL,No,No,Yes,Yes,No,No,No,0,2020-02-01,31
3842-QTGDL,2018-10-01,No,Month-to-month,No,Bank_transfer_(automatic),80.75,1321.3,Male,0,Yes,No,Fiber_optic,Yes,Yes,No,No,No,No,No,0,2020-02-01,488
7163-OCEQI,2018-04-01,No,One_year,Yes,Mailed_check,78.65,1663.75,Male,0,Yes,Yes,DSL,No,No,Yes,Yes,Yes,Yes,Yes,0,2020-02-01,671
9782-LGXMC,2016-01-01,No,Month-to-month,No,Bank_transfer_(automatic),61.75,3024.15,Female,0,Yes,Yes,DSL,Yes,No,Yes,Yes,No,No,No,0,2020-02-01,1492
5975-BAICR,2017-02-01,No,One_year,Yes,Credit_card_(automatic),63.7,2188.5,Male,0,Yes,Yes,DSL,Yes,No,Yes,No,No,Yes,No,0,2020-02-01,1095
8019-ENHXU,2016-05-01,2019-11-01 00:00:00,Month-to-month,Yes,Electronic_check,99.45,4138.05,Male,0,Yes,No,Fiber_optic,No,Yes,Yes,Yes,No,Yes,Yes,1,2019-11-01,1279
5167-GBFRE,2019-07-01,2019-11-01 00:00:00,Month-to-month,Yes,Bank_transfer_(automatic),25.2,102.5,Male,1,No,No,DSL,No,No,No,No,No,No,No,1,2019-11-01,123
9033-EOXWV,2018-12-01,2019-12-01 00:00:00,One_year,No,Mailed_check,74.05,872.65,Female,0,No,No,DSL,No,No,No,Yes,Yes,Yes,Yes,1,2019-12-01,365
4673-KKSLS,2017-07-01,No,Month-to-month,No,Electronic_check,87.6,2724.25,Female,0,No,No,Fiber_optic,Yes,No,Yes,Yes,No,No,No,0,2020-02-01,945
4853-OITSN,2019-09-01,No,Month-to-month,Yes,Electronic_check,89.15,413.25,Male,0,Yes,No,Fiber_optic,Yes,No,No,No,No,Yes,Yes,0,2020-02-01,153
9800-OUIGR,2014-08-01,No,Two_year,No,Credit_card_(automatic),20.0,1374.2,Male,0,Yes,Yes,No,No,No,No,No,No,No,No,0,2020-02-01,2010
1324-NLTJE,2018-07-01,2019-10-01 00:00:00,Month-to-month,No,Credit_card_(automatic),55.0,757.1,Female,1,No,No,DSL,No,No,No,Yes,No,No,Yes,1,2019-10-01,457
2324-EFHVG,2014-10-01,No,Two_year,Yes,Bank_transfer_(automatic),104.4,6692.65,Male,0,No,No,Fiber_optic,No,Yes,Yes,No,Yes,Yes,Yes,0,2020-02-01,1949
7094-MSZAO,2019-04-01,No,Month-to-month,Yes,Credit_card_(automatic),20.05,218.5,Male,0,Yes,Yes,No,No,No,No,No,No,No,No,0,2020-02-01,306
1522-VVDMG,2019-05-01,2019-12-01 00:00:00,Month-to-month,Yes,Electronic_check,89.75,608.8,Male,0,Yes,Yes,Fiber_optic,No,Yes,No,Yes,Yes,No,No,1,2019-12-01,214
6907-CQGPN,2017-09-01,No,Month-to-month,No,Electronic_check,34.3,1004.75,Male,0,No,No,DSL,No,Yes,No,Yes,No,No,No,0,2020-02-01,883
0780-XNZFN,2015-05-01,No,Two_year,No,Bank_transfer_(automatic),20.65,1125.6,Male,0,No,No,No,No,No,No,No,No,No,No,0,2020-02-01,1737
0239-OXEXL,2016-04-01,No,Month-to-month,No,Mailed_check,84.25,3847.6,Female,0,No,No,Fiber_optic,Yes,Yes,No,No,No,No,Yes,0,2020-02-01,1401
2675-IJRGJ,2015-09-01,No,Two_year,No,Bank_transfer_(automatic),19.65,978.0,Male,0,No,No,No,No,No,No,No,No,No,No,0,2020-02-01,1614
7049-GKVZY,2018-09-01,No,One_year,No,Credit_card_(automatic),79.85,1387.35,Female,0,No,No,DSL,Yes,Yes,No,Yes,Yes,Yes,No,0,2020-02-01,518
8577-QSOCG,2016-12-01,No,Two_year,Yes,Mailed_check,20.2,746.05,Female,0,Yes,Yes,No,No,No,No,No,No,No,No,0,2020-02-01,1157
3721-CNZHX,2018-11-01,No,One_year,No,Mailed_check,19.8,304.6,Male,0,No,No,No,No,No,No,No,No,No,No,0,2020-02-01,457
0212-ISBBF,2018-04-01,No,Month-to-month,Yes,Electronic_check,50.35,1098.85,Female,0,No,No,DSL,No,Yes,No,No,Yes,Yes,No,0,2020-02-01,671
9185-TQCVP,2018-11-01,2020-01-01 00:00:00,Month-to-month,Yes,Electronic_check,85.15,1139.2,Male,0,Yes,No,Fiber_optic,No,No,No,No,No,Yes,Yes,1,2020-01-01,426
3585-YNADK,2015-05-01,No,One_year,No,Bank_transfer_(automatic),74.6,4368.95,Female,0,Yes,No,DSL,No,Yes,Yes,Yes,Yes,No,Yes,0,2020-02-01,1737
5271-DBYSJ,2019-03-01,No,Month-to-month,Yes,Credit_card_(automatic),79.15,827.7,Male,1,No,No,Fiber_optic,No,No,No,No,No,Yes,No,0,2020-02-01,337
1099-GODLO,2020-01-01,No,Two_year,No,Mailed_check,20.35,20.35,Female,0,Yes,Yes,No,No,No,No,No,No,No,No,0,2020-02-01,31
6828-HMKWP,2019-02-01,No,Two_year,No,Bank_transfer_(automatic),21.05,262.05,Male,0,Yes,Yes,No,No,No,No,No,No,No,No,0,2020-02-01,365
5567-WSELE,2019-07-01,2019-10-01 00:00:00,Month-to-month,Yes,Electronic_check,94.6,279.55,Male,1,Yes,No,Fiber_optic,No,No,No,No,Yes,Yes,Yes,1,2019-10-01,92
1472-TNCWL,2017-02-01,No,Month-to-month,Yes,Electronic_check,94.7,3512.5,Male,0,No,Yes,Fiber_optic,No,Yes,No,No,Yes,Yes,No,0,2020-02-01,1095
8063-RJYNF,2018-06-01,2019-10-01 00:00:00,Month-to-month,Yes,Electronic_check,94.25,1483.25,Male,0,No,No,Fiber_optic,Yes,No,No,No,Yes,Yes,No,1,2019-10-01,487
0687-ZVTHB,2014-05-01,2019-10-01 00:00:00,One_year,No,Credit_card_(automatic),72.45,4653.85,Male,0,Yes,Yes,DSL,Yes,Yes,Yes,No,No,Yes,Yes,1,2019-10-01,1979
2080-GKCWQ,2019-12-01,No,Month-to-month,No,Electronic_check,74.95,151.75,Male,0,No,No,Fiber_optic,No,Yes,No,No,No,No,No,0,2020-02-01,62
9661-ACXBS,2016-06-01,2019-12-01 00:00:00,Month-to-month,Yes,Electronic_check,105.2,4400.75,Female,0,No,No,Fiber_optic,Yes,No,Yes,No,Yes,Yes,Yes,1,2019-12-01,1278
2193-SFWQW,2014-02-01,No,Two_year,No,Bank_transfer_(automatic),111.95,8033.1,Male,0,Yes,Yes,Fiber_optic,Yes,Yes,Yes,Yes,Yes,Yes,No,0,2020-02-01,2191
5656-JAMLX,2014-12-01,No,Two_year,No,Bank_transfer_(automatic),19.85,1253.65,Male,0,No,No,No,No,No,No,No,No,No,No,0,2020-02-01,1888
3462-BJQQA,2019-08-01,No,Month-to-month,Yes,Electronic_check,89.75,552.65,Female,0,No,No,Fiber_optic,No,Yes,No,No,Yes,No,Yes,0,2020-02-01,184
0442-TDYUO,2016-02-01,No,Two_year,Yes,Mailed_check,20.05,1036.0,Male,0,Yes,No,No,No,No,No,No,No,No,No,0,2020-02-01,1461
6733-LRIZX,2017-03-01,No,Two_year,Yes,Electronic_check,108.95,4025.5,Male,0,No,No,Fiber_optic,Yes,No,Yes,Yes,Yes,Yes,Yes,0,2020-02-01,1067
9503-XJUME,2015-10-01,No,One_year,No,Credit_card_(automatic),19.65,928.4,Male,0,No,Yes,No,No,No,No,No,No,No,No,0,2020-02-01,1584
4367-NHWMM,2020-01-01,No,Month-to-month,Yes,Mailed_check,24.9,24.9,Female,0,No,No,DSL,No,No,No,No,No,No,No,0,2020-02-01,31
3727-RJMEO,2019-05-01,2019-11-01 00:00:00,Month-to-month,Yes,Electronic_check,82.85,460.25,Male,0,Yes,No,Fiber_optic,No,No,No,No,Yes,No,Yes,1,2019-11-01,184
3779-OSWCF,2014-03-01,No,Two_year,No,Credit_card_(automatic),93.2,6506.15,Female,0,Yes,No,DSL,Yes,Yes,Yes,Yes,Yes,Yes,Yes,0,2020-02-01,2163
6736-DHUQI,2014-07-01,No,One_year,No,Bank_transfer_(automatic),84.8,5598.3,Female,0,Yes,Yes,Fiber_optic,Yes,Yes,Yes,No,No,No,No,0,2020-02-01,2041
3915-ODIYG,2015-02-01,No,One_year,Yes,Electronic_check,71.75,4374.55,Male,1,No,No,DSL,Yes,Yes,No,No,No,Yes,Yes,0,2020-02-01,1826
1360-RCYRT,2018-03-01,No,Month-to-month,Yes,Bank_transfer_(automatic),30.35,678.75,Male,0,Yes,Yes,DSL,No,No,No,Yes,No,No,No,0,2020-02-01,702
2724-FJDYW,2016-11-01,No,One_year,No,Bank_transfer_(automatic),54.85,2191.7,Male,0,No,Yes,DSL,No,No,Yes,Yes,Yes,Yes,No,0,2020-02-01,1187
4451-RWASJ,2018-11-01,No,One_year,Yes,Mailed_check,19.5,239.75,Male,0,Yes,Yes,No,No,No,No,No,No,No,No,0,2020-02-01,457
6646-VRFOL,2015-05-01,2019-10-01 00:00:00,Month-to-month,Yes,Electronic_check,103.85,5485.5,Male,1,Yes,No,Fiber_optic,No,Yes,Yes,No,Yes,Yes,Yes,1,2019-10-01,1614
3460-TJBWI,2018-02-01,No,Two_year,No,Mailed_check,24.2,609.05,Male,0,Yes,Yes,No,No,No,No,No,No,No,Yes,0,2020-02-01,730
5917-HBSDW,2017-01-01,No,Month-to-month,No,Electronic_check,19.35,683.75,Female,0,Yes,Yes,No,No,No,No,No,No,No,No,0,2020-02-01,1126
5685-IIXLY,2019-08-01,2020-01-01 00:00:00,Month-to-month,Yes,Electronic_check,83.6,404.2,Female,0,Yes,Yes,Fiber_optic,No,Yes,No,No,No,Yes,No,1,2020-01-01,153
5671-UUNXD,2015-12-01,No,One_year,Yes,Electronic_check,100.65,5189.75,Female,1,Yes,No,Fiber_optic,No,No,No,Yes,Yes,Yes,Yes,0,2020-02-01,1523
0956-ACVZC,2015-08-01,No,One_year,Yes,Credit_card_(automatic),94.1,5060.9,Female,0,No,No,Fiber_optic,No,No,Yes,No,Yes,Yes,No,0,2020-02-01,1645
2325-NBPZG,2019-11-01,No,Month-to-month,Yes,Electronic_check,74.55,233.65,Female,0,No,No,Fiber_optic,Yes,No,No,No,No,No,No,0,2020-02-01,92
4250-ZBWLV,2014-02-01,2019-10-01 00:00:00,One_year,No,Electronic_check,108.45,7176.55,Male,0,No,No,Fiber_optic,No,Yes,Yes,Yes,Yes,Yes,Yes,1,2019-10-01,2068
4482-FTFFX,2019-09-01,No,Month-to-month,No,Electronic_check,56.15,291.45,Male,0,No,No,DSL,No,No,Yes,Yes,No,No,No,0,2020-02-01,153
8859-DZTGQ,2017-05-01,No,Two_year,No,Mailed_check,20.35,689.75,Male,0,No,No,No,No,No,No,No,No,No,No,0,2020-02-01,1006
0440-MOGPM,2016-09-01,No,One_year,Yes,Electronic_check,80.55,3263.9,Female,0,No,No,DSL,No,Yes,Yes,No,Yes,Yes,Yes,0,2020-02-01,1248
0020-JDNXP,2017-04-01,No,One_year,No,Mailed_check,61.25,1993.2,Female,0,Yes,Yes,DSL,Yes,No,Yes,Yes,Yes,Yes,No,0,2020-02-01,1036
3752-CQSJI,2019-01-01,No,Month-to-month,Yes,Mailed_check,20.45,254.5,Female,0,Yes,Yes,No,No,No,No,No,No,No,No,0,2020-02-01,396
5025-GOOKI,2018-06-01,No,Month-to-month,Yes,Credit_card_(automatic),18.9,347.65,Female,0,No,No,No,No,No,No,No,No,No,No,0,2020-02-01,610
4698-KVLLG,2015-11-01,No,Two_year,No,Credit_card_(automatic),19.6,967.9,Female,1,No,No,No,No,No,No,No,No,No,No,0,2020-02-01,1553
5095-AESKG,2019-09-01,2019-12-01 00:00:00,Month-to-month,Yes,Credit_card_(automatic),91.5,242.95,Female,0,Yes,No,Fiber_optic,No,Yes,No,No,No,Yes,Yes,1,2019-12-01,91
2887-JPYLU,2016-09-01,No,Month-to-month,No,Bank_transfer_(automatic),45.2,1841.9,Female,0,No,Yes,DSL,No,No,No,No,No,No,No,0,2020-02-01,1248
4770-QAZXN,2019-01-01,No,Month-to-month,No,Credit_card_(automatic),19.45,232.1,Female,0,No,No,No,No,No,No,No,No,No,No,0,2020-02-01,396
4896-CPRPF,2017-03-01,No,Two_year,No,Bank_transfer_(automatic),25.45,809.25,Male,0,Yes,Yes,No,No,No,No,No,No,No,Yes,0,2020-02-01,1067
1871-MOWRM,2018-12-01,2019-12-01 00:00:00,Month-to-month,No,Bank_transfer_(automatic),80.85,866.45,Male,0,Yes,No,Fiber_optic,Yes,No,No,Yes,No,No,No,1,2019-12-01,365
9714-EDSUC,2019-10-01,No,Month-to-month,Yes,Mailed_check,94.9,360.55,Male,0,No,No,Fiber_optic,Yes,Yes,No,Yes,No,Yes,No,0,2020-02-01,123
2027-OAQQC,2016-04-01,2019-11-01 00:00:00,Month-to-month,Yes,Bank_transfer_(automatic),49.05,2076.2,Female,0,No,No,DSL,No,No,Yes,No,Yes,Yes,No,1,2019-11-01,1309
0282-NVSJS,2019-02-01,No,Month-to-month,Yes,Mailed_check,29.3,355.9,Female,1,Yes,Yes,DSL,No,No,No,Yes,No,No,No,0,2020-02-01,365
9090-SGQXL,2014-04-01,2019-12-01 00:00:00,Month-to-month,Yes,Electronic_check,105.3,7299.65,Male,1,Yes,No,Fiber_optic,No,Yes,Yes,No,Yes,Yes,Yes,1,2019-12-01,2070
6595-YGXIT,2017-10-01,2019-11-01 00:00:00,Month-to-month,Yes,Electronic_check,88.95,2291.2,Male,1,No,No,Fiber_optic,No,Yes,No,No,Yes,No,Yes,1,2019-11-01,761
7353-YOWFP,2019-07-01,No,One_year,No,Mailed_check,20.25,129.15,Female,0,No,No,No,No,No,No,No,No,No,No,0,2020-02-01,215
9835-ZIITK,2014-06-01,2019-12-01 00:00:00,One_year,Yes,Electronic_check,110.85,7491.75,Male,1,Yes,No,Fiber_optic,No,Yes,Yes,Yes,Yes,Yes,Yes,1,2019-12-01,2009
8008-ESFLK,2015-09-01,No,One_year,No,Electronic_check,110.5,5835.5,Female,0,Yes,No,Fiber_optic,Yes,Yes,Yes,Yes,Yes,Yes,No,0,2020-02-01,1614
7537-CBQUZ,2014-11-01,No,Month-to-month,Yes,Bank_transfer_(automatic),109.4,7031.45,Male,1,No,No,Fiber_optic,Yes,Yes,Yes,No,Yes,Yes,Yes,0,2020-02-01,1918
1555-DJEQW,2013-12-01,2019-10-01 00:00:00,Two_year,Yes,Bank_transfer_(automatic),114.2,7723.9,Female,0,Yes,Yes,Fiber_optic,Yes,Yes,Yes,Yes,Yes,Yes,Yes,1,2019-10-01,2130
5649-TJHOV,2017-08-01,2019-11-01 00:00:00,Month-to-month,No,Bank_transfer_(automatic),36.5,1032.0,Male,1,Yes,No,DSL,No,No,No,No,No,Yes,No,1,2019-11-01,822
0519-XUZJU,2019-10-01,2019-11-01 00:00:00,Month-to-month,No,Mailed_check,70.75,70.75,Female,0,No,No,Fiber_optic,No,No,No,No,No,No,No,1,2019-11-01,31
3363-EWLGO,2019-09-01,No,Month-to-month,No,Mailed_check,19.95,109.6,Female,0,No,No,No,No,No,No,No,No,No,No,0,2020-02-01,153
4750-UKWJK,2017-01-01,No,One_year,No,Mailed_check,19.6,727.8,Female,1,Yes,No,No,No,No,No,No,No,No,No,0,2020-02-01,1126
6338-AVWCY,2019-09-01,2019-12-01 00:00:00,Month-to-month,Yes,Mailed_check,40.15,130.75,Male,0,No,No,DSL,No,No,Yes,No,Yes,No,No,1,2019-12-01,91
1689-YQBYY,2019-02-01,No,Month-to-month,Yes,Electronic_check,76.6,893.0,Female,0,No,Yes,Fiber_optic,No,No,No,No,No,No,Yes,0,2020-02-01,365
4487-ZYJZK,2016-12-01,No,One_year,No,Credit_card_(automatic),19.6,763.1,Female,0,Yes,Yes,No,No,No,No,No,No,No,No,0,2020-02-01,1157
2959-FENLU,2019-05-01,No,Month-to-month,Yes,Credit_card_(automatic),85.3,781.4,Female,0,No,No,Fiber_optic,No,No,Yes,No,No,Yes,No,0,2020-02-01,276
0708-LGSMF,2019-01-01,No,Month-to-month,Yes,Electronic_check,65.85,902.25,Male,0,Yes,No,DSL,Yes,No,No,No,No,Yes,Yes,0,2020-02-01,396
9253-QXKBE,2017-08-01,2020-01-01 00:00:00,Month-to-month,Yes,Electronic_check,94.45,2653.65,Male,1,Yes,No,Fiber_optic,No,No,No,No,Yes,Yes,Yes,1,2020-01-01,883
7634-HLQJR,2016-03-01,No,Two_year,No,Credit_card_(automatic),20.05,1016.7,Female,0,Yes,Yes,No,No,No,No,No,No,No,No,0,2020-02-01,1432
0487-RPVUM,2015-01-01,No,Month-to-month,No,Bank_transfer_(automatic),99.4,5943.65,Male,0,Yes,No,Fiber_optic,Yes,No,Yes,Yes,Yes,No,Yes,0,2020-02-01,1857
4079-ULGFR,2018-10-01,No,Month-to-month,No,Mailed_check,20.0,275.7,Male,0,No,No,No,No,No,No,No,No,No,No,0,2020-02-01,488
2516-XSJKX,2016-09-01,No,Two_year,No,Electronic_check,78.45,3126.45,Female,0,Yes,Yes,DSL,Yes,Yes,No,Yes,Yes,Yes,No,0,2020-02-01,1248
0057-QBUQH,2016-07-01,No,Two_year,Yes,Electronic_check,25.1,1070.15,Female,0,No,Yes,No,No,No,No,No,No,No,Yes,0,2020-02-01,1310
9445-SZLCH,2016-12-01,2019-12-01 00:00:00,Month-to-month,Yes,Bank_transfer_(automatic),97.35,3457.9,Female,0,Yes,Yes,Fiber_optic,No,Yes,Yes,No,Yes,No,Yes,1,2019-12-01,1095
6599-SFQVE,2019-08-01,No,Month-to-month,Yes,Electronic_check,55.0,340.4,Female,0,No,No,DSL,No,No,No,No,No,Yes,No,0,2020-02-01,184
8331-ZXFOE,2015-04-01,No,One_year,Yes,Credit_card_(automatic),71.1,4299.2,Female,0,No,No,DSL,Yes,Yes,Yes,Yes,No,No,Yes,0,2020-02-01,1767
4003-FUSHP,2018-07-01,No,Month-to-month,Yes,Credit_card_(automatic),61.55,1093.2,Male,0,No,No,DSL,No,No,No,Yes,Yes,No,No,0,2020-02-01,580
0356-ERHVT,2019-03-01,No,Month-to-month,Yes,Bank_transfer_(automatic),45.9,521.9,Male,0,Yes,No,DSL,No,No,No,No,No,No,No,0,2020-02-01,337
7325-ENZFI,2016-11-01,No,One_year,Yes,Bank_transfer_(automatic),40.3,1630.4,Female,0,No,No,DSL,Yes,Yes,No,Yes,No,No,No,0,2020-02-01,1187
4884-ZTHVF,2019-06-01,No,Month-to-month,Yes,Electronic_check,87.1,713.6,Female,1,No,No,Fiber_optic,No,Yes,No,No,Yes,No,No,0,2020-02-01,245
3920-HIHMQ,2017-12-01,No,Month-to-month,Yes,Mailed_check,49.5,1265.65,Female,0,No,Yes,DSL,No,No,No,No,No,No,Yes,0,2020-02-01,792
3055-OYMSE,2015-09-01,No,Month-to-month,Yes,Credit_card_(automatic),73.8,4003.85,Female,1,No,No,Fiber_optic,No,Yes,No,No,No,No,No,0,2020-02-01,1614
0613-WUXUM,2014-04-01,No,Two_year,Yes,Mailed_check,19.2,1401.4,Female,0,Yes,Yes,No,No,No,No,No,No,No,No,0,2020-02-01,2132
7568-PODML,2019-12-01,2020-01-01 00:00:00,Month-to-month,Yes,Mailed_check,45.3,45.3,Male,0,No,No,DSL,No,No,No,No,Yes,Yes,No,1,2020-01-01,31
4458-KVRBJ,2015-03-01,No,Two_year,No,Mailed_check,25.0,1510.5,Male,0,No,No,No,No,No,No,No,No,No,Yes,0,2020-02-01,1798
5349-IECLD,2019-11-01,2020-01-01 00:00:00,Month-to-month,No,Electronic_check,94.95,178.1,Male,0,No,No,Fiber_optic,No,No,Yes,No,Yes,Yes,No,1,2020-01-01,61
1397-XKKWR,2019-07-01,No,One_year,No,Mailed_check,35.3,264.8,Male,0,No,No,DSL,Yes,No,Yes,No,No,No,No,0,2020-02-01,215
3945-GFWQL,2018-11-01,2019-11-01 00:00:00,Month-to-month,Yes,Electronic_check,44.55,480.6,Female,0,No,Yes,DSL,No,No,No,No,No,No,No,1,2019-11-01,365
8097-OMULG,2015-03-01,No,One_year,No,Credit_card_(automatic),76.75,4541.9,Male,0,Yes,Yes,DSL,No,Yes,Yes,Yes,Yes,Yes,No,0,2020-02-01,1798
6013-BHCAW,2015-01-01,No,Two_year,Yes,Bank_transfer_(automatic),81.0,4976.15,Male,0,Yes,Yes,DSL,No,No,Yes,Yes,Yes,Yes,Yes,0,2020-02-01,1857
0401-WDBXM,2014-02-01,No,Two_year,Yes,Bank_transfer_(automatic),105.55,7542.25,Male,0,Yes,Yes,Fiber_optic,Yes,No,Yes,No,Yes,Yes,Yes,0,2020-02-01,2191
3387-PLKUI,2019-01-01,No,Month-to-month,No,Mailed_check,18.8,251.25,Female,0,Yes,Yes,No,No,No,No,No,No,No,No,0,2020-02-01,396
6096-EGVTU,2014-10-01,No,One_year,No,Mailed_check,24.9,1595.5,Female,0,Yes,Yes,No,No,No,No,No,No,No,Yes,0,2020-02-01,1949
3797-VTIDR,2019-11-01,2019-12-01 00:00:00,Month-to-month,Yes,Electronic_check,23.45,23.45,Male,0,Yes,No,DSL,No,No,No,No,No,No,No,1,2019-12-01,30
5081-NWSUP,2019-04-01,No,One_year,No,Mailed_check,64.9,685.55,Female,0,No,No,DSL,No,Yes,No,Yes,No,Yes,No,0,2020-02-01,306
2580-ATZSQ,2014-09-01,No,One_year,No,Bank_transfer_(automatic),61.35,3874.1,Female,0,Yes,Yes,DSL,Yes,Yes,Yes,No,No,No,No,0,2020-02-01,1979
8085-MSNLK,2014-12-01,No,Two_year,No,Mailed_check,113.95,6891.4,Female,0,Yes,No,Fiber_optic,Yes,Yes,Yes,Yes,Yes,Yes,Yes,0,2020-02-01,1888
9691-HKOVS,2015-07-01,No,One_year,Yes,Electronic_check,90.15,4916.95,Female,0,Yes,No,DSL,Yes,Yes,Yes,Yes,Yes,Yes,Yes,0,2020-02-01,1676
9881-VCZEP,2018-01-01,No,Month-to-month,No,Electronic_check,54.1,1373.0,Female,0,Yes,No,DSL,No,Yes,No,No,No,No,Yes,0,2020-02-01,761
9526-BIHHD,2019-10-01,2019-11-01 00:00:00,Month-to-month,No,Mailed_check,29.7,29.7,Male,0,No,No,DSL,Yes,No,No,No,No,No,No,1,2019-11-01,31
8757-TFHHJ,2020-01-01,No,Month-to-month,Yes,Credit_card_(automatic),49.8,49.8,Male,0,No,No,DSL,Yes,No,No,No,No,No,No,0,2020-02-01,31
4523-WXCEF,2014-12-01,2019-11-01 00:00:00,Month-to-month,No,Electronic_check,101.1,6039.9,Female,0,Yes,No,Fiber_optic,No,Yes,No,No,Yes,Yes,Yes,1,2019-11-01,1796
1468-DEFNC,2014-10-01,No,Two_year,Yes,Bank_transfer_(automatic),24.4,1548.65,Male,1,Yes,Yes,No,No,No,No,No,No,No,Yes,0,2020-02-01,1949
5119-KEPFY,2017-02-01,No,Month-to-month,Yes,Bank_transfer_(automatic),95.0,3440.25,Male,0,Yes,No,Fiber_optic,No,No,No,No,Yes,Yes,Yes,0,2020-02-01,1095
8364-TRMMK,2019-08-01,2019-11-01 00:00:00,Month-to-month,Yes,Mailed_check,50.65,151.3,Female,0,No,No,DSL,No,No,No,No,No,No,Yes,1,2019-11-01,92
0916-KNFAJ,2015-01-01,No,Two_year,Yes,Mailed_check,69.9,4226.7,Male,0,Yes,No,DSL,Yes,No,Yes,No,No,Yes,Yes,0,2020-02-01,1857
8319-QBEHW,2017-12-01,No,One_year,Yes,Bank_transfer_(automatic),39.95,1023.75,Male,0,No,Yes,DSL,No,Yes,No,No,Yes,No,No,0,2020-02-01,792
3063-QFSZL,2019-10-01,2019-11-01 00:00:00,Month-to-month,Yes,Electronic_check,55.4,55.4,Female,0,No,No,DSL,No,No,No,No,No,Yes,No,1,2019-11-01,31
8775-LHDJH,2019-12-01,2020-01-01 00:00:00,Month-to-month,Yes,Electronic_check,90.6,90.6,Female,1,Yes,No,Fiber_optic,No,Yes,No,No,Yes,No,Yes,1,2020-01-01,31
9625-QNLUX,2014-06-01,No,Two_year,Yes,Credit_card_(automatic),103.25,7074.4,Male,0,Yes,Yes,Fiber_optic,Yes,Yes,Yes,No,Yes,Yes,No,0,2020-02-01,2071
3097-NQYSN,2019-09-01,2019-11-01 00:00:00,Month-to-month,Yes,Mailed_check,86.85,156.35,Male,1,Yes,No,Fiber_optic,No,No,No,No,Yes,No,Yes,1,2019-11-01,61
4024-CSNBY,2014-02-01,No,Two_year,Yes,Bank_transfer_(automatic),94.25,6849.75,Female,0,Yes,No,Fiber_optic,Yes,Yes,Yes,Yes,No,No,Yes,0,2020-02-01,2191
7110-BDTWG,2014-03-01,No,Two_year,Yes,Electronic_check,47.05,3263.6,Female,0,Yes,No,DSL,No,No,Yes,Yes,No,Yes,No,0,2020-02-01,2163
7493-GVFIO,2015-05-01,No,Two_year,No,Credit_card_(automatic),20.55,1252.85,Male,0,No,No,No,No,No,No,No,No,No,No,0,2020-02-01,1737
0690-SRQID,2019-10-01,No,Month-to-month,Yes,Mailed_check,19.65,67.55,Male,0,No,No,No,No,No,No,No,No,No,No,0,2020-02-01,123
9605-WGJVW,2020-01-01,No,Month-to-month,Yes,Electronic_check,70.2,70.2,Female,1,No,No,Fiber_optic,No,No,No,No,No,No,No,0,2020-02-01,31
9114-DPSIA,2014-02-01,No,Two_year,No,Credit_card_(automatic),81.0,5750.0,Male,0,Yes,Yes,DSL,Yes,Yes,Yes,Yes,No,Yes,Yes,0,2020-02-01,2191
4700-UBQMV,2018-05-01,No,One_year,Yes,Bank_transfer_(automatic),75.9,1549.75,Male,0,Yes,Yes,DSL,Yes,No,No,No,Yes,Yes,Yes,0,2020-02-01,641
7711-GQBZC,2014-03-01,No,Two_year,No,Bank_transfer_(automatic),24.7,1810.55,Female,0,Yes,Yes,No,No,No,No,No,No,No,Yes,0,2020-02-01,2163
3565-UNOCC,2017-07-01,2019-12-01 00:00:00,Month-to-month,Yes,Bank_transfer_(automatic),99.05,2952.85,Female,1,Yes,No,Fiber_optic,No,No,Yes,No,Yes,Yes,Yes,1,2019-12-01,883
4627-MIHJH,2014-05-01,No,Two_year,No,Credit_card_(automatic),110.25,7467.55,Female,1,No,No,Fiber_optic,Yes,No,Yes,Yes,Yes,Yes,Yes,0,2020-02-01,2102
9795-NREXC,2014-10-01,No,Two_year,Yes,Credit_card_(automatic),85.0,5484.4,Female,0,Yes,No,DSL,Yes,No,Yes,Yes,Yes,Yes,Yes,0,2020-02-01,1949
8573-CGOCC,2018-10-01,No,Month-to-month,No,Credit_card_(automatic),19.75,294.9,Male,0,No,No,No,No,No,No,No,No,No,No,0,2020-02-01,488
7356-AYNJP,2019-10-01,No,One_year,No,Electronic_check,23.9,97.5,Female,0,No,No,No,No,No,No,No,No,No,Yes,0,2020-02-01,123
9249-FXSCK,2015-07-01,2019-11-01 00:00:00,One_year,Yes,Credit_card_(automatic),111.25,5916.45,Female,0,No,No,Fiber_optic,Yes,Yes,No,Yes,Yes,Yes,Yes,1,2019-11-01,1584
5493-SDRDQ,2019-10-01,2019-12-01 00:00:00,Month-to-month,Yes,Mailed_check,55.1,113.35,Male,0,No,No,DSL,Yes,No,Yes,No,No,No,No,1,2019-12-01,61
6286-SUUWT,2020-01-01,No,Month-to-month,No,Mailed_check,19.95,19.95,Male,0,No,No,No,No,No,No,No,No,No,No,0,2020-02-01,31
4819-HJPIW,2018-08-01,No,Month-to-month,No,Mailed_check,25.15,476.8,Male,0,No,No,DSL,No,No,No,No,No,No,No,0,2020-02-01,549
8654-DHAOW,2019-12-01,No,Month-to-month,No,Mailed_check,54.15,101.65,Female,0,No,No,DSL,No,Yes,No,No,No,No,Yes,0,2020-02-01,62
5438-QMDDL,2018-07-01,No,Month-to-month,Yes,Mailed_check,59.8,1130.85,Female,0,Yes,No,DSL,No,Yes,No,No,No,Yes,No,0,2020-02-01,580
9812-GHVRI,2016-10-01,No,Month-to-month,No,Bank_transfer_(automatic),83.85,3532.25,Female,0,No,No,Fiber_optic,No,No,No,No,No,Yes,Yes,0,2020-02-01,1218
5553-AOINX,2014-08-01,No,One_year,Yes,Electronic_check,104.9,6891.45,Female,1,Yes,Yes,Fiber_optic,No,Yes,Yes,No,Yes,Yes,Yes,0,2020-02-01,2010
1228-ZLNBX,2018-05-01,No,Month-to-month,No,Mailed_check,75.3,1570.7,Male,0,No,No,Fiber_optic,No,No,No,No,No,No,Yes,0,2020-02-01,641
4226-KKDON,2019-06-01,No,Month-to-month,Yes,Electronic_check,66.65,520.95,Male,0,No,No,DSL,No,Yes,No,Yes,Yes,No,No,0,2020-02-01,245
3831-YCPUO,2014-02-01,No,Two_year,Yes,Credit_card_(automatic),109.5,7854.9,Female,0,Yes,Yes,Fiber_optic,Yes,Yes,Yes,Yes,Yes,Yes,No,0,2020-02-01,2191
7445-WMRBW,2016-02-01,No,One_year,Yes,Bank_transfer_(automatic),73.85,3581.4,Female,0,No,No,DSL,No,Yes,Yes,Yes,Yes,No,Yes,0,2020-02-01,1461
3308-DGHKL,2014-05-01,No,Two_year,Yes,Bank_transfer_(automatic),19.3,1447.9,Male,0,No,No,No,No,No,No,No,No,No,No,0,2020-02-01,2102
9924-JPRMC,2014-02-01,No,Two_year,Yes,Electronic_check,118.2,8547.15,Male,0,No,No,Fiber_optic,Yes,Yes,Yes,Yes,Yes,Yes,Yes,0,2020-02-01,2191
0080-EMYVY,2018-12-01,No,One_year,No,Credit_card_(automatic),51.45,727.85,Female,0,No,No,DSL,No,Yes,No,No,No,No,No,0,2020-02-01,427
6218-KNUBD,2019-08-01,No,Month-to-month,No,Electronic_check,59.45,357.6,Male,0,No,No,DSL,No,Yes,No,No,Yes,No,No,0,2020-02-01,184
7337-CINUD,2019-06-01,No,Two_year,No,Bank_transfer_(automatic),19.5,159.35,Female,0,Yes,Yes,No,No,No,No,No,No,No,No,0,2020-02-01,245
7609-NRNCA,2018-09-01,No,One_year,No,Mailed_check,19.55,280.85,Female,0,No,No,No,No,No,No,No,No,No,No,0,2020-02-01,518
0623-EJQEG,2014-09-01,No,One_year,No,Electronic_check,93.55,6069.25,Male,0,No,No,Fiber_optic,Yes,No,No,Yes,No,Yes,Yes,0,2020-02-01,1979
7153-CHRBV,2015-05-01,No,One_year,Yes,Mailed_check,59.3,3274.35,Female,0,Yes,Yes,DSL,Yes,No,Yes,Yes,No,No,No,0,2020-02-01,1737
0871-URUWO,2018-09-01,2019-10-01 00:00:00,Month-to-month,Yes,Credit_card_(automatic),102.25,1359.0,Male,0,Yes,No,Fiber_optic,No,No,Yes,No,Yes,Yes,Yes,1,2019-10-01,395
9190-MFJLN,2018-05-01,2019-12-01 00:00:00,Month-to-month,Yes,Credit_card_(automatic),95.9,1777.9,Male,1,No,No,Fiber_optic,No,No,Yes,No,Yes,Yes,No,1,2019-12-01,579
6198-PNNSZ,2015-06-01,No,One_year,No,Bank_transfer_(automatic),109.8,6109.65,Female,0,Yes,No,Fiber_optic,Yes,Yes,Yes,No,Yes,Yes,Yes,0,2020-02-01,1706
3317-VLGQT,2018-12-01,No,Month-to-month,Yes,Electronic_check,78.1,1122.4,Female,0,Yes,No,Fiber_optic,No,No,No,No,No,Yes,No,0,2020-02-01,427
4132-POCZS,2015-10-01,No,Month-to-month,Yes,Electronic_check,39.9,2020.9,Male,0,Yes,No,DSL,Yes,No,No,No,No,Yes,No,0,2020-02-01,1584
5614-DNZCE,2015-04-01,No,Two_year,Yes,Credit_card_(automatic),64.9,3795.45,Female,0,No,No,DSL,Yes,Yes,Yes,Yes,No,No,No,0,2020-02-01,1767
1095-JUDTC,2015-12-01,2019-11-01 00:00:00,Month-to-month,Yes,Electronic_check,95.05,4504.55,Female,1,No,No,Fiber_optic,No,Yes,No,Yes,Yes,No,Yes,1,2019-11-01,1431
3896-RCYYE,2014-07-01,No,Month-to-month,Yes,Credit_card_(automatic),53.4,3579.15,Female,0,No,No,DSL,No,No,Yes,Yes,Yes,Yes,No,0,2020-02-01,2041
9638-JIQYA,2019-12-01,No,Month-to-month,Yes,Credit_card_(automatic),24.9,49.7,Male,0,No,No,DSL,No,No,No,No,No,No,No,0,2020-02-01,62
3258-SANFR,2019-08-01,No,Month-to-month,No,Credit_card_(automatic),44.7,276.5,Male,1,No,No,DSL,No,No,No,No,No,No,No,0,2020-02-01,184
3726-TBHQT,2014-03-01,No,Two_year,Yes,Bank_transfer_(automatic),114.0,8175.9,Male,0,Yes,Yes,Fiber_optic,Yes,Yes,Yes,Yes,Yes,Yes,Yes,0,2020-02-01,2163
3190-ITQXP,2016-04-01,No,Two_year,No,Bank_transfer_(automatic),20.25,890.35,Female,0,Yes,Yes,No,No,No,No,No,No,No,No,0,2020-02-01,1401
0870-VEMYL,2019-06-01,2019-11-01 00:00:00,Month-to-month,No,Credit_card_(automatic),53.85,259.8,Female,0,No,No,DSL,Yes,No,No,Yes,No,No,No,1,2019-11-01,153
4833-QTJNO,2014-07-01,No,Month-to-month,No,Bank_transfer_(automatic),83.85,5588.8,Male,1,Yes,No,Fiber_optic,Yes,Yes,No,No,No,No,Yes,0,2020-02-01,2041
3039-MJSLN,2019-11-01,No,Month-to-month,No,Bank_transfer_(automatic),20.2,50.6,Male,0,No,Yes,No,No,No,No,No,No,No,No,0,2020-02-01,92
0178-CIIKR,2019-11-01,No,Month-to-month,No,Mailed_check,19.95,58.0,Female,0,No,No,No,No,No,No,No,No,No,No,0,2020-02-01,92
5385-SUIRI,2015-09-01,2020-01-01 00:00:00,Month-to-month,Yes,Electronic_check,104.2,5568.35,Male,1,Yes,No,Fiber_optic,Yes,No,Yes,No,Yes,Yes,Yes,1,2020-01-01,1583
3982-XWFZQ,2016-06-01,2019-12-01 00:00:00,Month-to-month,Yes,Electronic_check,50.25,2203.65,Female,0,Yes,No,DSL,No,No,No,No,No,No,Yes,1,2019-12-01,1278
5774-QPLTF,2015-12-01,No,One_year,Yes,Mailed_check,20.35,938.95,Male,0,Yes,Yes,No,No,No,No,No,No,No,No,0,2020-02-01,1523
2322-VCZHZ,2018-03-01,No,Month-to-month,Yes,Electronic_check,90.0,2024.1,Male,1,Yes,No,Fiber_optic,Yes,Yes,No,No,No,Yes,No,0,2020-02-01,702
5010-IPEAQ,2014-07-01,No,Two_year,No,Credit_card_(automatic),54.2,3623.95,Female,0,Yes,Yes,DSL,Yes,Yes,Yes,Yes,Yes,No,No,0,2020-02-01,2041
4009-ALQFH,2017-10-01,2019-11-01 00:00:00,Month-to-month,Yes,Electronic_check,99.5,2369.05,Female,0,No,No,Fiber_optic,No,Yes,Yes,No,Yes,Yes,No,1,2019-11-01,761
6383-ZTSIW,2016-11-01,No,One_year,No,Mailed_check,99.1,3877.95,Female,1,Yes,No,Fiber_optic,Yes,Yes,No,No,Yes,Yes,No,0,2020-02-01,1187
8990-YOZLV,2014-05-01,No,Two_year,Yes,Mailed_check,66.9,4577.9,Female,0,No,No,DSL,Yes,Yes,No,Yes,No,No,Yes,0,2020-02-01,2102
3069-SSVSN,2020-01-01,No,One_year,No,Mailed_check,25.85,25.85,Female,0,No,No,DSL,No,No,No,No,No,No,No,0,2020-02-01,31
5222-IMUKT,2017-06-01,No,Month-to-month,No,Electronic_check,91.05,2871.5,Male,0,No,No,Fiber_optic,No,No,No,No,Yes,Yes,No,0,2020-02-01,975
3627-FCRDW,2019-01-01,2019-10-01 00:00:00,Month-to-month,No,Electronic_check,71.0,672.55,Female,0,No,No,Fiber_optic,No,No,No,No,No,No,No,1,2019-10-01,273
7562-GSUHK,2018-07-01,2019-11-01 00:00:00,Month-to-month,Yes,Credit_card_(automatic),93.2,1573.7,Female,0,No,No,Fiber_optic,No,Yes,Yes,No,No,Yes,No,1,2019-11-01,488
6685-XSHHU,2015-02-01,No,Two_year,Yes,Bank_transfer_(automatic),20.95,1270.55,Male,0,Yes,Yes,No,No,No,No,No,No,No,No,0,2020-02-01,1826
8901-UPRHR,2014-02-01,No,Two_year,Yes,Bank_transfer_(automatic),109.2,7711.45,Female,0,Yes,Yes,Fiber_optic,No,Yes,Yes,Yes,Yes,Yes,Yes,0,2020-02-01,2191
4903-UYAVB,2019-05-01,2019-10-01 00:00:00,Month-to-month,No,Mailed_check,19.35,126.05,Male,0,Yes,No,No,No,No,No,No,No,No,No,1,2019-10-01,153
0118-JPNOY,2017-12-01,No,Month-to-month,Yes,Credit_card_(automatic),85.8,2193.65,Female,1,No,No,Fiber_optic,Yes,No,No,No,Yes,No,No,0,2020-02-01,792
6776-TLWOI,2019-07-01,2019-10-01 00:00:00,Month-to-month,No,Mailed_check,19.85,64.55,Male,0,No,No,No,No,No,No,No,No,No,No,1,2019-10-01,92
3845-FXCYS,2019-12-01,No,Month-to-month,Yes,Electronic_check,19.65,31.2,Male,0,No,No,No,No,No,No,No,No,No,No,0,2020-02-01,62
5857-XRECV,2019-12-01,No,One_year,No,Bank_transfer_(automatic),20.5,38.25,Female,0,No,Yes,No,No,No,No,No,No,No,No,0,2020-02-01,62
0725-CXOTM,2017-02-01,No,One_year,Yes,Credit_card_(automatic),89.65,3348.1,Female,0,No,No,DSL,Yes,No,Yes,Yes,Yes,Yes,Yes,0,2020-02-01,1095
4343-EJVQB,2019-07-01,No,Month-to-month,No,Mailed_check,74.35,533.6,Male,0,No,No,Fiber_optic,Yes,No,No,No,No,No,No,0,2020-02-01,215
9000-PLFUZ,2015-02-01,No,Two_year,Yes,Credit_card_(automatic),49.45,2907.55,Female,1,Yes,No,DSL,No,Yes,No,No,Yes,Yes,No,0,2020-02-01,1826
3427-GGZZI,2018-07-01,No,Month-to-month,Yes,Electronic_check,89.1,1620.8,Female,0,Yes,No,Fiber_optic,No,Yes,No,No,No,Yes,Yes,0,2020-02-01,580
7779-ORAEL,2016-05-01,No,Two_year,No,Credit_card_(automatic),75.15,3480.35,Male,1,Yes,No,DSL,Yes,No,Yes,Yes,No,Yes,Yes,0,2020-02-01,1371
0644-OQMDK,2019-10-01,No,Month-to-month,Yes,Electronic_check,70.65,293.85,Male,1,No,No,Fiber_optic,No,No,No,No,No,No,No,0,2020-02-01,123
4077-CROMM,2017-03-01,2019-10-01 00:00:00,Month-to-month,Yes,Electronic_check,104.2,3243.45,Female,0,Yes,Yes,Fiber_optic,No,No,Yes,Yes,Yes,Yes,Yes,1,2019-10-01,944
3154-CFSZG,2016-03-01,No,Month-to-month,No,Electronic_check,90.05,4137.2,Male,0,Yes,Yes,Fiber_optic,Yes,No,Yes,No,No,Yes,No,0,2020-02-01,1432
2868-MZAGQ,2019-10-01,2019-11-01 00:00:00,Month-to-month,Yes,Electronic_check,79.25,79.25,Male,0,No,No,Fiber_optic,No,No,No,No,No,Yes,No,1,2019-11-01,31
4847-QNOKA,2019-12-01,2020-01-01 00:00:00,Month-to-month,Yes,Bank_transfer_(automatic),44.9,44.9,Female,0,No,No,DSL,No,No,No,No,No,No,No,1,2020-01-01,31
2220-IAHLS,2020-01-01,No,Month-to-month,No,Credit_card_(automatic),19.4,19.4,Female,0,No,No,No,No,No,No,No,No,No,No,0,2020-02-01,31
1658-XUHBX,2015-03-01,No,Month-to-month,Yes,Credit_card_(automatic),88.75,5348.65,Female,1,Yes,Yes,Fiber_optic,No,No,Yes,No,No,Yes,Yes,0,2020-02-01,1798
6379-RXJRQ,2019-01-01,2019-11-01 00:00:00,Month-to-month,Yes,Electronic_check,70.1,659.65,Male,0,Yes,No,Fiber_optic,No,No,No,No,No,No,No,1,2019-11-01,304
2378-HTWFW,2017-03-01,No,Month-to-month,No,Credit_card_(automatic),91.0,3180.5,Male,1,No,No,Fiber_optic,Yes,No,No,No,No,Yes,Yes,0,2020-02-01,1067
8650-RHRKE,2019-07-01,2019-11-01 00:00:00,Month-to-month,Yes,Electronic_check,29.65,118.5,Male,0,No,No,DSL,No,No,Yes,No,No,No,No,1,2019-11-01,123
4377-VDHYI,2017-06-01,No,One_year,Yes,Electronic_check,90.8,3023.85,Male,0,Yes,Yes,Fiber_optic,Yes,Yes,No,No,No,Yes,No,0,2020-02-01,975
0475-RIJEP,2016-06-01,2020-01-01 00:00:00,Month-to-month,Yes,Electronic_check,77.85,3365.85,Male,0,No,No,Fiber_optic,No,Yes,No,No,No,No,Yes,1,2020-01-01,1309
1260-TTRXI,2019-08-01,2019-12-01 00:00:00,Month-to-month,No,Electronic_check,54.3,195.3,Male,0,No,No,DSL,No,No,No,No,No,Yes,No,1,2019-12-01,122
3719-TDVQB,2015-08-01,No,Two_year,Yes,Mailed_check,18.95,1031.1,Female,1,Yes,No,No,No,No,No,No,No,No,No,0,2020-02-01,1645
6328-ZPBGN,2018-11-01,2019-10-01 00:00:00,Month-to-month,Yes,Bank_transfer_(automatic),95.15,997.65,Female,1,No,No,Fiber_optic,No,No,No,No,Yes,Yes,Yes,1,2019-10-01,334
0201-MIBOL,2014-08-01,No,Two_year,Yes,Bank_transfer_(automatic),102.4,6471.85,Female,1,No,No,Fiber_optic,Yes,No,No,No,Yes,Yes,Yes,0,2020-02-01,2010
4937-QPZPO,2015-01-01,No,One_year,Yes,Electronic_check,99.9,6241.35,Male,0,Yes,Yes,Fiber_optic,No,No,Yes,No,Yes,Yes,Yes,0,2020-02-01,1857
2925-VDZHY,2014-02-01,No,Two_year,No,Credit_card_(automatic),88.7,6501.35,Male,0,Yes,Yes,DSL,Yes,Yes,Yes,Yes,Yes,Yes,Yes,0,2020-02-01,2191
6981-TDRFT,2016-06-01,No,One_year,Yes,Electronic_check,54.3,2317.1,Male,0,Yes,Yes,DSL,No,No,Yes,Yes,Yes,Yes,No,0,2020-02-01,1340
3413-CSSTH,2016-09-01,No,Month-to-month,Yes,Bank_transfer_(automatic),55.7,2237.55,Male,0,No,No,DSL,No,No,Yes,No,No,No,Yes,0,2020-02-01,1248
8033-VCZGH,2015-12-01,No,One_year,Yes,Electronic_check,103.95,5231.3,Male,0,Yes,No,Fiber_optic,Yes,No,Yes,No,Yes,Yes,Yes,0,2020-02-01,1523
4789-KWMXN,2015-12-01,2019-11-01 00:00:00,One_year,Yes,Credit_card_(automatic),110.85,5275.8,Male,0,Yes,No,Fiber_optic,Yes,No,Yes,Yes,Yes,Yes,Yes,1,2019-11-01,1431
0224-NIJLP,2019-06-01,No,Two_year,No,Mailed_check,20.15,165.5,Male,0,Yes,Yes,No,No,No,No,No,No,No,No,0,2020-02-01,245
7542-CYDDM,2018-08-01,No,Month-to-month,No,Mailed_check,20.05,358.5,Male,0,No,No,No,No,No,No,No,No,No,No,0,2020-02-01,549
4718-WXBGI,2014-02-01,No,Two_year,Yes,Credit_card_(automatic),91.95,6614.9,Male,0,Yes,Yes,DSL,Yes,Yes,Yes,Yes,Yes,Yes,Yes,0,2020-02-01,2191
2867-UIMSS,2019-11-01,2019-12-01 00:00:00,Month-to-month,No,Electronic_check,80.5,80.5,Male,0,No,No,Fiber_optic,No,No,No,No,No,Yes,No,1,2019-12-01,30
8495-PRWFH,2016-08-01,No,Month-to-month,No,Electronic_check,55.65,2421.75,Female,1,No,No,DSL,No,No,Yes,No,No,No,Yes,0,2020-02-01,1279
0439-IFYUN,2018-08-01,No,Month-to-month,Yes,Electronic_check,74.7,1294.6,Female,1,No,No,Fiber_optic,No,Yes,No,No,No,No,No,0,2020-02-01,549
5716-LIBJC,2019-01-01,No,One_year,Yes,Credit_card_(automatic),104.15,1299.1,Female,0,No,Yes,Fiber_optic,No,Yes,Yes,No,Yes,Yes,Yes,0,2020-02-01,396
2868-LLSKM,2014-06-01,No,One_year,Yes,Bank_transfer_(automatic),83.65,5733.4,Female,0,Yes,Yes,Fiber_optic,No,Yes,No,Yes,No,No,Yes,0,2020-02-01,2071
8111-RKSPX,2019-08-01,2019-12-01 00:00:00,Month-to-month,Yes,Bank_transfer_(automatic),72.2,305.55,Male,0,No,No,Fiber_optic,No,No,No,No,No,No,Yes,1,2019-12-01,122
2988-QRAJY,2014-05-01,No,Two_year,Yes,Credit_card_(automatic),110.05,7430.75,Male,0,No,No,Fiber_optic,Yes,Yes,Yes,No,Yes,Yes,Yes,0,2020-02-01,2102
1585-MQSSU,2018-08-01,2020-01-01 00:00:00,Month-to-month,No,Mailed_check,51.5,900.5,Male,0,No,No,DSL,No,No,No,Yes,No,No,No,1,2020-01-01,518
0071-NDAFP,2018-01-01,No,Two_year,No,Credit_card_(automatic),25.5,630.6,Male,0,Yes,Yes,No,No,No,No,No,No,No,Yes,0,2020-02-01,761
2856-NNASM,2016-04-01,2019-11-01 00:00:00,Month-to-month,Yes,Mailed_check,89.55,3856.75,Male,1,No,No,Fiber_optic,No,No,No,No,Yes,Yes,No,1,2019-11-01,1309
7328-ZJAJO,2015-03-01,No,Two_year,No,Credit_card_(automatic),19.5,1222.65,Female,0,Yes,Yes,No,No,No,No,No,No,No,No,0,2020-02-01,1798
6458-CYIDZ,2019-09-01,No,Month-to-month,No,Electronic_check,80.7,374.8,Female,1,No,No,Fiber_optic,Yes,Yes,No,No,No,No,No,0,2020-02-01,153
8559-CIZFV,2018-03-01,2019-12-01 00:00:00,One_year,No,Mailed_check,77.5,1625.0,Male,0,Yes,Yes,DSL,Yes,Yes,No,Yes,Yes,No,Yes,1,2019-12-01,640
1090-PYKCI,2014-05-01,No,One_year,Yes,Credit_card_(automatic),105.1,7234.8,Female,0,Yes,Yes,Fiber_optic,Yes,Yes,Yes,Yes,Yes,No,Yes,0,2020-02-01,2102
3058-WQDRE,2019-01-01,No,Month-to-month,Yes,Bank_transfer_(automatic),25.15,331.85,Male,0,No,No,DSL,No,No,No,No,No,No,No,0,2020-02-01,396
7547-EKNFS,2016-06-01,2019-12-01 00:00:00,Month-to-month,Yes,Bank_transfer_(automatic),95.25,3959.35,Male,0,Yes,No,Fiber_optic,No,Yes,Yes,No,Yes,No,Yes,1,2019-12-01,1278
2279-AXJJK,2015-10-01,No,Month-to-month,Yes,Credit_card_(automatic),95.65,5088.4,Male,0,Yes,No,Fiber_optic,No,Yes,No,Yes,No,Yes,Yes,0,2020-02-01,1584
6769-DYBQN,2016-01-01,2019-11-01 00:00:00,Month-to-month,No,Electronic_check,85.0,3969.4,Male,1,No,No,Fiber_optic,Yes,No,No,No,No,Yes,No,1,2019-11-01,1400
0909-SELIE,2015-01-01,No,Two_year,Yes,Bank_transfer_(automatic),80.8,4860.85,Male,0,Yes,No,DSL,Yes,Yes,Yes,Yes,No,Yes,Yes,0,2020-02-01,1857
3417-TSCIC,2017-09-01,No,One_year,Yes,Mailed_check,24.85,788.05,Male,0,No,No,DSL,No,No,No,No,No,No,No,0,2020-02-01,883
1042-HFUCW,2018-01-01,No,One_year,Yes,Credit_card_(automatic),54.75,1266.35,Female,0,No,Yes,DSL,No,Yes,No,Yes,No,No,No,0,2020-02-01,761
4439-JMPMT,2019-07-01,2019-12-01 00:00:00,Month-to-month,Yes,Electronic_check,85.75,470.95,Female,0,Yes,Yes,Fiber_optic,No,No,No,Yes,Yes,No,No,1,2019-12-01,153
6537-OTKMY,2018-11-01,No,One_year,No,Electronic_check,50.75,688.2,Male,0,No,No,DSL,No,No,Yes,No,Yes,Yes,No,0,2020-02-01,457
8999-EXMNO,2018-07-01,No,Two_year,No,Mailed_check,20.15,387.7,Female,0,Yes,Yes,No,No,No,No,No,No,No,No,0,2020-02-01,580
6725-TPKJO,2016-06-01,No,Two_year,No,Mailed_check,20.05,845.25,Male,0,No,No,No,No,No,No,No,No,No,No,0,2020-02-01,1340
2446-BEGGB,2019-06-01,2019-12-01 00:00:00,Month-to-month,Yes,Electronic_check,98.25,560.6,Female,1,No,No,Fiber_optic,No,Yes,No,No,Yes,Yes,Yes,1,2019-12-01,183
7162-WPHPM,2015-04-01,No,Two_year,No,Credit_card_(automatic),71.6,4230.25,Male,0,Yes,Yes,DSL,Yes,Yes,Yes,Yes,No,No,Yes,0,2020-02-01,1767
1599-MMYRQ,2014-12-01,No,One_year,Yes,Credit_card_(automatic),81.45,4983.05,Male,0,Yes,Yes,Fiber_optic,Yes,Yes,No,No,No,No,No,0,2020-02-01,1888
8821-KVZKQ,2014-04-01,No,One_year,Yes,Bank_transfer_(automatic),58.4,4113.15,Female,0,Yes,Yes,DSL,No,Yes,Yes,Yes,Yes,Yes,No,0,2020-02-01,2132
1496-GGSUK,2019-12-01,2020-01-01 00:00:00,Month-to-month,Yes,Mailed_check,25.7,25.7,Female,1,No,No,DSL,No,No,No,No,No,No,No,1,2020-01-01,31
6434-TTGJP,2019-04-01,No,Two_year,No,Credit_card_(automatic),53.7,521.0,Male,0,Yes,Yes,DSL,Yes,Yes,Yes,Yes,No,Yes,No,0,2020-02-01,306
0042-JVWOJ,2017-12-01,No,One_year,Yes,Bank_transfer_(automatic),19.6,471.85,Male,0,No,No,No,No,No,No,No,No,No,No,0,2020-02-01,792
0130-SXOUN,2014-08-01,No,Month-to-month,No,Credit_card_(automatic),89.4,5976.9,Male,0,No,No,Fiber_optic,No,Yes,No,No,No,Yes,Yes,0,2020-02-01,2010
2575-GFSOE,2019-04-01,2019-11-01 00:00:00,Month-to-month,Yes,Electronic_check,69.0,506.9,Female,0,Yes,Yes,Fiber_optic,No,No,No,No,No,No,No,1,2019-11-01,214
2330-PQGDQ,2015-11-01,No,One_year,No,Bank_transfer_(automatic),84.2,4299.75,Male,0,Yes,Yes,Fiber_optic,No,Yes,No,Yes,No,No,Yes,0,2020-02-01,1553
1452-UZOSF,2014-02-01,No,Two_year,Yes,Credit_card_(automatic),106.1,7548.6,Male,0,Yes,Yes,Fiber_optic,Yes,Yes,Yes,Yes,Yes,No,Yes,0,2020-02-01,2191
2097-YVPKN,2014-09-01,No,Two_year,No,Mailed_check,25.75,1654.75,Male,0,No,No,No,No,No,No,No,No,No,Yes,0,2020-02-01,1979
2842-JTCCU,2019-11-01,2020-01-01 00:00:00,Month-to-month,No,Bank_transfer_(automatic),46.05,80.35,Male,0,No,No,DSL,No,No,No,No,No,No,No,1,2020-01-01,61
8597-CTXVJ,2014-04-01,No,One_year,No,Bank_transfer_(automatic),64.95,4551.5,Male,0,No,Yes,DSL,Yes,Yes,No,Yes,No,No,Yes,0,2020-02-01,2132
6631-HMANX,2014-02-01,No,Two_year,Yes,Credit_card_(automatic),85.45,6227.5,Male,0,Yes,No,DSL,No,Yes,Yes,Yes,Yes,Yes,Yes,0,2020-02-01,2191
9962-BFPDU,2020-01-01,No,Month-to-month,No,Mailed_check,20.05,20.05,Female,0,Yes,Yes,No,No,No,No,No,No,No,No,0,2020-02-01,31
3296-SILRA,2019-12-01,2020-01-01 00:00:00,Month-to-month,Yes,Mailed_check,76.4,76.4,Female,1,Yes,No,Fiber_optic,No,Yes,No,No,No,No,No,1,2020-01-01,31
9681-OXGVC,2019-07-01,2019-12-01 00:00:00,Month-to-month,Yes,Electronic_check,100.5,514.0,Female,0,No,No,Fiber_optic,No,No,Yes,No,Yes,Yes,Yes,1,2019-12-01,153
6394-HHHZM,2019-11-01,No,Month-to-month,No,Mailed_check,20.7,57.5,Male,0,No,No,No,No,No,No,No,No,No,No,0,2020-02-01,92
5995-LFTLE,2015-04-01,No,Two_year,Yes,Credit_card_(automatic),25.3,1474.35,Male,0,No,No,No,No,No,No,No,No,No,Yes,0,2020-02-01,1767
5180-UCIIQ,2018-03-01,2020-01-01 00:00:00,Month-to-month,No,Mailed_check,40.05,880.2,Male,1,Yes,Yes,DSL,Yes,No,No,No,No,Yes,No,1,2020-01-01,671
1932-UEDCX,2017-05-01,No,Month-to-month,Yes,Bank_transfer_(automatic),100.6,3270.25,Male,1,Yes,No,Fiber_optic,No,Yes,No,No,Yes,Yes,Yes,0,2020-02-01,1006
7153-OANIO,2019-09-01,2019-10-01 00:00:00,Month-to-month,No,Electronic_check,69.95,69.95,Male,0,No,No,Fiber_optic,No,No,No,No,No,No,No,1,2019-10-01,30
5188-HGMLP,2015-08-01,No,Month-to-month,No,Bank_transfer_(automatic),74.0,3919.15,Male,1,Yes,No,Fiber_optic,No,No,No,No,No,No,Yes,0,2020-02-01,1645
0665-XHDJU,2014-02-01,No,Two_year,Yes,Electronic_check,99.4,7285.7,Male,0,Yes,No,Fiber_optic,No,Yes,No,No,Yes,Yes,Yes,0,2020-02-01,2191
6521-YYTYI,2019-10-01,2019-11-01 00:00:00,Month-to-month,Yes,Electronic_check,93.3,93.3,Male,0,No,Yes,Fiber_optic,No,No,No,No,Yes,Yes,Yes,1,2019-11-01,31
8878-HMWBV,2019-07-01,2019-10-01 00:00:00,Month-to-month,Yes,Electronic_check,49.15,169.05,Male,0,No,No,DSL,No,No,Yes,No,No,No,No,1,2019-10-01,92
8265-HKSOW,2014-02-01,No,Two_year,No,Credit_card_(automatic),107.45,7658.3,Female,0,Yes,Yes,Fiber_optic,Yes,Yes,Yes,Yes,No,Yes,Yes,0,2020-02-01,2191
3544-FBCAS,2014-02-01,No,Two_year,Yes,Credit_card_(automatic),83.6,5959.3,Female,0,Yes,Yes,DSL,Yes,Yes,Yes,No,Yes,Yes,Yes,0,2020-02-01,2191
5331-RGMTT,2015-08-01,No,Month-to-month,Yes,Credit_card_(automatic),99.05,5295.7,Male,1,Yes,No,Fiber_optic,No,No,Yes,No,Yes,Yes,Yes,0,2020-02-01,1645
4759-PXTAN,2015-03-01,No,One_year,Yes,Electronic_check,80.1,4693.2,Female,0,Yes,No,DSL,No,Yes,No,Yes,Yes,Yes,Yes,0,2020-02-01,1798
7054-DMVAS,2015-08-01,No,Two_year,Yes,Bank_transfer_(automatic),65.3,3512.9,Male,0,No,No,DSL,Yes,Yes,No,No,Yes,No,No,0,2020-02-01,1645
3428-MMGUB,2015-02-01,No,Two_year,Yes,Electronic_check,89.55,5231.2,Male,0,No,No,Fiber_optic,No,No,Yes,No,Yes,No,Yes,0,2020-02-01,1826
6549-BTYPG,2015-02-01,No,Two_year,No,Credit_card_(automatic),60.8,3603.45,Female,0,Yes,No,DSL,No,Yes,Yes,Yes,Yes,Yes,No,0,2020-02-01,1826
7823-JSOAG,2019-11-01,No,Month-to-month,No,Electronic_check,74.5,217.45,Male,0,No,No,Fiber_optic,No,No,No,No,No,No,Yes,0,2020-02-01,92
3705-RHRFR,2014-05-01,No,Two_year,No,Bank_transfer_(automatic),99.15,6875.35,Female,0,Yes,No,Fiber_optic,Yes,No,No,No,Yes,Yes,Yes,0,2020-02-01,2102
9374-YOLBJ,2020-01-01,No,Month-to-month,No,Electronic_check,19.25,19.25,Female,0,Yes,Yes,No,No,No,No,No,No,No,No,0,2020-02-01,31
9074-KGVOX,2015-12-01,No,Month-to-month,Yes,Credit_card_(automatic),39.45,2021.35,Male,0,Yes,Yes,DSL,Yes,No,No,No,Yes,No,No,0,2020-02-01,1523
6128-DAFVY,2015-06-01,No,Month-to-month,Yes,Credit_card_(automatic),44.85,2564.95,Female,0,No,No,DSL,No,No,No,No,Yes,Yes,No,0,2020-02-01,1706
9933-QRGTX,2015-02-01,No,Two_year,Yes,Electronic_check,97.2,5611.75,Female,0,Yes,No,Fiber_optic,Yes,No,No,Yes,Yes,Yes,No,0,2020-02-01,1826
4476-OSWTN,2014-05-01,No,One_year,Yes,Mailed_check,110.55,7610.1,Male,1,Yes,No,Fiber_optic,Yes,No,Yes,Yes,Yes,Yes,Yes,0,2020-02-01,2102
3751-KTZEL,2019-09-01,2019-10-01 00:00:00,Month-to-month,No,Mailed_check,35.05,35.05,Female,0,No,No,DSL,No,No,No,No,No,Yes,No,1,2019-10-01,30
1977-STDKI,2019-12-01,2020-01-01 00:00:00,Month-to-month,Yes,Electronic_check,73.0,73.0,Female,1,No,No,Fiber_optic,No,Yes,No,No,No,No,No,1,2020-01-01,31
5066-GFJMM,2019-11-01,No,Month-to-month,Yes,Mailed_check,19.9,45.75,Female,0,Yes,No,No,No,No,No,No,No,No,No,0,2020-02-01,92
2661-GKBTK,2015-02-01,No,Two_year,No,Bank_transfer_(automatic),76.95,4543.95,Male,0,Yes,Yes,DSL,No,Yes,No,Yes,Yes,Yes,No,0,2020-02-01,1826
0458-HEUZG,2019-01-01,No,Two_year,No,Mailed_check,35.4,450.4,Female,0,No,No,DSL,No,No,Yes,Yes,No,No,No,0,2020-02-01,396
7268-WNTCP,2014-12-01,No,Two_year,No,Bank_transfer_(automatic),20.45,1297.35,Male,0,Yes,Yes,No,No,No,No,No,No,No,No,0,2020-02-01,1888
0824-VWDPO,2016-05-01,No,One_year,No,Bank_transfer_(automatic),96.75,4442.75,Female,0,No,No,Fiber_optic,Yes,Yes,No,No,No,Yes,Yes,0,2020-02-01,1371
8409-WQJUX,2018-01-01,No,One_year,No,Electronic_check,54.2,1423.15,Female,0,No,No,DSL,No,No,Yes,Yes,Yes,Yes,No,0,2020-02-01,761
2578-JQPHZ,2016-06-01,No,Two_year,No,Bank_transfer_(automatic),100.1,4378.35,Male,0,No,No,Fiber_optic,No,No,Yes,Yes,Yes,Yes,No,0,2020-02-01,1340
3278-FSIXX,2019-12-01,No,Month-to-month,Yes,Mailed_check,45.25,74.2,Female,0,No,No,DSL,No,No,No,No,No,No,No,0,2020-02-01,62
5813-UECBU,2017-04-01,2020-01-01 00:00:00,Month-to-month,Yes,Credit_card_(automatic),83.85,2716.3,Male,1,No,No,Fiber_optic,No,Yes,Yes,No,No,No,Yes,1,2020-01-01,1005
0328-GRPMV,2019-12-01,2020-01-01 00:00:00,Month-to-month,Yes,Electronic_check,70.1,70.1,Female,0,No,No,Fiber_optic,No,No,No,No,No,No,No,1,2020-01-01,31
9746-UGFAC,2018-04-01,No,One_year,No,Bank_transfer_(automatic),20.85,450.65,Female,0,No,No,No,No,No,No,No,No,No,No,0,2020-02-01,671
2946-KIQSP,2017-03-01,No,Month-to-month,Yes,Mailed_check,33.45,1175.85,Female,0,No,No,DSL,No,No,Yes,Yes,No,No,No,0,2020-02-01,1067
0625-AFOHS,2017-09-01,No,Two_year,No,Mailed_check,20.2,558.8,Female,0,Yes,Yes,No,No,No,No,No,No,No,No,0,2020-02-01,883
6726-WEXXK,2017-11-01,No,One_year,Yes,Electronic_check,85.9,2220.1,Male,1,Yes,No,Fiber_optic,Yes,No,Yes,No,No,No,Yes,0,2020-02-01,822
4636-OLWOE,2015-08-01,No,One_year,Yes,Electronic_check,61.0,3283.05,Male,0,No,Yes,DSL,No,Yes,Yes,Yes,No,No,No,0,2020-02-01,1645
4342-HENTK,2019-08-01,2019-10-01 00:00:00,Month-to-month,Yes,Electronic_check,70.65,142.35,Female,1,No,No,Fiber_optic,No,No,No,No,No,No,No,1,2019-10-01,61
4685-ERGHK,2015-05-01,No,One_year,Yes,Electronic_check,86.9,4939.25,Male,0,No,No,Fiber_optic,No,No,No,No,Yes,No,Yes,0,2020-02-01,1737
0885-HMGPY,2014-12-01,No,Two_year,No,Bank_transfer_(automatic),69.4,4237.5,Male,0,No,No,DSL,Yes,Yes,Yes,Yes,No,No,Yes,0,2020-02-01,1888
5003-OKNNK,2018-11-01,No,One_year,No,Credit_card_(automatic),20.35,335.95,Female,0,Yes,Yes,No,No,No,No,No,No,No,No,0,2020-02-01,457
4195-SMMNX,2019-10-01,2019-12-01 00:00:00,Month-to-month,No,Mailed_check,20.35,33.2,Male,0,No,No,No,No,No,No,No,No,No,No,1,2019-12-01,61
7208-PSIHR,2014-04-01,No,Two_year,Yes,Bank_transfer_(automatic),104.3,7188.5,Female,0,Yes,No,Fiber_optic,No,No,Yes,Yes,Yes,Yes,Yes,0,2020-02-01,2132
4012-ZTHBR,2018-05-01,No,Month-to-month,Yes,Electronic_check,44.95,926.25,Female,0,Yes,Yes,DSL,No,No,No,No,No,No,No,0,2020-02-01,641
0489-WMEMG,2018-03-01,No,One_year,Yes,Electronic_check,49.45,1119.35,Female,0,No,Yes,DSL,No,No,No,Yes,No,No,No,0,2020-02-01,702
7435-ZNUYY,2019-08-01,No,One_year,No,Mailed_check,20.6,116.6,Male,0,No,No,No,No,No,No,No,No,No,No,0,2020-02-01,184
1354-YZFNB,2019-10-01,No,Two_year,No,Credit_card_(automatic),19.55,68.8,Male,0,Yes,Yes,No,No,No,No,No,No,No,No,0,2020-02-01,123
6956-SMUCM,2019-07-01,2019-10-01 00:00:00,Month-to-month,Yes,Credit_card_(automatic),99.0,287.4,Female,0,No,No,Fiber_optic,Yes,No,Yes,No,Yes,Yes,No,1,2019-10-01,92
2985-FMWYF,2018-03-01,No,Month-to-month,Yes,Electronic_check,93.5,2341.55,Female,0,No,No,Fiber_optic,No,No,No,No,Yes,Yes,Yes,0,2020-02-01,702
2812-ENYMO,2017-12-01,No,One_year,No,Credit_card_(automatic),54.55,1362.85,Male,0,No,No,DSL,Yes,No,No,Yes,Yes,Yes,No,0,2020-02-01,792
2717-HVIZY,2019-06-01,No,Month-to-month,No,Mailed_check,20.05,163.6,Female,0,No,Yes,No,No,No,No,No,No,No,No,0,2020-02-01,245
3223-WZWJM,2017-11-01,2020-01-01 00:00:00,Month-to-month,Yes,Electronic_check,83.95,2254.2,Male,0,No,No,Fiber_optic,No,No,No,No,No,Yes,Yes,1,2020-01-01,791
3422-GALYP,2019-12-01,No,Month-to-month,Yes,Electronic_check,79.45,145.15,Male,0,No,No,Fiber_optic,No,Yes,No,No,No,No,Yes,0,2020-02-01,62
9053-JZFKV,2014-05-01,2019-12-01 00:00:00,Two_year,No,Credit_card_(automatic),116.2,7752.3,Male,0,No,No,Fiber_optic,Yes,Yes,Yes,Yes,Yes,Yes,Yes,1,2019-12-01,2040
2530-ENDWQ,2013-12-01,2019-11-01 00:00:00,Two_year,Yes,Bank_transfer_(automatic),93.7,6585.35,Female,0,Yes,No,Fiber_optic,No,No,No,No,Yes,Yes,Yes,1,2019-11-01,2161
2890-WFBHU,2015-03-01,No,One_year,No,Credit_card_(automatic),79.85,4786.1,Female,0,No,No,DSL,Yes,Yes,Yes,Yes,No,Yes,Yes,0,2020-02-01,1798
0327-WFZSY,2016-11-01,No,One_year,No,Electronic_check,100.0,3835.55,Male,0,Yes,Yes,Fiber_optic,No,No,Yes,No,Yes,Yes,Yes,0,2020-02-01,1187
7977-HXJKU,2018-05-01,No,Two_year,No,Mailed_check,19.6,397.0,Male,0,No,Yes,No,No,No,No,No,No,No,No,0,2020-02-01,641
6615-ZGEDR,2019-10-01,2019-11-01 00:00:00,Month-to-month,No,Mailed_check,19.7,19.7,Male,0,No,No,No,No,No,No,No,No,No,No,1,2019-11-01,31
7033-CLAMM,2016-02-01,No,Two_year,No,Bank_transfer_(automatic),20.2,1027.25,Female,0,Yes,Yes,No,No,No,No,No,No,No,No,0,2020-02-01,1461
4023-RTIQM,2017-07-01,No,One_year,Yes,Credit_card_(automatic),50.4,1580.1,Female,1,Yes,No,DSL,Yes,Yes,Yes,No,No,Yes,No,0,2020-02-01,945
0864-FVJNJ,2014-10-01,No,One_year,No,Electronic_check,113.35,7222.75,Female,0,Yes,Yes,Fiber_optic,Yes,Yes,Yes,Yes,Yes,Yes,Yes,0,2020-02-01,1949
7356-IWLFW,2016-04-01,No,Month-to-month,Yes,Bank_transfer_(automatic),80.0,3769.7,Male,0,Yes,Yes,Fiber_optic,No,Yes,No,No,No,No,Yes,0,2020-02-01,1401
9541-PWTWO,2015-10-01,No,Two_year,Yes,Bank_transfer_(automatic),80.95,4233.95,Female,0,No,No,DSL,No,No,Yes,Yes,Yes,Yes,Yes,0,2020-02-01,1584
3967-VQOGC,2014-07-01,No,Two_year,Yes,Mailed_check,24.9,1680.25,Female,0,Yes,Yes,No,No,No,No,No,No,No,Yes,0,2020-02-01,2041
7872-RDDLZ,2014-07-01,No,Month-to-month,No,Electronic_check,54.9,3725.5,Female,1,No,No,DSL,No,Yes,No,No,No,No,Yes,0,2020-02-01,2041
9250-WYPLL,2019-08-01,2020-01-01 00:00:00,Month-to-month,No,Electronic_check,75.55,413.65,Female,0,No,No,Fiber_optic,No,No,No,No,No,No,Yes,1,2020-01-01,153
6308-CQRBU,2014-03-01,No,Two_year,No,Electronic_check,109.25,7707.7,Female,0,Yes,No,Fiber_optic,No,Yes,Yes,Yes,Yes,Yes,Yes,0,2020-02-01,2163
2754-XBHTB,2019-02-01,2019-11-01 00:00:00,Month-to-month,Yes,Bank_transfer_(automatic),77.65,714.15,Female,0,No,No,Fiber_optic,No,No,No,No,Yes,No,No,1,2019-11-01,273
1597-LHYNC,2017-08-01,2019-10-01 00:00:00,Month-to-month,Yes,Electronic_check,95.0,2497.2,Female,1,No,No,Fiber_optic,Yes,Yes,No,No,No,Yes,Yes,1,2019-10-01,791
0186-CAERR,2014-03-01,No,One_year,Yes,Bank_transfer_(automatic),116.3,8309.55,Male,0,No,No,Fiber_optic,Yes,Yes,Yes,Yes,Yes,Yes,Yes,0,2020-02-01,2163
3043-SUDUA,2017-06-01,No,Month-to-month,No,Bank_transfer_(automatic),19.9,601.55,Female,0,No,No,No,No,No,No,No,No,No,No,0,2020-02-01,975
5442-BHQNG,2019-12-01,No,Month-to-month,No,Electronic_check,70.35,139.25,Female,0,No,No,Fiber_optic,No,No,No,No,No,No,No,0,2020-02-01,62
2169-RRLFW,2014-03-01,No,Two_year,No,Credit_card_(automatic),25.6,1888.25,Female,0,Yes,No,No,No,No,No,No,No,No,Yes,0,2020-02-01,2163
5872-OEQNH,2015-02-01,No,One_year,Yes,Electronic_check,44.45,2773.9,Female,0,No,No,DSL,Yes,No,Yes,No,No,Yes,No,0,2020-02-01,1826
3162-KKZXO,2015-07-01,No,One_year,Yes,Electronic_check,100.15,5409.75,Female,1,No,No,Fiber_optic,No,No,Yes,No,Yes,Yes,Yes,0,2020-02-01,1676
7055-VKGDA,2015-05-01,2019-11-01 00:00:00,One_year,Yes,Credit_card_(automatic),105.4,5643.4,Male,0,No,No,Fiber_optic,Yes,Yes,No,Yes,Yes,Yes,No,1,2019-11-01,1645
0754-UKWQP,2019-09-01,2019-11-01 00:00:00,Month-to-month,Yes,Electronic_check,95.85,197.7,Male,0,No,No,Fiber_optic,No,No,Yes,No,Yes,Yes,No,1,2019-11-01,61
8873-GLDMH,2019-08-01,No,Month-to-month,Yes,Mailed_check,73.85,401.3,Female,0,No,No,Fiber_optic,No,No,No,No,No,No,Yes,0,2020-02-01,184
5696-JVVQY,2016-02-01,No,Two_year,Yes,Credit_card_(automatic),70.1,3238.4,Female,0,Yes,Yes,DSL,Yes,Yes,Yes,No,No,Yes,No,0,2020-02-01,1461
8946-BFWSG,2014-11-01,No,Two_year,No,Mailed_check,25.25,1573.05,Male,0,Yes,Yes,No,No,No,No,No,No,No,Yes,0,2020-02-01,1918
7493-TPUWZ,2019-09-01,2019-10-01 00:00:00,Month-to-month,Yes,Electronic_check,79.15,79.15,Male,0,No,No,Fiber_optic,No,Yes,No,No,No,No,Yes,1,2019-10-01,30
0547-HURJB,2019-02-01,No,Month-to-month,No,Credit_card_(automatic),21.05,235.8,Male,0,No,Yes,No,No,No,No,No,No,No,No,0,2020-02-01,365
8904-OPDCK,2015-08-01,No,Month-to-month,Yes,Bank_transfer_(automatic),24.95,1364.75,Male,1,Yes,No,DSL,No,No,No,No,No,No,No,0,2020-02-01,1645
8845-LWKGE,2017-08-01,No,One_year,Yes,Electronic_check,64.5,1985.15,Female,0,Yes,Yes,DSL,No,No,Yes,Yes,Yes,No,No,0,2020-02-01,914
1577-HKTFG,2017-04-01,2019-10-01 00:00:00,Month-to-month,No,Bank_transfer_(automatic),19.65,655.85,Female,0,Yes,No,No,No,No,No,No,No,No,No,1,2019-10-01,913
8752-STIVR,2019-07-01,2019-11-01 00:00:00,Month-to-month,Yes,Electronic_check,79.0,303.15,Female,0,No,No,Fiber_optic,No,No,No,No,Yes,No,No,1,2019-11-01,123
0691-NIKRI,2016-10-01,No,One_year,Yes,Credit_card_(automatic),105.95,4335.2,Female,0,No,No,Fiber_optic,No,No,Yes,Yes,Yes,Yes,Yes,0,2020-02-01,1218
5022-JNQEQ,2019-05-01,No,Month-to-month,Yes,Electronic_check,75.85,647.5,Female,0,Yes,Yes,Fiber_optic,No,No,No,Yes,No,No,No,0,2020-02-01,276
4558-FANTW,2018-07-01,2019-12-01 00:00:00,Month-to-month,No,Electronic_check,91.85,1574.45,Female,0,Yes,Yes,Fiber_optic,Yes,No,No,Yes,Yes,No,No,1,2019-12-01,518
3249-VHRIP,2014-12-01,No,Two_year,Yes,Credit_card_(automatic),43.6,2748.7,Female,0,No,No,DSL,No,Yes,Yes,No,No,Yes,No,0,2020-02-01,1888
3736-BLEPA,2017-10-01,No,One_year,Yes,Bank_transfer_(automatic),91.25,2483.65,Male,0,No,No,Fiber_optic,No,Yes,No,Yes,Yes,No,No,0,2020-02-01,853
4701-LKOZD,2014-04-01,No,Two_year,No,Credit_card_(automatic),89.75,6367.2,Female,0,No,No,DSL,Yes,Yes,Yes,Yes,Yes,Yes,Yes,0,2020-02-01,2132
6603-QWSPR,2016-04-01,No,Two_year,Yes,Bank_transfer_(automatic),104.4,4904.2,Female,0,No,No,Fiber_optic,No,Yes,Yes,Yes,Yes,Yes,No,0,2020-02-01,1401
9921-QFQUL,2018-03-01,No,Month-to-month,No,Mailed_check,90.15,2044.95,Female,0,Yes,No,Fiber_optic,No,No,Yes,No,No,Yes,Yes,0,2020-02-01,702
1929-ZCBHE,2016-03-01,No,One_year,No,Electronic_check,40.3,1794.8,Male,0,Yes,Yes,DSL,Yes,No,Yes,Yes,No,No,No,0,2020-02-01,1432
4378-MYPGO,2014-06-01,No,Two_year,Yes,Bank_transfer_(automatic),105.25,7173.15,Male,0,Yes,Yes,Fiber_optic,Yes,Yes,Yes,No,Yes,Yes,No,0,2020-02-01,2071
8651-ENBZX,2014-11-01,2019-11-01 00:00:00,One_year,Yes,Electronic_check,106.0,6441.4,Female,1,No,No,Fiber_optic,No,No,Yes,Yes,Yes,Yes,Yes,1,2019-11-01,1826
4129-LYCOI,2014-07-01,No,Two_year,Yes,Electronic_check,104.0,7039.05,Female,0,No,Yes,Fiber_optic,No,Yes,No,Yes,Yes,Yes,Yes,0,2020-02-01,2041
7798-JVXYM,2018-12-01,No,Month-to-month,Yes,Electronic_check,69.65,921.4,Female,0,No,No,DSL,No,No,No,Yes,Yes,Yes,No,0,2020-02-01,427
8647-SDTWQ,2015-05-01,No,Month-to-month,Yes,Electronic_check,74.3,4018.35,Male,0,Yes,Yes,Fiber_optic,No,No,No,No,No,No,Yes,0,2020-02-01,1737
2696-ECXKC,2015-07-01,No,One_year,No,Mailed_check,100.9,5448.6,Female,0,Yes,Yes,Fiber_optic,Yes,No,No,No,Yes,Yes,Yes,0,2020-02-01,1676
2081-KJSQF,2020-01-01,No,Month-to-month,Yes,Mailed_check,20.25,20.25,Male,0,No,No,No,No,No,No,No,No,No,No,0,2020-02-01,31
7623-TRNQN,2019-09-01,2019-10-01 00:00:00,Month-to-month,Yes,Mailed_check,49.9,49.9,Male,0,No,Yes,DSL,No,No,No,Yes,No,No,No,1,2019-10-01,30
3323-CPBWR,2018-03-01,No,Month-to-month,Yes,Credit_card_(automatic),96.9,2085.45,Male,0,No,No,Fiber_optic,No,No,Yes,Yes,Yes,No,Yes,0,2020-02-01,702
9330-IJWIO,2018-10-01,2019-11-01 00:00:00,Month-to-month,Yes,Electronic_check,100.35,1358.85,Female,0,No,No,Fiber_optic,Yes,No,No,No,Yes,Yes,Yes,1,2019-11-01,396
3384-CTMSF,2016-03-01,No,Month-to-month,Yes,Electronic_check,104.1,5135.15,Male,0,Yes,No,Fiber_optic,No,Yes,Yes,No,Yes,Yes,Yes,0,2020-02-01,1432
0902-RFHOF,2016-12-01,No,One_year,No,Mailed_check,20.1,730.1,Male,0,No,No,No,No,No,No,No,No,No,No,0,2020-02-01,1157
9286-DOJGF,2016-09-01,2019-11-01 00:00:00,Month-to-month,Yes,Bank_transfer_(automatic),74.95,2869.85,Female,1,Yes,No,Fiber_optic,No,No,No,No,No,No,Yes,1,2019-11-01,1156
6048-QBXKL,2019-12-01,No,Month-to-month,Yes,Credit_card_(automatic),56.55,118.25,Female,1,No,No,DSL,No,Yes,No,No,No,No,Yes,0,2020-02-01,62
9661-MHUMO,2019-12-01,2020-01-01 00:00:00,Month-to-month,Yes,Credit_card_(automatic),49.25,49.25,Male,1,Yes,Yes,DSL,No,No,No,Yes,No,No,No,1,2020-01-01,31
7718-RXDGG,2018-11-01,No,Month-to-month,Yes,Bank_transfer_(automatic),68.6,1108.6,Male,0,Yes,No,Fiber_optic,No,No,No,No,No,No,No,0,2020-02-01,457
1025-FALIX,2017-12-01,No,Month-to-month,Yes,Credit_card_(automatic),69.05,1815.65,Female,0,No,No,Fiber_optic,No,No,No,No,No,No,No,0,2020-02-01,792
3451-VAWLI,2017-03-01,No,Two_year,No,Credit_card_(automatic),19.7,730.4,Female,0,Yes,Yes,No,No,No,No,No,No,No,No,0,2020-02-01,1067
3407-QGWLG,2019-11-01,No,Month-to-month,Yes,Mailed_check,20.05,75.45,Male,0,No,Yes,No,No,No,No,No,No,No,No,0,2020-02-01,92
1842-EZJMK,2015-11-01,2020-01-01 00:00:00,Month-to-month,No,Electronic_check,103.7,5071.05,Male,0,Yes,Yes,Fiber_optic,No,Yes,No,Yes,Yes,Yes,Yes,1,2020-01-01,1522
2347-WKKAE,2016-08-01,No,Month-to-month,Yes,Electronic_check,94.4,4014.6,Male,0,Yes,No,Fiber_optic,Yes,No,Yes,No,No,Yes,Yes,0,2020-02-01,1279
8735-DCXNF,2019-04-01,No,Month-to-month,Yes,Credit_card_(automatic),54.95,568.85,Male,0,Yes,No,DSL,Yes,No,No,Yes,No,No,No,0,2020-02-01,306
3214-IYUUQ,2015-01-01,No,One_year,No,Bank_transfer_(automatic),93.7,5860.7,Female,0,Yes,No,Fiber_optic,Yes,Yes,No,Yes,No,Yes,No,0,2020-02-01,1857
1936-UAFEH,2014-06-01,No,Two_year,No,Credit_card_(automatic),110.25,7279.35,Female,0,No,No,Fiber_optic,Yes,Yes,No,Yes,Yes,Yes,Yes,0,2020-02-01,2071
3587-PMCOY,2019-04-01,No,One_year,Yes,Electronic_check,98.9,1064.95,Male,0,No,No,Fiber_optic,Yes,No,Yes,No,Yes,Yes,No,0,2020-02-01,306
8079-XRJRS,2014-07-01,2019-12-01 00:00:00,One_year,No,Electronic_check,89.75,5769.6,Male,0,Yes,No,Fiber_optic,Yes,Yes,Yes,No,No,No,Yes,1,2019-12-01,1979
1027-LKKQQ,2014-02-01,No,Two_year,Yes,Bank_transfer_(automatic),80.45,5886.85,Female,0,Yes,Yes,DSL,Yes,No,Yes,Yes,Yes,Yes,No,0,2020-02-01,2191
7148-XZPHA,2015-07-01,No,Month-to-month,No,Electronic_check,79.4,4238.45,Male,0,Yes,Yes,Fiber_optic,No,Yes,No,Yes,No,No,No,0,2020-02-01,1676
8073-IJDCM,2019-12-01,2020-01-01 00:00:00,Month-to-month,Yes,Mailed_check,20.3,20.3,Female,0,No,No,No,No,No,No,No,No,No,No,1,2020-01-01,31
5309-TAIKL,2019-07-01,No,Month-to-month,No,Bank_transfer_(automatic),62.8,418.3,Female,0,No,No,DSL,No,No,Yes,Yes,No,Yes,No,0,2020-02-01,215
6856-RAURS,2019-12-01,No,Month-to-month,Yes,Mailed_check,74.9,136.05,Female,0,No,No,Fiber_optic,No,No,No,No,No,No,Yes,0,2020-02-01,62
8778-LMWTJ,2019-05-01,No,Month-to-month,Yes,Electronic_check,74.85,708.2,Female,0,No,No,Fiber_optic,Yes,No,No,No,No,No,No,0,2020-02-01,276
9717-IOAAF,2017-11-01,No,Two_year,Yes,Credit_card_(automatic),25.85,788.55,Male,0,No,Yes,No,No,No,No,No,No,No,Yes,0,2020-02-01,822
8884-ADFVN,2019-04-01,2019-11-01 00:00:00,Month-to-month,Yes,Electronic_check,101.95,700.85,Male,1,Yes,No,Fiber_optic,No,No,Yes,No,Yes,Yes,Yes,1,2019-11-01,214
2845-KDHVX,2014-10-01,No,Two_year,Yes,Mailed_check,68.3,4378.8,Female,0,Yes,No,DSL,No,Yes,Yes,Yes,No,Yes,No,0,2020-02-01,1949
0848-SOMKO,2014-04-01,No,Two_year,No,Bank_transfer_(automatic),48.4,3442.8,Male,0,No,No,DSL,Yes,No,Yes,Yes,No,Yes,No,0,2020-02-01,2132
2720-WGKHP,2019-08-01,2019-10-01 00:00:00,Month-to-month,Yes,Electronic_check,94.0,181.7,Male,1,No,No,Fiber_optic,No,No,No,No,Yes,Yes,Yes,1,2019-10-01,61
6734-FQAJX,2014-07-01,No,Two_year,Yes,Electronic_check,105.05,7171.7,Male,1,No,No,Fiber_optic,Yes,Yes,No,Yes,Yes,Yes,No,0,2020-02-01,2041
2869-ADAWR,2016-03-01,2019-12-01 00:00:00,Month-to-month,Yes,Credit_card_(automatic),89.3,4016.85,Female,0,No,No,Fiber_optic,No,Yes,No,No,Yes,No,Yes,1,2019-12-01,1370
1535-VTJOQ,2018-02-01,No,Two_year,No,Credit_card_(automatic),25.15,553.0,Female,0,No,No,No,No,No,No,No,No,No,Yes,0,2020-02-01,730
6368-TZZDT,2019-10-01,No,Two_year,No,Credit_card_(automatic),19.5,96.85,Male,0,Yes,Yes,No,No,No,No,No,No,No,No,0,2020-02-01,123
0943-ZQPXH,2016-06-01,No,Month-to-month,Yes,Bank_transfer_(automatic),92.95,4122.9,Male,0,Yes,Yes,Fiber_optic,No,No,Yes,No,Yes,Yes,No,0,2020-02-01,1340
1293-BSEUN,2014-02-01,No,Two_year,Yes,Mailed_check,20.7,1482.3,Female,0,Yes,Yes,No,No,No,No,No,No,No,No,0,2020-02-01,2191
9894-EZEWG,2019-11-01,2019-12-01 00:00:00,Month-to-month,Yes,Credit_card_(automatic),74.3,74.3,Female,0,No,No,Fiber_optic,No,Yes,No,No,No,No,No,1,2019-12-01,30
1302-TPUBN,2014-08-01,No,Two_year,No,Bank_transfer_(automatic),19.35,1240.8,Male,0,No,No,No,No,No,No,No,No,No,No,0,2020-02-01,2010
7851-FLGGQ,2019-11-01,2019-12-01 00:00:00,Month-to-month,Yes,Mailed_check,44.65,44.65,Male,0,No,No,DSL,No,Yes,No,Yes,No,Yes,No,1,2019-12-01,30
0637-UBJRP,2018-09-01,2019-10-01 00:00:00,Month-to-month,No,Electronic_check,84.05,1095.3,Male,0,Yes,Yes,Fiber_optic,Yes,No,No,No,No,Yes,No,1,2019-10-01,395
0940-OUQEC,2019-02-01,2019-12-01 00:00:00,Month-to-month,Yes,Bank_transfer_(automatic),80.7,788.8,Male,0,No,No,Fiber_optic,No,Yes,No,No,No,No,Yes,1,2019-12-01,303
2378-VTKDH,2014-09-01,No,Month-to-month,Yes,Electronic_check,104.35,6578.55,Male,1,Yes,No,Fiber_optic,No,Yes,Yes,No,Yes,Yes,Yes,0,2020-02-01,1979
0927-CNGRH,2020-01-01,No,Month-to-month,No,Mailed_check,19.55,19.55,Male,0,No,Yes,No,No,No,No,No,No,No,No,0,2020-02-01,31
8608-OZTLB,2016-12-01,No,One_year,No,Electronic_check,74.05,2802.3,Male,0,Yes,Yes,DSL,Yes,Yes,Yes,Yes,Yes,No,No,0,2020-02-01,1157
2335-GSODA,2018-03-01,No,Two_year,No,Mailed_check,40.1,857.75,Male,0,No,Yes,DSL,Yes,No,Yes,Yes,No,No,No,0,2020-02-01,702
1952-DVVSW,2019-04-01,No,One_year,No,Mailed_check,20.1,184.4,Female,0,Yes,No,No,No,No,No,No,No,No,No,0,2020-02-01,306
0702-PGIBZ,2019-08-01,2019-12-01 00:00:00,Month-to-month,Yes,Electronic_check,101.7,364.55,Male,0,No,Yes,Fiber_optic,No,Yes,No,No,Yes,Yes,Yes,1,2019-12-01,122
6656-GULJQ,2014-02-01,No,Two_year,Yes,Credit_card_(automatic),83.55,6093.3,Male,0,Yes,Yes,DSL,Yes,No,Yes,Yes,Yes,Yes,Yes,0,2020-02-01,2191
9853-JFZDU,2017-03-01,No,Month-to-month,No,Electronic_check,56.85,1861.1,Female,0,Yes,No,DSL,No,Yes,No,Yes,No,No,No,0,2020-02-01,1067
1963-VAUKV,2019-11-01,2019-12-01 00:00:00,Month-to-month,No,Mailed_check,20.4,20.4,Female,0,No,No,No,No,No,No,No,No,No,No,1,2019-12-01,30
3777-XROBG,2015-04-01,No,Two_year,No,Credit_card_(automatic),19.55,1079.65,Female,0,Yes,Yes,No,No,No,No,No,No,No,No,0,2020-02-01,1767
6994-FGRHH,2014-04-01,No,One_year,Yes,Electronic_check,106.15,7475.1,Male,0,Yes,Yes,Fiber_optic,No,Yes,Yes,Yes,Yes,Yes,No,0,2020-02-01,2132
4000-VGMQP,2016-12-01,No,One_year,No,Credit_card_(automatic),78.95,2862.55,Male,0,Yes,Yes,DSL,No,Yes,Yes,No,Yes,Yes,Yes,0,2020-02-01,1157
3999-WRNGR,2015-02-01,No,Month-to-month,Yes,Electronic_check,49.75,3069.45,Female,0,Yes,Yes,DSL,No,Yes,No,No,Yes,Yes,No,0,2020-02-01,1826
3466-RITXD,2017-12-01,No,Month-to-month,Yes,Credit_card_(automatic),92.4,2349.8,Male,0,No,No,Fiber_optic,Yes,Yes,No,No,Yes,No,Yes,0,2020-02-01,792
2680-XKKNJ,2019-06-01,No,One_year,No,Bank_transfer_(automatic),58.2,469.25,Female,0,No,No,DSL,Yes,Yes,No,Yes,No,No,No,0,2020-02-01,245
3058-HJCUY,2016-05-01,2019-10-01 00:00:00,One_year,Yes,Electronic_check,102.6,4213.35,Male,0,Yes,Yes,Fiber_optic,No,No,Yes,Yes,Yes,Yes,Yes,1,2019-10-01,1248
2974-GGUXS,2017-02-01,No,Month-to-month,Yes,Credit_card_(automatic),91.95,3301.05,Female,1,Yes,No,Fiber_optic,No,Yes,No,No,Yes,No,Yes,0,2020-02-01,1095
7994-XIRTR,2015-08-01,No,One_year,No,Bank_transfer_(automatic),65.25,3529.95,Male,1,No,No,DSL,No,No,Yes,Yes,No,Yes,No,0,2020-02-01,1645
3259-FDWOY,2014-01-01,2019-12-01 00:00:00,Two_year,Yes,Bank_transfer_(automatic),106.0,7723.7,Male,0,Yes,Yes,Fiber_optic,No,Yes,Yes,No,Yes,Yes,Yes,1,2019-12-01,2160
2101-RANCD,2015-07-01,No,Month-to-month,Yes,Electronic_check,73.1,4144.9,Female,0,No,No,Fiber_optic,No,No,No,No,No,No,Yes,0,2020-02-01,1676
7921-BEPCI,2014-02-01,No,Two_year,No,Bank_transfer_(automatic),59.75,4265.0,Female,0,No,No,DSL,Yes,Yes,No,No,No,No,Yes,0,2020-02-01,2191
0807-ZABDG,2019-08-01,2019-11-01 00:00:00,Month-to-month,Yes,Mailed_check,55.1,154.65,Female,0,No,Yes,DSL,Yes,No,No,Yes,No,No,No,1,2019-11-01,92
8510-TMWYB,2015-08-01,No,Two_year,Yes,Bank_transfer_(automatic),59.8,3246.45,Female,0,Yes,Yes,DSL,No,Yes,Yes,No,No,No,Yes,0,2020-02-01,1645
3258-ZKPAI,2014-02-01,No,Two_year,Yes,Bank_transfer_(automatic),116.6,8337.45,Male,0,Yes,Yes,Fiber_optic,Yes,Yes,Yes,Yes,Yes,Yes,Yes,0,2020-02-01,2191
1428-IEDPR,2015-10-01,No,Two_year,Yes,Electronic_check,109.3,5731.4,Male,0,No,No,Fiber_optic,Yes,No,Yes,Yes,Yes,Yes,Yes,0,2020-02-01,1584
5298-GSTLM,2015-02-01,No,One_year,Yes,Bank_transfer_(automatic),101.4,6176.6,Female,1,No,No,Fiber_optic,Yes,No,No,No,Yes,Yes,Yes,0,2020-02-01,1826
4450-YOOHP,2016-11-01,No,Month-to-month,Yes,Credit_card_(automatic),50.65,1905.4,Female,0,No,No,DSL,No,No,Yes,No,Yes,Yes,No,0,2020-02-01,1187
6728-CZFEI,2018-11-01,No,One_year,No,Mailed_check,56.15,931.9,Female,0,No,No,DSL,No,No,No,No,Yes,No,No,0,2020-02-01,457
5748-RNCJT,2014-02-01,2019-11-01 00:00:00,Two_year,Yes,Bank_transfer_(automatic),106.5,7348.8,Male,0,No,No,Fiber_optic,No,No,Yes,Yes,Yes,Yes,Yes,1,2019-11-01,2099
3653-NCRDJ,2016-07-01,No,One_year,Yes,Mailed_check,19.2,776.25,Male,0,Yes,Yes,No,No,No,No,No,No,No,No,0,2020-02-01,1310
6121-TNHBO,2014-11-01,No,One_year,No,Bank_transfer_(automatic),83.0,5243.05,Female,1,No,No,DSL,Yes,Yes,Yes,Yes,Yes,No,Yes,0,2020-02-01,1918
5119-NZPTV,2019-12-01,No,Month-to-month,No,Electronic_check,70.1,141.65,Male,1,Yes,No,Fiber_optic,No,No,No,No,No,No,No,0,2020-02-01,62
6519-ZHPXP,2014-02-01,No,Two_year,Yes,Bank_transfer_(automatic),108.3,7679.65,Female,0,Yes,Yes,Fiber_optic,Yes,Yes,Yes,Yes,Yes,Yes,No,0,2020-02-01,2191
7739-LAXOG,2017-03-01,2019-11-01 00:00:00,Month-to-month,Yes,Bank_transfer_(automatic),91.05,2954.5,Female,0,Yes,Yes,Fiber_optic,No,No,Yes,No,No,Yes,Yes,1,2019-11-01,975
3472-QPRCH,2016-10-01,No,Two_year,No,Credit_card_(automatic),25.25,1006.9,Male,0,Yes,Yes,No,No,No,No,No,No,No,Yes,0,2020-02-01,1218
8224-UAXBZ,2015-04-01,No,One_year,Yes,Electronic_check,45.35,2540.1,Female,0,Yes,No,DSL,Yes,Yes,No,No,Yes,No,No,0,2020-02-01,1767
9610-WCESF,2014-07-01,No,Two_year,No,Electronic_check,43.9,3097.2,Male,0,No,No,DSL,Yes,No,No,Yes,Yes,No,No,0,2020-02-01,2041
9776-CLUJA,2015-09-01,2019-12-01 00:00:00,Month-to-month,Yes,Electronic_check,77.5,3807.35,Female,1,Yes,No,Fiber_optic,Yes,No,No,No,No,No,Yes,1,2019-12-01,1552
2486-WYVVE,2017-07-01,No,One_year,Yes,Mailed_check,79.3,2484.0,Male,0,Yes,No,DSL,No,No,Yes,Yes,Yes,Yes,Yes,0,2020-02-01,945
3865-ZYKAD,2014-05-01,No,Month-to-month,Yes,Credit_card_(automatic),84.9,5785.65,Male,1,Yes,No,Fiber_optic,Yes,Yes,No,No,No,No,Yes,0,2020-02-01,2102
1422-DGUBX,2017-06-01,No,One_year,Yes,Electronic_check,79.25,2619.15,Male,0,Yes,No,Fiber_optic,No,No,No,Yes,No,No,Yes,0,2020-02-01,975
2999-AANRQ,2018-05-01,No,Two_year,No,Credit_card_(automatic),71.05,1524.85,Female,0,No,No,DSL,Yes,Yes,No,Yes,Yes,No,No,0,2020-02-01,641
8668-KNZTI,2015-10-01,No,One_year,No,Electronic_check,53.75,2790.65,Male,0,No,No,DSL,Yes,No,Yes,No,No,No,No,0,2020-02-01,1584
0480-KYJVA,2014-02-01,No,Two_year,No,Credit_card_(automatic),24.25,1784.5,Female,0,Yes,Yes,No,No,No,No,No,No,No,Yes,0,2020-02-01,2191
6034-ZRYCV,2014-01-01,2020-01-01 00:00:00,Two_year,Yes,Electronic_check,54.2,3937.45,Female,0,Yes,No,DSL,No,Yes,Yes,No,Yes,Yes,No,1,2020-01-01,2191
9746-YKGXB,2015-10-01,No,One_year,No,Bank_transfer_(automatic),44.25,2276.1,Male,0,Yes,Yes,DSL,Yes,No,Yes,No,No,Yes,No,0,2020-02-01,1584
3926-YZVVX,2016-09-01,No,One_year,No,Bank_transfer_(automatic),50.05,2029.05,Female,0,No,No,DSL,No,No,No,Yes,No,No,No,0,2020-02-01,1248
6000-UKLWI,2016-09-01,No,Two_year,No,Mailed_check,20.15,802.35,Male,0,No,No,No,No,No,No,No,No,No,No,0,2020-02-01,1248
2079-FBMZK,2019-05-01,2019-11-01 00:00:00,Month-to-month,Yes,Mailed_check,69.25,418.4,Female,0,No,No,Fiber_optic,No,No,No,No,No,No,No,1,2019-11-01,184
6332-FBZRI,2014-07-01,No,One_year,Yes,Credit_card_(automatic),69.35,4653.25,Male,0,Yes,Yes,DSL,Yes,Yes,Yes,Yes,No,No,Yes,0,2020-02-01,2041
2096-XOTMO,2018-10-01,No,Month-to-month,No,Mailed_check,19.35,275.9,Female,0,Yes,Yes,No,No,No,No,No,No,No,No,0,2020-02-01,488
3266-FTKHB,2018-09-01,No,Two_year,No,Mailed_check,19.15,343.45,Male,0,No,No,No,No,No,No,No,No,No,No,0,2020-02-01,518
8221-EQDGL,2017-03-01,No,Month-to-month,No,Mailed_check,61.0,2130.45,Male,0,Yes,No,DSL,Yes,Yes,Yes,No,No,No,No,0,2020-02-01,1067
2346-LOCWC,2015-04-01,No,Two_year,No,Credit_card_(automatic),20.5,1191.4,Female,0,Yes,Yes,No,No,No,No,No,No,No,No,0,2020-02-01,1767
6608-QQLVK,2019-12-01,2020-01-01 00:00:00,Month-to-month,Yes,Electronic_check,50.5,50.5,Male,0,No,No,DSL,No,No,Yes,No,No,No,No,1,2020-01-01,31
0298-XACET,2015-10-01,No,Two_year,No,Mailed_check,50.2,2554.0,Male,0,Yes,Yes,DSL,No,Yes,Yes,Yes,Yes,No,No,0,2020-02-01,1584
7560-QJAVJ,2014-04-01,No,Two_year,No,Bank_transfer_(automatic),79.6,5589.45,Female,0,No,No,DSL,Yes,No,Yes,Yes,Yes,Yes,No,0,2020-02-01,2132
2995-YWTCD,2018-07-01,No,Two_year,Yes,Bank_transfer_(automatic),24.9,467.7,Female,0,Yes,Yes,No,No,No,No,No,No,No,Yes,0,2020-02-01,580
3551-HUAZH,2019-09-01,2019-10-01 00:00:00,Month-to-month,Yes,Electronic_check,74.4,74.4,Male,1,No,No,Fiber_optic,No,No,No,No,No,No,Yes,1,2019-10-01,30
9137-UIYPG,2017-03-01,No,Month-to-month,Yes,Electronic_check,106.9,3756.45,Female,0,Yes,Yes,Fiber_optic,Yes,No,Yes,Yes,Yes,Yes,No,0,2020-02-01,1067
2809-ZMYOQ,2017-06-01,No,Month-to-month,Yes,Electronic_check,101.35,3334.9,Female,0,No,No,Fiber_optic,No,No,Yes,No,Yes,Yes,Yes,0,2020-02-01,975
5084-OOVCJ,2018-09-01,No,Month-to-month,Yes,Credit_card_(automatic),55.35,920.5,Female,0,Yes,Yes,DSL,Yes,No,No,Yes,No,No,No,0,2020-02-01,518
0254-WWRKD,2014-07-01,No,One_year,No,Credit_card_(automatic),50.55,3431.75,Female,0,Yes,Yes,DSL,No,Yes,No,No,No,No,No,0,2020-02-01,2041
7727-SHVZV,2019-05-01,No,Month-to-month,No,Bank_transfer_(automatic),19.5,150.35,Female,0,No,No,No,No,No,No,No,No,No,No,0,2020-02-01,276
6302-JGYRJ,2017-03-01,2019-10-01 00:00:00,One_year,Yes,Mailed_check,79.45,2587.7,Male,0,No,Yes,DSL,No,Yes,No,Yes,Yes,Yes,Yes,1,2019-10-01,944
5339-PXDVH,2019-10-01,No,Month-to-month,No,Electronic_check,90.65,367.95,Male,0,No,No,Fiber_optic,Yes,No,No,No,Yes,No,Yes,0,2020-02-01,123
2205-LPVGL,2015-04-01,No,One_year,Yes,Bank_transfer_(automatic),89.85,5125.75,Male,1,Yes,Yes,Fiber_optic,Yes,Yes,No,Yes,No,No,Yes,0,2020-02-01,1767
8782-NUUOL,2015-02-01,No,One_year,No,Mailed_check,79.0,4801.1,Male,0,No,No,DSL,Yes,No,Yes,Yes,Yes,Yes,No,0,2020-02-01,1826
3685-YLCMQ,2015-02-01,2019-12-01 00:00:00,One_year,Yes,Electronic_check,104.65,6219.6,Male,0,No,No,Fiber_optic,No,No,Yes,Yes,Yes,Yes,Yes,1,2019-12-01,1764
7601-WFVZV,2020-01-01,No,Month-to-month,No,Mailed_check,19.55,19.55,Male,0,No,No,No,No,No,No,No,No,No,No,0,2020-02-01,31
4609-KNNWG,2017-11-01,No,Two_year,No,Mailed_check,19.9,550.1,Female,0,Yes,Yes,No,No,No,No,No,No,No,No,0,2020-02-01,822
4868-AADLV,2014-08-01,No,One_year,Yes,Electronic_check,116.25,7862.25,Male,1,Yes,Yes,Fiber_optic,Yes,Yes,Yes,Yes,Yes,Yes,Yes,0,2020-02-01,2010
9529-OFXHY,2018-11-01,No,Month-to-month,Yes,Bank_transfer_(automatic),87.75,1242.2,Male,0,No,No,Fiber_optic,Yes,No,No,No,Yes,No,Yes,0,2020-02-01,457
8634-MPHTR,2016-02-01,2020-01-01 00:00:00,Month-to-month,Yes,Electronic_check,100.05,4871.05,Male,1,Yes,No,Fiber_optic,No,No,Yes,No,Yes,Yes,Yes,1,2020-01-01,1430
2669-QVCRG,2016-09-01,No,Month-to-month,Yes,Credit_card_(automatic),81.3,3190.65,Female,0,No,No,Fiber_optic,Yes,No,No,No,No,No,Yes,0,2020-02-01,1248
2478-EEWWM,2015-03-01,No,Month-to-month,Yes,Electronic_check,44.3,2666.75,Male,0,Yes,No,DSL,No,No,No,No,Yes,Yes,No,0,2020-02-01,1798
9174-IHETN,2015-12-01,No,Two_year,No,Credit_card_(automatic),70.35,3533.6,Female,0,No,Yes,Fiber_optic,No,No,No,No,No,No,No,0,2020-02-01,1523
2233-TXSIU,2018-09-01,No,One_year,No,Credit_card_(automatic),44.45,792.15,Male,0,Yes,Yes,DSL,Yes,No,Yes,No,Yes,No,No,0,2020-02-01,518
9644-UMGQA,2019-08-01,No,Month-to-month,Yes,Electronic_check,49.15,295.65,Male,0,Yes,Yes,DSL,Yes,No,No,No,No,No,No,0,2020-02-01,184
3256-EZDBI,2015-11-01,No,Month-to-month,Yes,Credit_card_(automatic),29.45,1459.35,Male,1,Yes,No,DSL,No,Yes,No,No,No,No,No,0,2020-02-01,1553
8761-NSOBC,2016-02-01,2019-10-01 00:00:00,Month-to-month,No,Electronic_check,100.55,4398.15,Male,0,No,No,Fiber_optic,No,Yes,No,Yes,Yes,Yes,No,1,2019-10-01,1338
0419-YAAPX,2016-01-01,No,Month-to-month,Yes,Credit_card_(automatic),85.3,4297.95,Male,0,Yes,No,Fiber_optic,No,Yes,No,No,Yes,No,No,0,2020-02-01,1492
8413-VONUO,2019-08-01,2019-10-01 00:00:00,Month-to-month,No,Electronic_check,95.65,167.3,Male,0,No,No,Fiber_optic,No,Yes,No,No,Yes,Yes,No,1,2019-10-01,61
0872-CASZJ,2015-03-01,No,One_year,Yes,Mailed_check,69.1,4096.9,Male,0,Yes,No,DSL,Yes,No,No,Yes,No,Yes,Yes,0,2020-02-01,1798
4726-DLWQN,2015-12-01,No,Month-to-month,Yes,Bank_transfer_(automatic),70.35,3454.6,Male,1,No,No,DSL,Yes,Yes,No,No,Yes,No,Yes,0,2020-02-01,1523
8164-OCKUJ,2015-03-01,No,Two_year,No,Mailed_check,20.6,1286.0,Female,0,Yes,Yes,No,No,No,No,No,No,No,No,0,2020-02-01,1798
3094-JOJAI,2018-08-01,No,Month-to-month,No,Mailed_check,74.15,1387.0,Male,0,No,No,Fiber_optic,No,No,No,No,No,No,Yes,0,2020-02-01,549
9494-MRNYX,2019-04-01,No,Month-to-month,No,Electronic_check,75.05,786.3,Male,0,No,No,Fiber_optic,No,No,No,No,No,No,Yes,0,2020-02-01,306
2599-CZABP,2018-12-01,No,One_year,No,Electronic_check,44.6,641.25,Male,0,Yes,No,DSL,No,No,No,No,No,No,No,0,2020-02-01,427
7945-PRBVF,2017-03-01,No,Two_year,No,Bank_transfer_(automatic),21.45,705.45,Male,0,No,No,No,No,No,No,No,No,No,No,0,2020-02-01,1067
4544-RXFMG,2019-06-01,No,One_year,Yes,Mailed_check,43.45,345.5,Male,0,Yes,Yes,DSL,No,No,No,No,No,No,No,0,2020-02-01,245
0859-YGKFW,2018-08-01,No,One_year,No,Bank_transfer_(automatic),20.05,345.9,Male,0,Yes,Yes,No,No,No,No,No,No,No,No,0,2020-02-01,549
1150-FTQGN,2015-02-01,No,One_year,No,Bank_transfer_(automatic),94.15,5811.8,Female,0,Yes,Yes,Fiber_optic,Yes,Yes,No,No,Yes,No,Yes,0,2020-02-01,1826
9223-UCPVT,2019-09-01,2019-10-01 00:00:00,Month-to-month,No,Electronic_check,94.4,94.4,Female,0,No,No,Fiber_optic,No,No,Yes,No,Yes,Yes,No,1,2019-10-01,30
7196-LIWRH,2019-08-01,No,Two_year,No,Mailed_check,19.55,124.45,Female,0,No,No,No,No,No,No,No,No,No,No,0,2020-02-01,184
5448-VWNAM,2018-07-01,No,Month-to-month,Yes,Mailed_check,75.9,1375.6,Female,0,No,Yes,DSL,Yes,Yes,No,Yes,Yes,No,Yes,0,2020-02-01,580
1177-XZBJL,2015-09-01,No,One_year,No,Bank_transfer_(automatic),64.15,3491.55,Male,0,Yes,Yes,DSL,Yes,Yes,No,Yes,No,No,Yes,0,2020-02-01,1614
3518-FSTWG,2014-02-01,No,Two_year,Yes,Bank_transfer_(automatic),109.55,7920.7,Male,1,Yes,No,Fiber_optic,Yes,Yes,Yes,No,Yes,Yes,Yes,0,2020-02-01,2191
9330-VOFSZ,2015-02-01,No,Two_year,Yes,Credit_card_(automatic),110.8,6640.7,Female,0,Yes,No,Fiber_optic,No,Yes,Yes,Yes,Yes,Yes,Yes,0,2020-02-01,1826
4351-QLCSU,2019-12-01,2020-01-01 00:00:00,Month-to-month,Yes,Credit_card_(automatic),55.0,55.0,Female,0,No,No,DSL,No,No,No,No,Yes,No,No,1,2020-01-01,31
0939-EREMR,2019-01-01,No,Month-to-month,No,Mailed_check,53.45,718.1,Female,0,No,Yes,DSL,No,No,Yes,Yes,No,No,No,0,2020-02-01,396
9389-ACWBI,2019-09-01,No,Month-to-month,No,Credit_card_(automatic),69.95,320.4,Female,0,Yes,Yes,Fiber_optic,No,No,No,No,No,No,No,0,2020-02-01,153
5419-JPRRN,2019-11-01,2019-12-01 00:00:00,Month-to-month,Yes,Electronic_check,101.45,101.45,Male,0,No,No,Fiber_optic,No,No,Yes,No,Yes,Yes,Yes,1,2019-12-01,30
3644-QXEHN,2019-01-01,No,Month-to-month,No,Electronic_check,97.0,1334.45,Male,0,Yes,Yes,Fiber_optic,No,No,Yes,No,Yes,Yes,No,0,2020-02-01,396
2911-IJORQ,2017-01-01,No,One_year,Yes,Bank_transfer_(automatic),90.6,3358.65,Male,0,No,No,DSL,Yes,Yes,Yes,Yes,Yes,Yes,Yes,0,2020-02-01,1126
5921-NGYRH,2014-10-01,No,Month-to-month,Yes,Mailed_check,73.55,4764.0,Male,0,Yes,No,Fiber_optic,Yes,No,No,No,No,No,No,0,2020-02-01,1949
2100-BDNSN,2019-07-01,2019-12-01 00:00:00,Month-to-month,No,Bank_transfer_(automatic),67.95,350.3,Female,0,Yes,No,DSL,No,No,Yes,Yes,Yes,No,Yes,1,2019-12-01,153
5998-DZLYR,2015-01-01,No,Two_year,Yes,Bank_transfer_(automatic),94.35,5703.0,Female,0,Yes,No,Fiber_optic,No,Yes,No,Yes,No,Yes,Yes,0,2020-02-01,1857
0488-GSLFR,2019-10-01,2019-11-01 00:00:00,Month-to-month,Yes,Electronic_check,69.5,69.5,Female,0,No,No,Fiber_optic,No,No,No,No,No,No,No,1,2019-11-01,31
9318-NKNFC,2019-11-01,2019-12-01 00:00:00,Month-to-month,Yes,Mailed_check,18.85,18.85,Male,0,No,No,No,No,No,No,No,No,No,No,1,2019-12-01,30
3985-HOYPM,2017-12-01,No,One_year,No,Mailed_check,19.4,525.55,Male,0,No,No,No,No,No,No,No,No,No,No,0,2020-02-01,792
9728-FTTVZ,2019-09-01,2019-10-01 00:00:00,Month-to-month,Yes,Electronic_check,69.2,69.2,Female,0,No,No,Fiber_optic,No,No,No,No,No,No,No,1,2019-10-01,30
9548-LERKT,2018-02-01,No,Two_year,No,Mailed_check,19.75,483.15,Male,0,Yes,No,No,No,No,No,No,No,No,No,0,2020-02-01,730
6576-FBXOJ,2018-09-01,No,One_year,No,Electronic_check,54.6,934.8,Male,0,Yes,No,DSL,No,No,Yes,Yes,Yes,Yes,No,0,2020-02-01,518
4310-KEDTB,2017-12-01,No,Month-to-month,Yes,Mailed_check,29.8,786.5,Female,0,No,Yes,DSL,No,No,Yes,No,No,No,No,0,2020-02-01,792
7254-IQWOZ,2019-09-01,2019-10-01 00:00:00,Month-to-month,Yes,Electronic_check,69.65,69.65,Male,0,No,No,Fiber_optic,No,No,No,No,No,No,No,1,2019-10-01,30
2474-BRUCM,2016-06-01,2019-10-01 00:00:00,Month-to-month,No,Electronic_check,101.85,4086.3,Male,1,Yes,No,Fiber_optic,Yes,No,No,No,Yes,Yes,Yes,1,2019-10-01,1217
4062-HBMOS,2015-10-01,No,Month-to-month,Yes,Electronic_check,103.05,5364.8,Male,0,No,No,Fiber_optic,No,Yes,Yes,No,Yes,Yes,Yes,0,2020-02-01,1584
0742-NXBGR,2019-10-01,2019-11-01 00:00:00,Month-to-month,Yes,Electronic_check,82.3,82.3,Female,0,No,No,Fiber_optic,No,Yes,Yes,No,No,No,No,1,2019-11-01,31
2676-ISHSF,2020-01-01,No,Month-to-month,No,Mailed_check,20.3,20.3,Male,0,No,No,No,No,No,No,No,No,No,No,0,2020-02-01,31
9236-NDUCW,2018-05-01,No,Two_year,No,Mailed_check,35.1,770.4,Female,0,No,No,DSL,Yes,No,No,Yes,No,No,No,0,2020-02-01,641
4753-PADAS,2014-07-01,No,One_year,Yes,Bank_transfer_(automatic),105.7,6816.95,Female,0,Yes,No,Fiber_optic,No,Yes,Yes,No,Yes,Yes,Yes,0,2020-02-01,2041
6103-QCKFX,2016-06-01,No,Month-to-month,No,Bank_transfer_(automatic),56.25,2419.55,Female,0,Yes,Yes,DSL,Yes,No,No,Yes,No,No,No,0,2020-02-01,1340
7781-EWARA,2014-04-01,No,One_year,No,Electronic_check,60.35,4138.7,Male,0,Yes,Yes,DSL,No,Yes,Yes,Yes,Yes,Yes,No,0,2020-02-01,2132
6110-OHIHY,2019-07-01,2019-10-01 00:00:00,Month-to-month,No,Electronic_check,79.25,267.6,Male,0,No,No,Fiber_optic,No,No,No,No,Yes,No,No,1,2019-10-01,92
7018-FPXHH,2015-06-01,No,Two_year,Yes,Bank_transfer_(automatic),59.8,3457.45,Male,0,Yes,Yes,DSL,Yes,Yes,Yes,No,No,No,No,0,2020-02-01,1706
5889-LFOLL,2018-09-01,2019-10-01 00:00:00,Month-to-month,Yes,Electronic_check,84.6,1115.2,Female,0,No,No,Fiber_optic,No,No,No,No,No,Yes,Yes,1,2019-10-01,395
5708-EVONK,2015-02-01,2019-12-01 00:00:00,Month-to-month,Yes,Bank_transfer_(automatic),93.4,5435.6,Female,0,Yes,Yes,Fiber_optic,Yes,Yes,No,No,No,Yes,Yes,1,2019-12-01,1764
8708-XPXHZ,2016-04-01,2019-10-01 00:00:00,Month-to-month,Yes,Electronic_check,94.2,4186.3,Female,0,Yes,Yes,Fiber_optic,No,No,No,No,Yes,Yes,Yes,1,2019-10-01,1278
0616-ATFGB,2019-09-01,2019-10-01 00:00:00,Month-to-month,No,Electronic_check,25.05,25.05,Male,1,Yes,No,DSL,No,No,No,No,No,No,No,1,2019-10-01,30
0572-ZJKLT,2016-04-01,No,Two_year,No,Mailed_check,99.65,4630.2,Female,0,Yes,Yes,Fiber_optic,Yes,No,Yes,Yes,No,Yes,Yes,0,2020-02-01,1401
5135-RDDQL,2014-11-01,No,Two_year,Yes,Bank_transfer_(automatic),50.65,3221.25,Female,0,Yes,Yes,DSL,Yes,No,No,No,No,No,No,0,2020-02-01,1918
1353-LJWEM,2019-03-01,No,Month-to-month,Yes,Electronic_check,60.9,688.5,Male,0,No,No,DSL,No,Yes,Yes,Yes,No,No,No,0,2020-02-01,337
1794-SWWKL,2018-11-01,No,Month-to-month,Yes,Bank_transfer_(automatic),59.65,867.1,Male,0,Yes,Yes,DSL,No,No,Yes,Yes,No,No,Yes,0,2020-02-01,457
6166-YIPFO,2014-02-01,No,Two_year,Yes,Electronic_check,64.7,4746.05,Male,0,Yes,No,DSL,Yes,Yes,Yes,Yes,Yes,Yes,No,0,2020-02-01,2191
7016-BPGEU,2017-05-01,2019-10-01 00:00:00,Month-to-month,Yes,Credit_card_(automatic),25.1,712.85,Female,0,No,No,DSL,No,No,No,No,No,No,No,1,2019-10-01,883
6876-ADESB,2019-10-01,2019-11-01 00:00:00,Month-to-month,No,Electronic_check,48.95,48.95,Male,0,No,Yes,DSL,No,No,Yes,No,No,No,No,1,2019-11-01,31
9332-GYWLO,2019-08-01,No,Month-to-month,No,Electronic_check,54.85,355.1,Female,0,Yes,Yes,DSL,No,No,No,No,Yes,No,No,0,2020-02-01,184
1963-SVUCV,2019-12-01,2020-01-01 00:00:00,Month-to-month,No,Electronic_check,45.3,45.3,Male,0,No,No,DSL,No,No,No,No,No,No,No,1,2020-01-01,31
4184-VODJZ,2014-11-01,No,One_year,Yes,Electronic_check,91.35,5764.7,Male,0,Yes,Yes,Fiber_optic,No,Yes,No,No,No,Yes,Yes,0,2020-02-01,1918
0220-EBGCE,2019-09-01,2019-11-01 00:00:00,Month-to-month,Yes,Electronic_check,85.85,167.3,Male,0,No,No,Fiber_optic,No,No,Yes,No,No,Yes,No,1,2019-11-01,61
1092-WPIVQ,2018-08-01,No,Two_year,No,Mailed_check,25.1,428.45,Female,0,Yes,Yes,No,No,No,No,No,No,No,Yes,0,2020-02-01,549
7233-IOQNP,2016-07-01,No,Month-to-month,No,Bank_transfer_(automatic),34.0,1505.35,Female,0,Yes,No,DSL,Yes,No,No,Yes,No,No,No,0,2020-02-01,1310
2834-JKOOW,2018-11-01,No,One_year,No,Mailed_check,45.9,693.45,Female,0,No,No,DSL,Yes,Yes,Yes,Yes,No,No,No,0,2020-02-01,457
2754-VDLTR,2018-12-01,2019-10-01 00:00:00,Month-to-month,No,Electronic_check,95.2,930.4,Male,0,No,Yes,Fiber_optic,No,No,No,No,Yes,Yes,Yes,1,2019-10-01,304
2400-FEQME,2015-07-01,No,Two_year,No,Mailed_check,20.5,1177.95,Male,0,Yes,Yes,No,No,No,No,No,No,No,No,0,2020-02-01,1676
3190-XFANI,2015-10-01,2019-11-01 00:00:00,One_year,Yes,Bank_transfer_(automatic),100.6,5069.65,Male,0,No,Yes,Fiber_optic,No,No,No,Yes,Yes,Yes,Yes,1,2019-11-01,1492
7551-DACSP,2019-05-01,2019-11-01 00:00:00,Month-to-month,Yes,Mailed_check,55.3,324.25,Male,0,Yes,Yes,DSL,No,Yes,Yes,No,No,No,No,1,2019-11-01,184
4957-SREEC,2014-04-01,No,Two_year,No,Credit_card_(automatic),20.35,1458.1,Male,0,Yes,Yes,No,No,No,No,No,No,No,No,0,2020-02-01,2132
7235-NXZCP,2019-09-01,2019-11-01 00:00:00,Month-to-month,Yes,Mailed_check,74.85,156.4,Male,1,No,No,Fiber_optic,No,No,No,No,No,No,Yes,1,2019-11-01,61
0230-UBYPQ,2014-11-01,No,One_year,No,Bank_transfer_(automatic),36.1,2298.9,Male,1,Yes,No,DSL,Yes,No,No,Yes,No,No,No,0,2020-02-01,1918
4923-ADWXJ,2018-01-01,No,Month-to-month,Yes,Bank_transfer_(automatic),65.8,1679.65,Female,0,No,No,DSL,No,Yes,No,Yes,No,Yes,No,0,2020-02-01,761
1763-KUAAW,2018-08-01,No,One_year,No,Bank_transfer_(automatic),20.35,369.6,Female,1,No,No,No,No,No,No,No,No,No,No,0,2020-02-01,549
1104-TNLZA,2017-10-01,No,Month-to-month,Yes,Electronic_check,105.8,2998.0,Male,1,Yes,No,Fiber_optic,No,Yes,No,Yes,Yes,Yes,Yes,0,2020-02-01,853
5195-KPUNQ,2015-09-01,No,One_year,Yes,Mailed_check,96.75,5206.55,Female,1,No,No,Fiber_optic,Yes,Yes,No,Yes,No,Yes,No,0,2020-02-01,1614
0520-FDVVT,2016-12-01,2019-11-01 00:00:00,One_year,Yes,Bank_transfer_(automatic),102.35,3626.1,Male,0,No,No,Fiber_optic,No,Yes,Yes,No,Yes,Yes,No,1,2019-11-01,1065
3439-GVUSX,2020-01-01,No,Month-to-month,No,Mailed_check,24.4,24.4,Male,0,No,No,DSL,No,No,No,No,No,No,No,0,2020-02-01,31
1444-VVSGW,2014-03-01,2020-01-01 00:00:00,One_year,No,Credit_card_(automatic),115.65,7968.85,Male,0,Yes,No,Fiber_optic,Yes,Yes,Yes,Yes,Yes,Yes,Yes,1,2020-01-01,2132
5712-PTIWW,2019-11-01,2020-01-01 00:00:00,Month-to-month,Yes,Electronic_check,79.85,152.45,Male,0,No,No,Fiber_optic,No,No,Yes,Yes,No,No,No,1,2020-01-01,61
5949-HGVJL,2017-12-01,No,Month-to-month,Yes,Electronic_check,73.05,1959.5,Female,0,Yes,No,DSL,No,Yes,No,Yes,Yes,Yes,No,0,2020-02-01,792
5203-XEHAX,2017-04-01,No,One_year,No,Electronic_check,64.35,2053.05,Female,0,No,No,DSL,Yes,Yes,No,No,No,Yes,No,0,2020-02-01,1036
1635-HDGFT,2018-07-01,No,Two_year,No,Mailed_check,20.5,398.55,Female,0,No,Yes,No,No,No,No,No,No,No,No,0,2020-02-01,580
3315-TOTBP,2018-07-01,2019-10-01 00:00:00,Month-to-month,Yes,Mailed_check,76.0,1130.85,Male,0,No,No,Fiber_optic,No,No,No,No,No,No,Yes,1,2019-10-01,457
8050-XGRVL,2014-12-01,No,One_year,No,Credit_card_(automatic),54.75,3425.35,Female,0,Yes,Yes,DSL,Yes,No,Yes,No,No,No,No,0,2020-02-01,1888
6661-HBGWL,2016-04-01,2019-10-01 00:00:00,Month-to-month,Yes,Bank_transfer_(automatic),104.75,4323.45,Female,1,No,No,Fiber_optic,No,Yes,Yes,No,Yes,Yes,Yes,1,2019-10-01,1278
1518-VOWAV,2019-04-01,2020-01-01 00:00:00,Month-to-month,Yes,Electronic_check,74.65,703.55,Female,0,No,No,DSL,Yes,Yes,No,No,Yes,Yes,No,1,2020-01-01,275
9828-QHFBK,2018-02-01,No,Month-to-month,Yes,Electronic_check,51.15,1275.7,Male,0,No,No,DSL,Yes,No,No,No,No,No,No,0,2020-02-01,730
3908-MKIMJ,2014-06-01,No,Two_year,Yes,Electronic_check,41.95,2965.75,Male,1,Yes,No,DSL,Yes,Yes,Yes,No,No,No,No,0,2020-02-01,2071
5012-YSPJJ,2017-07-01,No,Month-to-month,No,Mailed_check,54.35,1647.0,Male,0,Yes,Yes,DSL,No,No,Yes,Yes,No,No,No,0,2020-02-01,945
5909-ECHUI,2019-09-01,2019-10-01 00:00:00,Month-to-month,Yes,Electronic_check,56.25,56.25,Female,0,No,No,DSL,No,No,No,No,No,Yes,No,1,2019-10-01,30
1309-BXVOQ,2018-04-01,2020-01-01 00:00:00,Month-to-month,Yes,Electronic_check,106.1,2249.95,Male,0,Yes,No,Fiber_optic,No,No,Yes,Yes,Yes,Yes,Yes,1,2020-01-01,640
6728-VOIFY,2014-11-01,No,One_year,Yes,Electronic_check,96.0,6109.75,Female,0,Yes,No,Fiber_optic,No,Yes,No,No,Yes,Yes,No,0,2020-02-01,1918
9317-WZPGV,2019-09-01,2019-11-01 00:00:00,Month-to-month,Yes,Bank_transfer_(automatic),79.75,159.4,Female,1,No,No,Fiber_optic,No,No,No,No,No,Yes,No,1,2019-11-01,61
4891-NLUBA,2015-01-01,No,Two_year,Yes,Bank_transfer_(automatic),61.45,3751.15,Female,0,Yes,Yes,DSL,No,Yes,Yes,Yes,Yes,Yes,No,0,2020-02-01,1857
2856-HYAPG,2019-10-01,2019-11-01 00:00:00,Month-to-month,No,Electronic_check,68.65,68.65,Female,0,No,No,Fiber_optic,No,No,No,No,No,No,No,1,2019-11-01,31
8969-PRHFK,2018-08-01,No,One_year,No,Mailed_check,19.65,411.25,Male,0,No,No,No,No,No,No,No,No,No,No,0,2020-02-01,549
0661-KQHNK,2019-08-01,No,One_year,No,Credit_card_(automatic),19.0,105.5,Female,0,Yes,Yes,No,No,No,No,No,No,No,No,0,2020-02-01,184
8709-KRDVL,2017-05-01,No,Month-to-month,Yes,Electronic_check,100.0,3320.6,Female,0,No,No,Fiber_optic,No,Yes,No,No,Yes,Yes,Yes,0,2020-02-01,1006
4488-PSYCG,2018-06-01,2019-10-01 00:00:00,Month-to-month,No,Bank_transfer_(automatic),20.25,327.45,Male,0,No,No,No,No,No,No,No,No,No,No,1,2019-10-01,487
1427-VERSM,2015-06-01,No,Month-to-month,Yes,Electronic_check,98.7,5669.5,Female,0,Yes,No,Fiber_optic,No,No,Yes,Yes,Yes,Yes,No,0,2020-02-01,1706
9801-NOSHQ,2018-03-01,No,One_year,No,Mailed_check,19.8,465.45,Male,0,No,Yes,No,No,No,No,No,No,No,No,0,2020-02-01,702
6339-YPSAH,2019-05-01,No,Month-to-month,Yes,Electronic_check,73.8,704.3,Male,0,No,No,Fiber_optic,No,No,Yes,No,No,No,No,0,2020-02-01,276
3621-CEOVK,2018-08-01,2019-10-01 00:00:00,Month-to-month,Yes,Electronic_check,100.2,1369.8,Female,1,Yes,No,Fiber_optic,No,Yes,No,No,Yes,Yes,Yes,1,2019-10-01,426
6906-ANDWJ,2018-10-01,2020-01-01 00:00:00,Month-to-month,Yes,Bank_transfer_(automatic),74.9,1107.25,Male,0,Yes,Yes,Fiber_optic,No,No,No,No,No,No,Yes,1,2020-01-01,457
2159-TURXX,2019-09-01,No,Month-to-month,No,Credit_card_(automatic),20.05,95.55,Male,0,No,No,No,No,No,No,No,No,No,No,0,2020-02-01,153
1548-FEHVL,2015-01-01,No,Month-to-month,Yes,Electronic_check,106.2,6375.2,Male,0,Yes,No,Fiber_optic,Yes,Yes,No,No,Yes,Yes,Yes,0,2020-02-01,1857
3795-CAWEX,2014-04-01,No,Two_year,Yes,Credit_card_(automatic),116.55,8152.3,Male,0,Yes,Yes,Fiber_optic,Yes,Yes,Yes,Yes,Yes,Yes,Yes,0,2020-02-01,2132
6215-NQCPY,2018-11-01,No,Month-to-month,Yes,Electronic_check,99.7,1566.75,Male,0,No,No,Fiber_optic,Yes,No,No,No,Yes,Yes,Yes,0,2020-02-01,457
5647-URDKA,2019-06-01,No,Two_year,No,Mailed_check,19.7,130.25,Male,0,Yes,Yes,No,No,No,No,No,No,No,No,0,2020-02-01,245
2229-DPMBI,2019-06-01,No,Two_year,No,Mailed_check,19.5,162.15,Female,0,Yes,Yes,No,No,No,No,No,No,No,No,0,2020-02-01,245
9626-WEQRM,2019-10-01,No,Month-to-month,Yes,Mailed_check,29.15,110.05,Female,0,No,No,DSL,Yes,No,No,No,No,No,No,0,2020-02-01,123
2188-SXWVT,2017-04-01,No,One_year,No,Mailed_check,55.0,1885.15,Female,0,No,No,DSL,Yes,Yes,No,No,No,No,No,0,2020-02-01,1036
6258-PVZWJ,2014-06-01,No,Two_year,Yes,Credit_card_(automatic),90.8,6302.85,Male,0,Yes,No,DSL,Yes,Yes,Yes,Yes,Yes,Yes,Yes,0,2020-02-01,2071
1094-BKOSX,2016-05-01,No,One_year,No,Bank_transfer_(automatic),51.0,2264.5,Female,0,Yes,Yes,DSL,No,Yes,Yes,Yes,No,Yes,No,0,2020-02-01,1371
6969-MVBAI,2019-05-01,No,Month-to-month,Yes,Electronic_check,90.1,816.8,Female,1,No,No,Fiber_optic,No,No,Yes,No,Yes,No,Yes,0,2020-02-01,276
2978-XXSOG,2018-04-01,No,Month-to-month,Yes,Mailed_check,59.05,1253.5,Female,0,No,No,DSL,Yes,No,No,Yes,No,No,Yes,0,2020-02-01,671
2342-CKIAO,2019-12-01,No,Month-to-month,No,Mailed_check,20.3,41.2,Female,0,No,No,No,No,No,No,No,No,No,No,0,2020-02-01,62
6953-PBDIN,2014-04-01,No,Two_year,No,Bank_transfer_(automatic),72.95,5265.55,Male,0,Yes,No,DSL,No,Yes,Yes,Yes,Yes,No,Yes,0,2020-02-01,2132
3898-BSJYF,2019-04-01,No,One_year,No,Credit_card_(automatic),73.55,693.3,Female,0,No,Yes,DSL,Yes,No,Yes,Yes,No,Yes,Yes,0,2020-02-01,306
3938-YFPXD,2014-02-01,No,Two_year,No,Credit_card_(automatic),84.3,5997.1,Male,0,No,No,DSL,Yes,No,Yes,Yes,Yes,Yes,Yes,0,2020-02-01,2191
7696-AMHOD,2016-01-01,No,One_year,No,Credit_card_(automatic),78.0,3824.2,Female,0,Yes,Yes,DSL,No,Yes,Yes,No,Yes,Yes,No,0,2020-02-01,1492
2453-SAFNS,2015-08-01,No,One_year,No,Mailed_check,72.1,3886.05,Female,1,No,No,DSL,No,Yes,No,Yes,Yes,No,Yes,0,2020-02-01,1645
9558-IHEZX,2014-03-01,No,Two_year,Yes,Credit_card_(automatic),106.75,7283.25,Female,0,No,No,Fiber_optic,Yes,Yes,Yes,No,Yes,Yes,Yes,0,2020-02-01,2163
9617-UDPEU,2018-04-01,No,One_year,Yes,Mailed_check,19.25,412.55,Female,0,No,No,No,No,No,No,No,No,No,No,0,2020-02-01,671
6340-DACFT,2015-12-01,No,Two_year,No,Credit_card_(automatic),20.55,1070.25,Female,0,Yes,Yes,No,No,No,No,No,No,No,No,0,2020-02-01,1523
4955-VCWBI,2016-07-01,No,One_year,No,Mailed_check,20.0,817.95,Female,0,Yes,Yes,No,No,No,No,No,No,No,No,0,2020-02-01,1310
6813-GZQCG,2016-05-01,No,Two_year,Yes,Credit_card_(automatic),24.65,1171.3,Female,0,Yes,Yes,No,No,No,No,No,No,No,Yes,0,2020-02-01,1371
7426-GSWPO,2014-10-01,No,Month-to-month,Yes,Bank_transfer_(automatic),103.5,6548.65,Male,1,No,No,Fiber_optic,Yes,Yes,No,No,Yes,Yes,Yes,0,2020-02-01,1949
3389-KTRXV,2018-03-01,No,Two_year,No,Mailed_check,23.85,625.65,Female,0,Yes,Yes,No,No,No,No,No,No,No,Yes,0,2020-02-01,702
3118-UHVVQ,2014-06-01,No,Two_year,No,Credit_card_(automatic),25.8,1911.5,Female,0,Yes,No,No,No,No,No,No,No,No,Yes,0,2020-02-01,2071
1031-IIDEO,2019-10-01,2019-11-01 00:00:00,Month-to-month,Yes,Electronic_check,70.85,70.85,Female,0,No,No,Fiber_optic,No,No,No,No,No,No,No,1,2019-11-01,31
5832-XKAES,2019-09-01,2019-11-01 00:00:00,Month-to-month,Yes,Credit_card_(automatic),69.8,134.7,Male,0,No,No,Fiber_optic,No,No,No,No,No,No,No,1,2019-11-01,61
3205-MXZRA,2017-12-01,No,One_year,No,Credit_card_(automatic),59.45,1507.0,Male,0,No,No,DSL,No,No,No,Yes,Yes,No,No,0,2020-02-01,792
4701-AHWMW,2015-05-01,2019-12-01 00:00:00,Month-to-month,Yes,Bank_transfer_(automatic),54.55,2978.3,Male,0,Yes,No,DSL,No,No,Yes,Yes,Yes,Yes,No,1,2019-12-01,1675
8317-BVKSO,2018-12-01,No,Month-to-month,Yes,Electronic_check,20.05,299.3,Male,0,No,No,No,No,No,No,No,No,No,No,0,2020-02-01,427
5702-KVQRD,2014-03-01,No,Two_year,Yes,Electronic_check,82.55,5832.65,Male,0,Yes,No,DSL,Yes,No,Yes,Yes,Yes,Yes,No,0,2020-02-01,2163
0083-PIVIK,2014-10-01,No,One_year,No,Electronic_check,81.25,5567.55,Male,0,No,No,DSL,Yes,Yes,Yes,Yes,Yes,No,Yes,0,2020-02-01,1949
9210-IAHGH,2019-03-01,2019-10-01 00:00:00,Month-to-month,Yes,Credit_card_(automatic),70.75,450.8,Female,0,No,No,DSL,No,No,No,Yes,Yes,Yes,No,1,2019-10-01,214
6169-PGNCD,2015-05-01,No,Two_year,Yes,Credit_card_(automatic),74.3,4166.35,Female,0,No,No,DSL,Yes,Yes,Yes,Yes,Yes,No,No,0,2020-02-01,1737
0023-XUOPT,2018-10-01,2019-11-01 00:00:00,Month-to-month,No,Electronic_check,94.1,1215.6,Female,0,Yes,No,Fiber_optic,No,Yes,Yes,No,Yes,No,Yes,1,2019-11-01,396
4592-IWTJI,2019-10-01,2020-01-01 00:00:00,Month-to-month,No,Credit_card_(automatic),29.7,91.7,Female,0,Yes,Yes,DSL,Yes,No,No,No,No,No,No,1,2020-01-01,92
4909-JOUPP,2014-02-01,No,Two_year,No,Credit_card_(automatic),109.7,7898.45,Male,1,Yes,No,Fiber_optic,No,Yes,Yes,Yes,Yes,Yes,Yes,0,2020-02-01,2191
4657-FWVFY,2016-10-01,No,Month-to-month,Yes,Credit_card_(automatic),96.35,3915.4,Female,0,Yes,Yes,Fiber_optic,No,Yes,Yes,No,Yes,No,Yes,0,2020-02-01,1218
2257-BOVXD,2018-12-01,No,Month-to-month,Yes,Credit_card_(automatic),66.6,979.5,Male,0,Yes,No,DSL,No,No,No,Yes,Yes,No,Yes,0,2020-02-01,427
7729-JTEEC,2019-12-01,No,Month-to-month,Yes,Electronic_check,44.5,90.05,Male,0,Yes,Yes,DSL,No,No,No,No,No,No,No,0,2020-02-01,62
7632-MNYOY,2014-06-01,2019-12-01 00:00:00,One_year,No,Credit_card_(automatic),110.9,7432.05,Male,1,No,No,Fiber_optic,No,Yes,Yes,Yes,Yes,Yes,Yes,1,2019-12-01,2009
6518-LGAOV,2016-09-01,2019-11-01 00:00:00,Month-to-month,Yes,Electronic_check,105.0,4026.4,Female,0,Yes,No,Fiber_optic,No,No,Yes,Yes,Yes,Yes,Yes,1,2019-11-01,1156
7242-QZLXF,2019-12-01,2020-01-01 00:00:00,Month-to-month,Yes,Electronic_check,25.3,25.3,Male,0,No,Yes,DSL,No,No,No,No,No,No,No,1,2020-01-01,31
4576-CSAJH,2018-02-01,2019-12-01 00:00:00,One_year,Yes,Credit_card_(automatic),55.15,1193.05,Male,0,No,No,DSL,No,Yes,No,Yes,No,No,No,1,2019-12-01,668
1000-AJSLD,2019-10-01,2019-11-01 00:00:00,Month-to-month,Yes,Mailed_check,20.1,20.1,Male,0,No,No,No,No,No,No,No,No,No,No,1,2019-11-01,31
9696-RMYBA,2019-09-01,No,Month-to-month,Yes,Mailed_check,80.1,398.55,Male,0,No,No,Fiber_optic,No,No,No,No,Yes,No,No,0,2020-02-01,153
8690-UPCZI,2017-09-01,No,One_year,No,Bank_transfer_(automatic),69.05,1958.45,Male,0,Yes,Yes,DSL,Yes,No,No,Yes,Yes,No,Yes,0,2020-02-01,883
1062-LHZOD,2019-09-01,2019-10-01 00:00:00,Month-to-month,Yes,Mailed_check,69.9,69.9,Male,0,Yes,Yes,Fiber_optic,No,No,No,No,No,No,No,1,2019-10-01,30
9770-LXDBK,2019-11-01,No,Month-to-month,No,Mailed_check,20.4,63.15,Female,0,No,No,No,No,No,No,No,No,No,No,0,2020-02-01,92
4086-WITJG,2014-03-01,No,Two_year,No,Credit_card_(automatic),19.7,1301.1,Male,0,Yes,Yes,No,No,No,No,No,No,No,No,0,2020-02-01,2163
8344-WFMFH,2019-05-01,No,Month-to-month,Yes,Electronic_check,50.1,484.05,Male,0,No,Yes,DSL,No,Yes,No,No,No,No,No,0,2020-02-01,276
9600-NAXZN,2016-06-01,2020-01-01 00:00:00,Month-to-month,Yes,Electronic_check,101.4,4528.0,Male,0,No,No,Fiber_optic,No,Yes,No,No,Yes,Yes,Yes,1,2020-01-01,1309
8822-KNBHV,2016-02-01,No,One_year,Yes,Credit_card_(automatic),83.45,3887.85,Female,0,No,No,DSL,Yes,Yes,Yes,No,Yes,Yes,Yes,0,2020-02-01,1461
8404-FYDIB,2017-12-01,No,Month-to-month,Yes,Credit_card_(automatic),86.65,2208.75,Male,0,No,No,Fiber_optic,Yes,Yes,No,No,No,No,Yes,0,2020-02-01,792
2791-SFVEW,2019-05-01,No,Month-to-month,No,Bank_transfer_(automatic),20.15,238.15,Female,0,No,No,No,No,No,No,No,No,No,No,0,2020-02-01,276
6457-USBER,2019-10-01,2019-11-01 00:00:00,Month-to-month,Yes,Electronic_check,80.8,80.8,Male,0,No,No,Fiber_optic,No,No,No,No,No,Yes,No,1,2019-11-01,31
6762-NSODU,2016-04-01,No,Two_year,No,Credit_card_(automatic),19.4,958.15,Female,0,Yes,Yes,No,No,No,No,No,No,No,No,0,2020-02-01,1401
4662-EKDPQ,2019-08-01,2019-10-01 00:00:00,Month-to-month,No,Bank_transfer_(automatic),62.05,118.3,Male,0,No,No,DSL,No,No,No,No,No,Yes,Yes,1,2019-10-01,61
9248-OJYKK,2019-09-01,2019-10-01 00:00:00,Month-to-month,Yes,Electronic_check,76.45,76.45,Male,1,No,No,Fiber_optic,No,No,No,No,No,No,Yes,1,2019-10-01,30
9888-ZCUMM,2014-10-01,No,Two_year,Yes,Bank_transfer_(automatic),60.05,3845.45,Male,0,Yes,Yes,DSL,Yes,No,Yes,Yes,Yes,Yes,No,0,2020-02-01,1949
3398-FSHON,2018-10-01,2019-10-01 00:00:00,Month-to-month,Yes,Electronic_check,91.3,1094.5,Female,1,No,No,Fiber_optic,No,Yes,No,No,Yes,No,Yes,1,2019-10-01,365
3319-DWOEP,2019-07-01,2020-01-01 00:00:00,Month-to-month,Yes,Electronic_check,95.75,573.75,Male,1,Yes,No,Fiber_optic,No,No,Yes,No,Yes,Yes,No,1,2020-01-01,184
1074-WVEVG,2015-03-01,No,One_year,No,Mailed_check,20.35,1267.0,Female,0,Yes,No,No,No,No,No,No,No,No,No,0,2020-02-01,1798
9979-RGMZT,2019-07-01,No,One_year,Yes,Mailed_check,94.05,633.45,Female,0,No,No,Fiber_optic,No,Yes,No,No,Yes,Yes,No,0,2020-02-01,215
6437-UDQJM,2014-02-01,No,Two_year,Yes,Credit_card_(automatic),84.1,6129.65,Female,1,Yes,No,DSL,Yes,Yes,Yes,No,Yes,Yes,Yes,0,2020-02-01,2191
1226-IENZN,2018-10-01,No,Month-to-month,Yes,Electronic_check,78.75,1218.25,Male,1,No,No,Fiber_optic,No,No,No,No,No,Yes,No,0,2020-02-01,488
2108-GLPQB,2018-01-01,No,Month-to-month,No,Credit_card_(automatic),55.55,1405.3,Male,0,Yes,No,DSL,No,No,Yes,No,No,No,Yes,0,2020-02-01,761
9259-PACGQ,2017-03-01,2020-01-01 00:00:00,Month-to-month,No,Electronic_check,62.65,2274.9,Female,0,Yes,No,DSL,Yes,Yes,No,Yes,No,No,Yes,1,2020-01-01,1036
4415-IJZTP,2019-09-01,2019-10-01 00:00:00,Month-to-month,Yes,Electronic_check,74.5,74.5,Female,0,No,No,Fiber_optic,No,No,No,No,No,No,Yes,1,2019-10-01,30
1465-VINDH,2019-02-01,2019-12-01 00:00:00,Month-to-month,Yes,Credit_card_(automatic),102.1,1068.85,Female,0,Yes,Yes,Fiber_optic,No,Yes,Yes,No,Yes,Yes,Yes,1,2019-12-01,303
5474-LAMUQ,2018-02-01,No,One_year,No,Mailed_check,20.1,533.9,Male,0,Yes,No,No,No,No,No,No,No,No,No,0,2020-02-01,730
3468-DRVQJ,2019-04-01,No,One_year,No,Electronic_check,70.3,676.15,Female,0,Yes,Yes,DSL,Yes,Yes,No,No,Yes,No,Yes,0,2020-02-01,306
1122-YJBCS,2014-05-01,No,One_year,Yes,Credit_card_(automatic),53.65,3804.4,Male,0,Yes,No,DSL,Yes,Yes,No,No,No,No,No,0,2020-02-01,2102
4990-ALDGW,2015-05-01,No,Two_year,No,Mailed_check,20.75,1118.8,Male,0,No,No,No,No,No,No,No,No,No,No,0,2020-02-01,1737
4816-OKWNX,2015-12-01,No,One_year,Yes,Bank_transfer_(automatic),103.4,5236.4,Male,0,Yes,Yes,Fiber_optic,No,Yes,Yes,Yes,Yes,Yes,No,0,2020-02-01,1523
3315-IKYZQ,2017-10-01,No,One_year,No,Mailed_check,50.8,1386.8,Male,0,Yes,Yes,DSL,Yes,No,Yes,Yes,Yes,No,No,0,2020-02-01,853
2810-FTLEM,2018-09-01,2020-01-01 00:00:00,Month-to-month,Yes,Electronic_check,50.15,762.25,Female,0,No,No,DSL,Yes,No,No,No,No,No,No,1,2020-01-01,487
4747-LCAQL,2018-01-01,No,Month-to-month,Yes,Mailed_check,79.0,1902.0,Male,0,No,No,DSL,Yes,Yes,No,Yes,Yes,Yes,No,0,2020-02-01,761
3411-WLRSQ,2019-11-01,No,Month-to-month,Yes,Bank_transfer_(automatic),74.6,239.05,Female,1,Yes,No,Fiber_optic,No,Yes,No,No,No,No,No,0,2020-02-01,92
0898-XCGTF,2015-01-01,No,One_year,Yes,Bank_transfer_(automatic),96.5,5673.7,Male,0,Yes,No,Fiber_optic,No,No,No,No,Yes,Yes,Yes,0,2020-02-01,1857
8006-PYCSW,2019-12-01,No,Month-to-month,No,Mailed_check,20.1,39.8,Female,0,No,No,No,No,No,No,No,No,No,No,0,2020-02-01,62
8249-THVEC,2015-11-01,No,One_year,No,Mailed_check,19.4,997.75,Male,0,Yes,Yes,No,No,No,No,No,No,No,No,0,2020-02-01,1553
8722-PRFDV,2014-03-01,No,Two_year,No,Credit_card_(automatic),77.55,5574.35,Female,0,Yes,Yes,DSL,Yes,No,Yes,No,Yes,Yes,No,0,2020-02-01,2163
2164-SOQXL,2018-06-01,No,Month-to-month,No,Mailed_check,20.05,406.05,Female,0,Yes,Yes,No,No,No,No,No,No,No,No,0,2020-02-01,610
4020-KIUDI,2019-08-01,No,Month-to-month,No,Credit_card_(automatic),19.85,138.85,Male,0,Yes,Yes,No,No,No,No,No,No,No,No,0,2020-02-01,184
5850-BDWCY,2019-08-01,No,Month-to-month,No,Mailed_check,20.2,123.65,Female,0,No,No,No,No,No,No,No,No,No,No,0,2020-02-01,184
2038-YSEZE,2017-09-01,No,Month-to-month,No,Mailed_check,67.45,1801.1,Female,0,No,No,DSL,Yes,Yes,No,Yes,No,No,Yes,0,2020-02-01,883
0827-ITJPH,2017-02-01,No,Two_year,Yes,Credit_card_(automatic),18.55,689.0,Male,0,No,No,No,No,No,No,No,No,No,No,0,2020-02-01,1095
8799-OXZMD,2017-10-01,No,Month-to-month,Yes,Mailed_check,29.75,790.7,Female,0,No,No,DSL,No,No,Yes,No,No,No,No,0,2020-02-01,853
1925-TIBLE,2019-03-01,2019-10-01 00:00:00,Month-to-month,Yes,Electronic_check,86.5,582.5,Female,0,Yes,No,Fiber_optic,No,No,No,No,Yes,No,Yes,1,2019-10-01,214
1705-GUHPV,2014-11-01,No,Two_year,No,Mailed_check,24.2,1618.2,Female,0,No,No,No,No,No,No,No,No,No,Yes,0,2020-02-01,1918
4779-ZGICK,2016-02-01,No,Two_year,No,Mailed_check,23.55,1173.35,Male,0,Yes,Yes,No,No,No,No,No,No,No,Yes,0,2020-02-01,1461
0048-PIHNL,2016-01-01,No,One_year,No,Bank_transfer_(automatic),20.45,900.9,Female,0,Yes,No,No,No,No,No,No,No,No,No,0,2020-02-01,1492
0818-OCPZO,2017-07-01,2019-10-01 00:00:00,Month-to-month,Yes,Electronic_check,81.45,2122.05,Male,1,No,No,Fiber_optic,No,Yes,No,No,No,No,Yes,1,2019-10-01,822
3967-KXAPS,2014-02-01,No,Two_year,No,Credit_card_(automatic),92.3,6719.9,Male,0,Yes,No,DSL,Yes,Yes,Yes,Yes,Yes,Yes,Yes,0,2020-02-01,2191
1447-GIQMR,2019-10-01,2019-11-01 00:00:00,Month-to-month,Yes,Electronic_check,69.15,69.15,Male,0,Yes,No,Fiber_optic,No,No,No,No,No,No,No,1,2019-11-01,31
3704-IEAXF,2014-02-01,No,Two_year,No,Credit_card_(automatic),53.65,3784.0,Female,0,Yes,Yes,DSL,No,Yes,No,Yes,Yes,Yes,No,0,2020-02-01,2191
6810-VCAEX,2016-03-01,No,One_year,No,Credit_card_(automatic),39.65,1798.65,Female,0,No,No,DSL,Yes,Yes,No,Yes,No,No,No,0,2020-02-01,1432
0674-EYYZV,2020-01-01,No,Month-to-month,Yes,Electronic_check,54.65,54.65,Female,0,No,No,DSL,No,No,No,No,Yes,No,No,0,2020-02-01,31
4480-MBMLB,2017-02-01,No,One_year,Yes,Bank_transfer_(automatic),104.8,3886.45,Female,0,No,No,Fiber_optic,No,Yes,Yes,No,Yes,Yes,Yes,0,2020-02-01,1095
1395-OFUWC,2016-07-01,No,Month-to-month,No,Credit_card_(automatic),29.3,1224.05,Male,0,Yes,Yes,DSL,No,Yes,No,No,No,No,No,0,2020-02-01,1310
0822-QGCXA,2017-11-01,No,Month-to-month,No,Electronic_check,83.85,2310.2,Female,1,Yes,No,DSL,No,Yes,Yes,Yes,Yes,Yes,Yes,0,2020-02-01,822
0872-NXJYS,2019-03-01,2019-12-01 00:00:00,Month-to-month,Yes,Electronic_check,79.55,723.4,Female,0,No,No,Fiber_optic,No,No,No,No,No,Yes,No,1,2019-12-01,275
2832-KJCRD,2016-12-01,No,Month-to-month,Yes,Electronic_check,103.65,3988.5,Female,0,No,No,Fiber_optic,No,No,Yes,Yes,Yes,Yes,Yes,0,2020-02-01,1157
3588-WSTTJ,2017-03-01,No,Month-to-month,Yes,Electronic_check,99.05,3554.6,Female,1,No,No,Fiber_optic,Yes,No,No,No,Yes,Yes,Yes,0,2020-02-01,1067
4075-WKNIU,2020-02-01,No,Two_year,No,Mailed_check,73.35,0.0,Female,0,Yes,Yes,DSL,No,Yes,Yes,Yes,Yes,No,Yes,0,2020-02-01,0
5090-EMGTC,2015-03-01,No,Two_year,Yes,Mailed_check,100.05,6034.85,Female,0,Yes,No,Fiber_optic,No,Yes,No,Yes,Yes,Yes,No,0,2020-02-01,1798
2346-CZYIL,2017-11-01,No,Two_year,No,Credit_card_(automatic),20.35,531.6,Male,0,No,No,No,No,No,No,No,No,No,No,0,2020-02-01,822
3798-EPWRR,2019-12-01,No,Month-to-month,No,Electronic_check,43.95,85.1,Female,1,No,No,DSL,No,No,No,No,No,No,No,0,2020-02-01,62
6258-NGCNG,2019-07-01,No,Month-to-month,No,Mailed_check,23.5,173.0,Male,0,No,No,No,No,No,No,No,No,No,Yes,0,2020-02-01,215
4186-ZBUEW,2017-02-01,No,One_year,Yes,Mailed_check,70.7,2511.95,Female,0,No,No,DSL,No,Yes,No,Yes,No,Yes,Yes,0,2020-02-01,1095
5274-XHAKY,2016-09-01,No,Month-to-month,Yes,Bank_transfer_(automatic),94.3,3893.6,Female,0,Yes,Yes,Fiber_optic,Yes,Yes,No,No,Yes,No,Yes,0,2020-02-01,1248
1442-BQPVU,2019-01-01,No,Month-to-month,No,Electronic_check,29.15,357.15,Female,0,No,No,DSL,No,Yes,No,No,No,No,No,0,2020-02-01,396
3978-YNKDD,2018-07-01,No,Two_year,No,Credit_card_(automatic),20.85,467.5,Male,0,No,Yes,No,No,No,No,No,No,No,No,0,2020-02-01,580
4940-KHCWD,2015-02-01,No,Two_year,No,Bank_transfer_(automatic),37.7,2288.7,Female,0,Yes,No,DSL,Yes,Yes,No,Yes,No,No,No,0,2020-02-01,1826
9412-ARGBX,2015-12-01,2019-12-01 00:00:00,Two_year,Yes,Mailed_check,95.5,4627.85,Female,0,No,Yes,Fiber_optic,No,Yes,Yes,Yes,Yes,No,No,1,2019-12-01,1461
1389-CXMLU,2019-08-01,2019-11-01 00:00:00,Month-to-month,No,Electronic_check,91.05,289.1,Male,1,No,No,Fiber_optic,No,No,Yes,No,Yes,No,Yes,1,2019-11-01,92
9589-ABEPT,2014-05-01,No,Two_year,Yes,Mailed_check,92.45,6460.55,Male,0,Yes,No,Fiber_optic,No,Yes,No,Yes,Yes,No,Yes,0,2020-02-01,2102
9388-ZEYVT,2016-07-01,No,One_year,No,Electronic_check,44.15,1931.3,Male,0,No,No,DSL,No,No,Yes,Yes,No,Yes,No,0,2020-02-01,1310
0305-SQECB,2019-03-01,No,One_year,Yes,Mailed_check,36.05,402.6,Female,0,No,Yes,DSL,Yes,No,No,Yes,No,No,No,0,2020-02-01,337
7605-SNLQG,2016-05-01,No,Month-to-month,Yes,Credit_card_(automatic),50.25,2221.55,Female,0,Yes,No,DSL,No,No,Yes,No,No,No,No,0,2020-02-01,1371
4670-TABXH,2014-02-01,No,Two_year,Yes,Credit_card_(automatic),109.75,7758.9,Male,0,Yes,No,Fiber_optic,No,Yes,Yes,Yes,Yes,Yes,Yes,0,2020-02-01,2191
5561-NWEVX,2019-09-01,2019-11-01 00:00:00,Month-to-month,No,Electronic_check,79.2,172.85,Female,1,Yes,No,Fiber_optic,No,No,Yes,No,No,No,Yes,1,2019-11-01,61
0064-SUDOG,2019-02-01,No,Two_year,No,Bank_transfer_(automatic),20.3,224.5,Female,0,Yes,Yes,No,No,No,No,No,No,No,No,0,2020-02-01,365
8561-NMTBD,2014-07-01,No,One_year,Yes,Credit_card_(automatic),112.35,7388.45,Female,0,Yes,Yes,Fiber_optic,No,Yes,Yes,Yes,Yes,Yes,Yes,0,2020-02-01,2041
5161-XEUVX,2017-01-01,No,Two_year,No,Mailed_check,94.3,3460.95,Male,0,Yes,No,Fiber_optic,No,No,Yes,Yes,Yes,No,Yes,0,2020-02-01,1126
8292-FRFZQ,2016-11-01,No,One_year,No,Bank_transfer_(automatic),41.15,1700.9,Female,0,No,No,DSL,Yes,Yes,No,Yes,No,No,No,0,2020-02-01,1187
8591-NXRCV,2016-09-01,No,Month-to-month,Yes,Bank_transfer_(automatic),74.65,3090.65,Female,0,No,No,DSL,Yes,No,Yes,Yes,No,Yes,Yes,0,2020-02-01,1248
7895-VONWT,2018-01-01,No,Month-to-month,Yes,Electronic_check,48.25,1293.8,Female,0,No,No,DSL,No,No,Yes,No,Yes,Yes,No,0,2020-02-01,761
4526-RMTLL,2019-06-01,No,Two_year,Yes,Credit_card_(automatic),76.15,645.8,Male,0,Yes,Yes,DSL,Yes,Yes,No,Yes,No,Yes,Yes,0,2020-02-01,245
6253-GNHWH,2014-03-01,No,Two_year,No,Mailed_check,71.1,5224.95,Female,0,Yes,Yes,DSL,Yes,Yes,Yes,Yes,No,No,Yes,0,2020-02-01,2163
4566-NECEV,2019-09-01,No,Month-to-month,No,Electronic_check,96.55,500.1,Male,0,No,No,Fiber_optic,No,Yes,Yes,No,No,Yes,Yes,0,2020-02-01,153
8080-POTJR,2017-08-01,No,One_year,Yes,Credit_card_(automatic),79.3,2427.1,Female,0,No,No,DSL,Yes,No,Yes,No,Yes,Yes,Yes,0,2020-02-01,914
6906-MPARY,2016-10-01,No,One_year,Yes,Credit_card_(automatic),89.6,3488.15,Male,0,No,No,Fiber_optic,No,Yes,No,Yes,No,Yes,No,0,2020-02-01,1218
3662-FXJFO,2015-08-01,No,Two_year,Yes,Mailed_check,20.5,1035.7,Female,0,No,No,No,No,No,No,No,No,No,No,0,2020-02-01,1645
8107-RZLNV,2014-02-01,No,Two_year,Yes,Bank_transfer_(automatic),106.3,7565.35,Male,0,Yes,No,Fiber_optic,No,Yes,Yes,No,Yes,Yes,Yes,0,2020-02-01,2191
0516-OOHAR,2017-10-01,No,One_year,No,Bank_transfer_(automatic),100.35,2799.0,Male,0,Yes,Yes,Fiber_optic,No,Yes,Yes,No,Yes,Yes,No,0,2020-02-01,853
2027-CWDNU,2018-08-01,No,Month-to-month,Yes,Electronic_check,85.6,1601.5,Male,0,Yes,Yes,Fiber_optic,No,No,No,Yes,No,Yes,No,0,2020-02-01,549
2737-WFVYW,2019-08-01,2019-10-01 00:00:00,Month-to-month,Yes,Electronic_check,45.25,85.5,Female,0,No,No,DSL,No,No,No,No,Yes,Yes,No,1,2019-10-01,61
9912-OMZDS,2015-03-01,No,One_year,Yes,Electronic_check,106.15,6256.2,Female,0,Yes,Yes,Fiber_optic,No,Yes,Yes,No,Yes,Yes,Yes,0,2020-02-01,1798
3733-ZEECP,2018-04-01,No,Month-to-month,Yes,Electronic_check,51.1,1232.9,Male,0,Yes,Yes,DSL,No,No,No,Yes,No,No,No,0,2020-02-01,671
7878-RTCZG,2020-01-01,No,Month-to-month,No,Mailed_check,19.9,19.9,Female,0,No,No,No,No,No,No,No,No,No,No,0,2020-02-01,31
2452-MRMZF,2014-02-01,No,Two_year,Yes,Credit_card_(automatic),25.7,1937.4,Female,1,Yes,No,No,No,No,No,No,No,No,Yes,0,2020-02-01,2191
2272-QAGFO,2018-08-01,2019-10-01 00:00:00,Month-to-month,Yes,Electronic_check,74.3,1096.25,Female,1,No,No,Fiber_optic,No,No,No,No,No,No,Yes,1,2019-10-01,426
7103-IPXPJ,2015-12-01,No,One_year,No,Electronic_check,99.4,5059.75,Male,0,Yes,No,Fiber_optic,No,No,No,Yes,Yes,Yes,Yes,0,2020-02-01,1523
4342-HFXWS,2016-02-01,No,One_year,No,Bank_transfer_(automatic),69.7,3023.65,Female,0,Yes,Yes,DSL,Yes,No,Yes,Yes,Yes,No,No,0,2020-02-01,1461
3545-CNWRG,2016-01-01,No,Month-to-month,Yes,Electronic_check,98.35,4889.2,Female,0,Yes,Yes,Fiber_optic,No,Yes,No,No,Yes,Yes,Yes,0,2020-02-01,1492
1785-BPHTP,2017-10-01,No,Month-to-month,No,Electronic_check,85.45,2289.9,Male,0,Yes,Yes,Fiber_optic,No,No,Yes,No,Yes,No,No,0,2020-02-01,853
4989-LIXVT,2014-06-01,No,Month-to-month,Yes,Electronic_check,95.9,6503.2,Male,1,No,No,Fiber_optic,No,Yes,Yes,No,No,Yes,Yes,0,2020-02-01,2071
7315-WYOAW,2019-01-01,No,Month-to-month,No,Electronic_check,100.75,1313.25,Male,0,No,No,Fiber_optic,No,No,No,Yes,Yes,Yes,Yes,0,2020-02-01,396
1173-XZPYF,2019-03-01,No,Month-to-month,Yes,Electronic_check,89.2,990.3,Female,0,No,No,Fiber_optic,No,No,Yes,No,Yes,No,Yes,0,2020-02-01,337
9850-OWRHQ,2019-09-01,2019-12-01 00:00:00,Month-to-month,Yes,Credit_card_(automatic),74.1,228.0,Female,0,Yes,No,Fiber_optic,No,No,No,No,No,No,Yes,1,2019-12-01,91
3768-NLUBH,2015-03-01,2019-12-01 00:00:00,Month-to-month,No,Electronic_check,100.6,5746.15,Male,1,Yes,No,Fiber_optic,No,No,Yes,No,Yes,Yes,Yes,1,2019-12-01,1736
8676-TRMJS,2019-10-01,2020-01-01 00:00:00,Month-to-month,No,Mailed_check,75.0,209.1,Male,0,No,No,Fiber_optic,No,No,No,No,No,No,Yes,1,2020-01-01,92
2509-TFPJU,2014-02-01,No,Two_year,No,Credit_card_(automatic),25.75,1864.2,Male,0,Yes,No,No,No,No,No,No,No,No,Yes,0,2020-02-01,2191
9530-GRMJG,2014-04-01,No,Two_year,Yes,Electronic_check,84.1,5979.7,Male,0,Yes,Yes,DSL,No,Yes,Yes,Yes,Yes,Yes,Yes,0,2020-02-01,2132
6898-RBTLU,2016-01-01,No,Two_year,No,Bank_transfer_(automatic),79.3,3902.45,Female,0,Yes,Yes,DSL,No,Yes,No,Yes,Yes,Yes,Yes,0,2020-02-01,1492
5481-NTDOH,2014-07-01,No,One_year,Yes,Credit_card_(automatic),107.05,7142.5,Female,1,Yes,No,Fiber_optic,Yes,No,Yes,No,Yes,Yes,Yes,0,2020-02-01,2041
2068-WWXQZ,2016-04-01,No,Two_year,No,Bank_transfer_(automatic),20.05,902.0,Male,0,No,No,No,No,No,No,No,No,No,No,0,2020-02-01,1401
7359-SSBJK,2014-06-01,2019-10-01 00:00:00,Two_year,Yes,Credit_card_(automatic),70.2,4481.0,Female,1,No,No,DSL,Yes,Yes,No,Yes,Yes,No,No,1,2019-10-01,1948
2061-VVFST,2017-01-01,No,Month-to-month,No,Bank_transfer_(automatic),19.5,805.2,Female,0,Yes,No,No,No,No,No,No,No,No,No,0,2020-02-01,1126
0685-MLYYM,2019-11-01,2020-01-01 00:00:00,Month-to-month,No,Electronic_check,70.75,154.85,Female,1,No,No,Fiber_optic,No,No,No,No,No,No,No,1,2020-01-01,61
0749-IRGQE,2019-01-01,No,Month-to-month,No,Electronic_check,45.3,528.45,Female,1,Yes,No,DSL,No,No,No,No,Yes,Yes,No,0,2020-02-01,396
2380-DAMQP,2014-02-01,No,Two_year,No,Electronic_check,115.15,8349.7,Female,0,Yes,No,Fiber_optic,Yes,Yes,Yes,Yes,Yes,Yes,Yes,0,2020-02-01,2191
2256-YLYLP,2014-06-01,No,Two_year,Yes,Bank_transfer_(automatic),72.95,4953.25,Male,0,Yes,Yes,DSL,No,No,Yes,Yes,Yes,Yes,No,0,2020-02-01,2071
1272-ILHFG,2018-11-01,No,One_year,No,Mailed_check,19.65,332.65,Male,0,Yes,Yes,No,No,No,No,No,No,No,No,0,2020-02-01,457
0164-XAIRP,2018-02-01,No,Two_year,Yes,Bank_transfer_(automatic),19.55,470.2,Female,0,No,No,No,No,No,No,No,No,No,No,0,2020-02-01,730
5666-CYCYZ,2018-02-01,No,Month-to-month,Yes,Electronic_check,89.55,2259.35,Female,0,No,No,Fiber_optic,No,No,No,Yes,No,Yes,Yes,0,2020-02-01,730
4011-ARPHK,2017-11-01,No,Month-to-month,No,Mailed_check,50.35,1411.35,Male,0,No,No,DSL,Yes,No,No,No,No,No,No,0,2020-02-01,822
8182-PNAGI,2019-01-01,2020-01-01 00:00:00,Month-to-month,No,Bank_transfer_(automatic),50.25,593.75,Male,0,No,No,DSL,No,No,No,Yes,No,No,No,1,2020-01-01,365
6365-HITVU,2014-03-01,No,Two_year,No,Credit_card_(automatic),87.25,6328.7,Female,0,Yes,Yes,DSL,Yes,Yes,Yes,Yes,Yes,Yes,No,0,2020-02-01,2163
7558-IMLMT,2014-07-01,No,Two_year,Yes,Mailed_check,20.8,1411.9,Male,0,Yes,Yes,No,No,No,No,No,No,No,No,0,2020-02-01,2041
9488-FYQAU,2014-11-01,No,Two_year,Yes,Bank_transfer_(automatic),109.25,6841.4,Female,0,Yes,No,Fiber_optic,No,Yes,Yes,Yes,Yes,Yes,Yes,0,2020-02-01,1918
3590-TCXTB,2020-01-01,No,Month-to-month,No,Mailed_check,20.35,20.35,Male,0,No,No,No,No,No,No,No,No,No,No,0,2020-02-01,31
6994-KERXL,2019-10-01,No,Month-to-month,Yes,Electronic_check,55.9,238.5,Male,0,No,No,DSL,No,No,No,No,No,Yes,No,0,2020-02-01,123
7957-RYHQD,2016-09-01,2020-01-01 00:00:00,Month-to-month,Yes,Credit_card_(automatic),79.2,3233.85,Female,1,No,No,Fiber_optic,Yes,Yes,No,No,No,No,No,1,2020-01-01,1217
2180-DXNEG,2018-12-01,2019-12-01 00:00:00,Month-to-month,Yes,Electronic_check,96.0,1062.1,Female,0,No,No,Fiber_optic,No,No,Yes,No,Yes,Yes,No,1,2019-12-01,365
1960-UOTYM,2015-10-01,No,Two_year,No,Electronic_check,79.2,4016.3,Male,0,Yes,Yes,DSL,Yes,Yes,Yes,No,Yes,Yes,No,0,2020-02-01,1584
2740-JFBOK,2019-04-01,No,Month-to-month,Yes,Electronic_check,24.0,226.55,Male,0,No,No,No,No,No,No,No,No,No,Yes,0,2020-02-01,306
6500-JVEGC,2014-06-01,No,One_year,No,Bank_transfer_(automatic),101.35,7110.75,Male,0,No,No,Fiber_optic,Yes,Yes,Yes,No,Yes,No,Yes,0,2020-02-01,2071
5515-AKOAJ,2015-06-01,2019-12-01 00:00:00,Month-to-month,Yes,Electronic_check,100.1,5440.9,Female,0,No,No,Fiber_optic,No,No,No,Yes,Yes,Yes,Yes,1,2019-12-01,1644
8976-OQHGT,2019-06-01,2019-10-01 00:00:00,Month-to-month,No,Mailed_check,56.5,235.1,Female,0,Yes,Yes,DSL,No,Yes,No,Yes,No,No,No,1,2019-10-01,122
5245-VDBUR,2015-10-01,No,One_year,No,Mailed_check,35.45,1958.95,Female,0,Yes,No,DSL,Yes,No,Yes,No,No,No,No,0,2020-02-01,1584
6230-BSUXY,2019-11-01,2019-12-01 00:00:00,Month-to-month,Yes,Electronic_check,85.0,85.0,Female,1,No,No,Fiber_optic,No,No,Yes,No,No,Yes,No,1,2019-12-01,30
8469-SNFFH,2014-04-01,No,One_year,No,Bank_transfer_(automatic),79.4,5528.9,Male,0,Yes,No,DSL,Yes,Yes,Yes,Yes,Yes,No,Yes,0,2020-02-01,2132
2144-ESWKO,2016-07-01,No,One_year,Yes,Credit_card_(automatic),35.2,1463.7,Male,0,No,No,DSL,Yes,No,Yes,No,No,No,No,0,2020-02-01,1310
1241-FPMOF,2015-10-01,No,Two_year,No,Mailed_check,19.65,1025.05,Male,0,No,No,No,No,No,No,No,No,No,No,0,2020-02-01,1584
9928-BZVLZ,2019-02-01,No,Two_year,No,Mailed_check,49.85,552.1,Female,0,No,No,DSL,Yes,No,Yes,Yes,No,Yes,No,0,2020-02-01,365
4114-QMKVN,2015-06-01,No,One_year,No,Bank_transfer_(automatic),68.75,3815.4,Female,0,Yes,Yes,DSL,Yes,Yes,No,No,No,Yes,Yes,0,2020-02-01,1706
2775-SEFEE,2020-02-01,No,Two_year,Yes,Bank_transfer_(automatic),61.9,0.0,Male,0,No,Yes,DSL,Yes,Yes,No,Yes,No,No,Yes,0,2020-02-01,0
9003-CPATH,2016-08-01,No,Month-to-month,No,Electronic_check,79.9,3313.4,Male,0,No,No,Fiber_optic,No,No,Yes,No,No,No,Yes,0,2020-02-01,1279
1754-GKYPY,2018-04-01,No,Month-to-month,Yes,Bank_transfer_(automatic),89.75,1938.9,Male,1,Yes,No,Fiber_optic,No,No,No,No,Yes,Yes,No,0,2020-02-01,671
5294-CDGWY,2015-09-01,2019-12-01 00:00:00,One_year,No,Electronic_check,59.3,3014.65,Male,0,Yes,Yes,DSL,Yes,Yes,Yes,No,Yes,Yes,No,1,2019-12-01,1552
7956-XQWGU,2017-11-01,No,Month-to-month,Yes,Credit_card_(automatic),19.4,460.25,Male,0,No,No,No,No,No,No,No,No,No,No,0,2020-02-01,822
1591-MQJTP,2015-11-01,No,One_year,Yes,Bank_transfer_(automatic),93.65,4839.15,Male,1,Yes,No,Fiber_optic,Yes,No,Yes,No,No,Yes,Yes,0,2020-02-01,1553
5295-PCJOO,2019-09-01,2020-01-01 00:00:00,Month-to-month,Yes,Electronic_check,49.4,184.4,Male,0,No,Yes,DSL,Yes,No,No,No,No,No,No,1,2020-01-01,122
2369-FEVNO,2020-01-01,No,Month-to-month,Yes,Mailed_check,19.9,19.9,Male,0,No,No,No,No,No,No,No,No,No,No,0,2020-02-01,31
9863-JZAIC,2016-11-01,2019-10-01 00:00:00,Month-to-month,No,Mailed_check,55.0,2010.55,Male,0,No,No,DSL,No,No,No,No,Yes,No,No,1,2019-10-01,1064
7471-MQPOS,2014-03-01,No,One_year,Yes,Bank_transfer_(automatic),72.9,5139.65,Male,1,Yes,Yes,DSL,No,Yes,Yes,Yes,No,Yes,Yes,0,2020-02-01,2163
7660-HDPJV,2019-10-01,2019-11-01 00:00:00,Month-to-month,Yes,Electronic_check,69.2,69.2,Female,0,No,No,Fiber_optic,No,No,No,No,No,No,No,1,2019-11-01,31
5115-SQAAU,2014-05-01,No,Two_year,Yes,Bank_transfer_(automatic),25.6,1673.4,Female,0,Yes,Yes,No,No,No,No,No,No,No,Yes,0,2020-02-01,2102
9845-QOMAD,2018-12-01,No,One_year,No,Mailed_check,19.75,309.35,Male,0,Yes,Yes,No,No,No,No,No,No,No,No,0,2020-02-01,427
7672-VFMXZ,2015-05-01,No,Month-to-month,No,Electronic_check,55.7,3171.6,Male,0,Yes,No,DSL,Yes,No,No,Yes,No,No,No,0,2020-02-01,1737
9739-JLPQJ,2014-02-01,No,Two_year,No,Credit_card_(automatic),117.5,8670.1,Female,0,Yes,Yes,Fiber_optic,Yes,Yes,Yes,Yes,Yes,Yes,Yes,0,2020-02-01,2191
9916-AYHTC,2016-02-01,No,Two_year,No,Credit_card_(automatic),19.85,916.0,Male,0,No,No,No,No,No,No,No,No,No,No,0,2020-02-01,1461
3855-ONCAR,2019-10-01,No,Month-to-month,Yes,Mailed_check,78.9,299.75,Female,0,Yes,Yes,Fiber_optic,No,No,No,No,Yes,No,No,0,2020-02-01,123
1488-SYSFC,2017-07-01,No,Month-to-month,Yes,Electronic_check,20.65,702.05,Male,0,Yes,Yes,No,No,No,No,No,No,No,No,0,2020-02-01,945
7931-PXHFC,2016-08-01,2019-10-01 00:00:00,One_year,Yes,Mailed_check,62.3,2354.8,Male,0,No,No,DSL,No,No,Yes,Yes,No,Yes,No,1,2019-10-01,1156
3990-QYKBE,2016-12-01,2020-01-01 00:00:00,Month-to-month,Yes,Electronic_check,92.5,3473.4,Male,1,Yes,No,Fiber_optic,No,No,No,No,Yes,Yes,Yes,1,2020-01-01,1126
0970-QXPXW,2020-01-01,No,Month-to-month,No,Mailed_check,19.65,19.65,Female,0,No,No,No,No,No,No,No,No,No,No,0,2020-02-01,31
3259-KNMRR,2015-05-01,No,Two_year,Yes,Bank_transfer_(automatic),79.75,4438.2,Male,1,No,No,DSL,No,Yes,Yes,No,Yes,Yes,Yes,0,2020-02-01,1737
6120-RJKLU,2014-12-01,No,Two_year,Yes,Credit_card_(automatic),79.95,4819.75,Female,1,Yes,No,DSL,Yes,No,Yes,Yes,Yes,Yes,No,0,2020-02-01,1888
9572-WUKSB,2019-11-01,No,Month-to-month,Yes,Electronic_check,29.9,92.25,Male,0,Yes,No,DSL,No,No,No,Yes,No,No,No,0,2020-02-01,92
5893-KCLGT,2014-02-01,No,Two_year,Yes,Mailed_check,19.75,1567.0,Female,0,No,Yes,No,No,No,No,No,No,No,No,0,2020-02-01,2191
0076-LVEPS,2017-09-01,No,Month-to-month,Yes,Mailed_check,45.0,1242.45,Male,0,No,Yes,DSL,Yes,Yes,Yes,Yes,No,No,No,0,2020-02-01,883
3640-JQGJG,2019-01-01,No,Month-to-month,No,Bank_transfer_(automatic),44.8,559.2,Male,0,Yes,Yes,DSL,No,No,No,No,No,No,No,0,2020-02-01,396
4919-MOAVT,2019-08-01,2019-11-01 00:00:00,Month-to-month,No,Electronic_check,69.65,220.1,Male,0,No,Yes,Fiber_optic,No,No,No,No,No,No,No,1,2019-11-01,92
1596-OQSPS,2019-03-01,No,Month-to-month,No,Electronic_check,51.1,531.15,Female,0,No,No,DSL,No,Yes,No,No,No,No,No,0,2020-02-01,337
9867-XOBQA,2018-05-01,No,Two_year,No,Mailed_check,53.15,1183.2,Female,0,No,Yes,DSL,Yes,Yes,Yes,Yes,Yes,No,No,0,2020-02-01,641
9546-KDTRB,2018-07-01,No,Month-to-month,No,Bank_transfer_(automatic),24.7,465.85,Female,0,No,No,No,No,No,No,No,No,No,Yes,0,2020-02-01,580
3090-HAWSU,2014-10-01,2019-11-01 00:00:00,Two_year,Yes,Credit_card_(automatic),111.6,6876.05,Male,0,No,No,Fiber_optic,Yes,No,Yes,Yes,Yes,Yes,Yes,1,2019-11-01,1857
9820-RMCQV,2018-11-01,2019-10-01 00:00:00,Month-to-month,No,Credit_card_(automatic),48.55,501.0,Female,0,No,No,DSL,Yes,No,No,No,No,No,No,1,2019-10-01,334
3174-RKMOW,2017-03-01,No,Month-to-month,Yes,Electronic_check,109.95,3782.4,Male,0,Yes,Yes,Fiber_optic,No,Yes,Yes,Yes,Yes,Yes,Yes,0,2020-02-01,1067
1760-CAZHT,2018-01-01,No,Month-to-month,No,Mailed_check,20.8,460.2,Male,0,No,Yes,No,No,No,No,No,No,No,No,0,2020-02-01,761
7839-QRKXN,2019-11-01,2019-12-01 00:00:00,Month-to-month,Yes,Mailed_check,20.2,20.2,Female,0,No,No,No,No,No,No,No,No,No,No,1,2019-12-01,30
8441-SHIPE,2014-07-01,No,Two_year,Yes,Bank_transfer_(automatic),25.6,1790.35,Female,0,No,No,No,No,No,No,No,No,No,Yes,0,2020-02-01,2041
5204-QZXPU,2018-05-01,2019-12-01 00:00:00,Month-to-month,Yes,Electronic_check,39.65,733.35,Male,0,No,No,DSL,No,No,Yes,No,Yes,No,No,1,2019-12-01,579
4597-ELFTS,2015-02-01,2019-10-01 00:00:00,One_year,No,Electronic_check,24.9,1334.0,Male,0,No,No,No,No,No,No,No,No,No,Yes,1,2019-10-01,1703
1320-GVNHT,2014-02-01,No,Two_year,Yes,Credit_card_(automatic),108.4,7767.25,Male,0,Yes,Yes,Fiber_optic,Yes,Yes,Yes,No,Yes,Yes,Yes,0,2020-02-01,2191
1047-RNXZV,2016-07-01,No,Two_year,No,Mailed_check,19.55,876.15,Male,0,No,No,No,No,No,No,No,No,No,No,0,2020-02-01,1310
3541-ZNUHK,2015-07-01,No,Month-to-month,Yes,Electronic_check,85.1,4600.95,Female,0,Yes,Yes,Fiber_optic,Yes,Yes,No,No,No,No,Yes,0,2020-02-01,1676
8450-JOVAH,2019-10-01,2019-12-01 00:00:00,Month-to-month,No,Mailed_check,56.7,113.55,Male,0,Yes,Yes,DSL,Yes,No,No,No,No,No,Yes,1,2019-12-01,61
8725-JEDFD,2017-11-01,No,Month-to-month,Yes,Mailed_check,69.05,1793.25,Male,0,No,No,Fiber_optic,No,No,No,No,No,No,No,0,2020-02-01,822
7562-UXTPG,2019-01-01,No,Month-to-month,Yes,Mailed_check,70.15,886.7,Female,0,No,No,Fiber_optic,No,No,No,No,No,No,No,0,2020-02-01,396
8071-SBTRN,2014-04-01,No,Two_year,Yes,Mailed_check,111.15,7737.55,Female,0,No,No,Fiber_optic,Yes,Yes,Yes,No,Yes,Yes,Yes,0,2020-02-01,2132
1113-IUJYX,2018-08-01,2019-10-01 00:00:00,One_year,No,Mailed_check,105.95,1348.9,Female,0,Yes,No,Fiber_optic,Yes,Yes,No,Yes,Yes,Yes,No,1,2019-10-01,426
6668-CNMFP,2018-07-01,No,One_year,Yes,Bank_transfer_(automatic),89.35,1686.85,Female,0,Yes,Yes,Fiber_optic,No,No,No,Yes,No,Yes,Yes,0,2020-02-01,580
5626-MGTUK,2018-06-01,No,Month-to-month,Yes,Bank_transfer_(automatic),89.1,1879.25,Female,0,No,No,Fiber_optic,Yes,No,No,No,Yes,No,Yes,0,2020-02-01,610
5681-LLOEI,2016-07-01,No,One_year,Yes,Credit_card_(automatic),91.25,4013.8,Male,0,Yes,Yes,Fiber_optic,Yes,No,Yes,Yes,No,No,Yes,0,2020-02-01,1310
8212-DJRCH,2019-09-01,No,Month-to-month,Yes,Mailed_check,90.35,434.5,Male,0,Yes,Yes,Fiber_optic,Yes,No,Yes,No,No,Yes,No,0,2020-02-01,153
4323-OHFOW,2014-04-01,No,One_year,Yes,Bank_transfer_(automatic),105.55,7195.35,Female,1,Yes,No,Fiber_optic,No,Yes,No,Yes,Yes,Yes,Yes,0,2020-02-01,2132
4933-BSAIP,2016-10-01,No,Two_year,No,Mailed_check,19.1,780.1,Female,0,Yes,No,No,No,No,No,No,No,No,No,0,2020-02-01,1218
2030-BTZRO,2019-08-01,No,Two_year,Yes,Credit_card_(automatic),20.4,107.6,Male,0,Yes,Yes,No,No,No,No,No,No,No,No,0,2020-02-01,184
1116-DXXDF,2016-11-01,No,Two_year,Yes,Electronic_check,100.45,3801.7,Male,0,No,No,Fiber_optic,Yes,No,Yes,No,Yes,Yes,No,0,2020-02-01,1187
9274-CNFMO,2019-07-01,2019-11-01 00:00:00,Month-to-month,No,Electronic_check,74.95,308.7,Male,1,Yes,No,Fiber_optic,No,No,No,No,No,No,Yes,1,2019-11-01,123
7758-XKCBS,2018-08-01,2019-11-01 00:00:00,Month-to-month,Yes,Electronic_check,29.7,438.25,Male,0,No,No,DSL,No,No,No,Yes,No,No,No,1,2019-11-01,457
8992-JQYUN,2019-11-01,2019-12-01 00:00:00,Month-to-month,Yes,Electronic_check,50.35,50.35,Male,0,Yes,No,DSL,No,No,Yes,No,Yes,Yes,No,1,2019-12-01,30
6563-VNPMN,2016-05-01,No,Month-to-month,Yes,Bank_transfer_(automatic),85.7,3778.1,Female,1,No,No,Fiber_optic,Yes,Yes,No,Yes,No,No,No,0,2020-02-01,1371
0617-AQNWT,2014-07-01,2019-11-01 00:00:00,Two_year,No,Electronic_check,47.85,3147.5,Female,0,Yes,No,DSL,Yes,No,Yes,Yes,No,Yes,No,1,2019-11-01,1949
2267-WTPYD,2015-05-01,No,Month-to-month,No,Credit_card_(automatic),94.0,5438.95,Female,1,Yes,No,Fiber_optic,No,Yes,Yes,No,No,Yes,Yes,0,2020-02-01,1737
0270-THENM,2014-02-01,No,Two_year,No,Bank_transfer_(automatic),69.85,5102.35,Male,0,Yes,Yes,DSL,Yes,Yes,Yes,Yes,No,No,Yes,0,2020-02-01,2191
2446-PLQVO,2019-12-01,2020-01-01 00:00:00,Month-to-month,Yes,Electronic_check,70.3,70.3,Male,0,No,No,Fiber_optic,No,No,No,No,No,No,No,1,2020-01-01,31
4707-MAXGU,2014-02-01,No,Two_year,No,Credit_card_(automatic),25.85,1872.2,Male,0,Yes,No,No,No,No,No,No,No,No,Yes,0,2020-02-01,2191
2710-WYVXG,2019-11-01,No,Two_year,No,Mailed_check,71.1,213.35,Female,0,No,No,DSL,Yes,Yes,No,Yes,No,Yes,No,0,2020-02-01,92
3005-NFMTA,2015-04-01,2019-11-01 00:00:00,Month-to-month,Yes,Electronic_check,98.8,5617.75,Male,1,No,No,Fiber_optic,Yes,No,No,No,Yes,Yes,Yes,1,2019-11-01,1675
6300-BWMJX,2015-03-01,No,Month-to-month,No,Electronic_check,93.35,5386.5,Female,0,Yes,No,Fiber_optic,No,No,Yes,Yes,Yes,No,Yes,0,2020-02-01,1798
8784-CGILN,2018-06-01,2019-12-01 00:00:00,Month-to-month,Yes,Bank_transfer_(automatic),99.85,1776.95,Female,0,No,No,Fiber_optic,No,No,No,Yes,Yes,Yes,Yes,1,2019-12-01,548
5389-FFVKB,2017-03-01,2019-11-01 00:00:00,Month-to-month,Yes,Credit_card_(automatic),80.3,2483.05,Male,1,Yes,No,Fiber_optic,No,No,No,No,No,Yes,No,1,2019-11-01,975
7009-LGECI,2019-10-01,No,Month-to-month,Yes,Bank_transfer_(automatic),50.55,235.65,Female,0,No,No,DSL,Yes,No,No,No,No,No,No,0,2020-02-01,123
8444-WRIDW,2014-05-01,2019-11-01 00:00:00,Month-to-month,Yes,Credit_card_(automatic),80.45,5224.35,Female,1,No,No,Fiber_optic,No,Yes,No,No,No,No,Yes,1,2019-11-01,2010
5022-KVDQT,2017-11-01,No,Month-to-month,Yes,Electronic_check,81.3,2272.8,Male,0,No,No,Fiber_optic,No,No,Yes,No,No,No,Yes,0,2020-02-01,822
7976-CICYS,2019-10-01,No,Month-to-month,Yes,Credit_card_(automatic),20.7,83.75,Male,0,No,No,No,No,No,No,No,No,No,No,0,2020-02-01,123
1036-GUDCL,2015-02-01,No,Month-to-month,Yes,Credit_card_(automatic),79.05,4663.4,Male,0,Yes,Yes,DSL,Yes,Yes,No,Yes,Yes,Yes,No,0,2020-02-01,1826
2005-DWQZJ,2019-06-01,No,Two_year,No,Mailed_check,19.05,201.7,Female,0,Yes,Yes,No,No,No,No,No,No,No,No,0,2020-02-01,245
8148-WOCMK,2019-06-01,No,Two_year,No,Credit_card_(automatic),19.6,125.0,Male,0,Yes,Yes,No,No,No,No,No,No,No,No,0,2020-02-01,245
7815-PDTHL,2017-03-01,No,Two_year,Yes,Mailed_check,20.2,684.4,Male,0,No,No,No,No,No,No,No,No,No,No,0,2020-02-01,1067
9451-LPGOO,2019-04-01,2019-11-01 00:00:00,Month-to-month,Yes,Electronic_check,86.8,620.35,Male,0,No,No,Fiber_optic,No,No,No,No,No,Yes,Yes,1,2019-11-01,214
9173-IVZVP,2015-09-01,No,Two_year,No,Mailed_check,20.9,1146.05,Female,0,Yes,Yes,No,No,No,No,No,No,No,No,0,2020-02-01,1614
9129-UXERG,2018-08-01,No,Month-to-month,Yes,Credit_card_(automatic),103.6,1806.35,Female,1,No,No,Fiber_optic,No,Yes,No,Yes,Yes,Yes,Yes,0,2020-02-01,549
3635-JBPSG,2018-11-01,No,Two_year,Yes,Mailed_check,38.8,603.0,Female,0,No,No,DSL,No,Yes,No,No,No,Yes,No,0,2020-02-01,457
7964-ZRKKG,2014-07-01,No,One_year,Yes,Bank_transfer_(automatic),88.4,5798.3,Male,0,Yes,No,Fiber_optic,No,Yes,No,No,Yes,No,Yes,0,2020-02-01,2041
5868-YWPDW,2019-05-01,2019-11-01 00:00:00,Month-to-month,Yes,Electronic_check,84.2,519.15,Male,1,Yes,No,Fiber_optic,No,Yes,No,No,No,Yes,No,1,2019-11-01,184
6229-LSCKB,2019-08-01,No,Month-to-month,Yes,Electronic_check,79.7,497.6,Male,1,No,No,Fiber_optic,No,No,No,No,Yes,No,No,0,2020-02-01,184
2025-JKFWI,2018-12-01,2020-01-01 00:00:00,Month-to-month,Yes,Mailed_check,99.0,1301.7,Male,0,No,No,Fiber_optic,No,No,No,Yes,Yes,Yes,Yes,1,2020-01-01,396
4078-SAYYN,2019-01-01,2019-12-01 00:00:00,Month-to-month,Yes,Electronic_check,100.75,1129.75,Female,0,No,No,Fiber_optic,No,No,Yes,No,Yes,Yes,Yes,1,2019-12-01,334
1724-IQWNM,2020-01-01,No,Month-to-month,Yes,Mailed_check,19.3,19.3,Male,0,No,Yes,No,No,No,No,No,No,No,No,0,2020-02-01,31
8217-QYOHV,2019-09-01,No,Month-to-month,Yes,Mailed_check,55.75,266.95,Male,0,No,No,DSL,Yes,No,No,Yes,No,No,No,0,2020-02-01,153
5546-QUERU,2019-01-01,No,One_year,Yes,Mailed_check,19.95,257.0,Male,0,No,No,No,No,No,No,No,No,No,No,0,2020-02-01,396
9940-HPQPG,2019-04-01,2020-01-01 00:00:00,Month-to-month,No,Bank_transfer_(automatic),91.75,865.8,Female,0,Yes,No,Fiber_optic,Yes,Yes,Yes,No,No,No,Yes,1,2020-01-01,275
6897-UUBNU,2017-09-01,No,Month-to-month,No,Mailed_check,89.65,2623.65,Male,0,No,No,Fiber_optic,No,Yes,No,Yes,Yes,No,No,0,2020-02-01,883
6127-IYJOZ,2020-01-01,No,Month-to-month,Yes,Mailed_check,45.85,45.85,Male,1,No,No,DSL,No,No,No,No,No,No,No,0,2020-02-01,31
6618-RYATB,2019-11-01,2019-12-01 00:00:00,Month-to-month,Yes,Mailed_check,79.55,79.55,Female,0,No,No,Fiber_optic,No,No,Yes,No,No,No,Yes,1,2019-12-01,30
8930-XOTDP,2018-08-01,No,Month-to-month,No,Mailed_check,55.95,1082.8,Female,0,Yes,Yes,DSL,No,No,No,No,Yes,No,No,0,2020-02-01,549
5916-QEWPT,2019-12-01,No,Month-to-month,No,Credit_card_(automatic),69.0,147.8,Female,0,Yes,No,DSL,No,No,Yes,No,Yes,Yes,No,0,2020-02-01,62
5060-TQUQN,2017-08-01,No,Month-to-month,Yes,Bank_transfer_(automatic),83.55,2570.2,Male,0,Yes,Yes,Fiber_optic,No,Yes,No,Yes,No,No,Yes,0,2020-02-01,914
0531-XBKMM,2014-08-01,No,Two_year,No,Bank_transfer_(automatic),65.7,4378.9,Male,0,No,Yes,DSL,Yes,Yes,No,Yes,No,No,Yes,0,2020-02-01,2010
8465-SBRXP,2016-12-01,No,Two_year,Yes,Bank_transfer_(automatic),94.9,3616.25,Male,0,Yes,Yes,Fiber_optic,No,No,Yes,Yes,Yes,No,Yes,0,2020-02-01,1157
2408-PSJVE,2016-06-01,No,Month-to-month,Yes,Mailed_check,61.9,2924.05,Male,0,Yes,Yes,DSL,No,Yes,Yes,Yes,No,No,No,0,2020-02-01,1340
9079-YEXQJ,2015-07-01,2020-01-01 00:00:00,Month-to-month,No,Electronic_check,111.1,6014.85,Female,0,No,No,Fiber_optic,No,Yes,Yes,Yes,Yes,Yes,Yes,1,2020-01-01,1645
9700-ZCLOT,2019-12-01,No,Month-to-month,No,Mailed_check,20.0,32.7,Male,0,No,No,No,No,No,No,No,No,No,No,0,2020-02-01,62
8738-JOKAR,2016-08-01,No,One_year,Yes,Mailed_check,67.7,2882.25,Female,0,No,No,DSL,Yes,Yes,No,Yes,No,Yes,No,0,2020-02-01,1279
4534-WGCIR,2015-04-01,No,Two_year,No,Credit_card_(automatic),25.15,1509.9,Female,0,Yes,Yes,No,No,No,No,No,No,No,Yes,0,2020-02-01,1767
1930-WNXSB,2015-04-01,No,Month-to-month,Yes,Electronic_check,92.85,5305.05,Male,0,Yes,Yes,Fiber_optic,No,Yes,No,No,Yes,Yes,No,0,2020-02-01,1767
2685-SREOM,2017-11-01,2019-12-01 00:00:00,Month-to-month,Yes,Electronic_check,89.1,2368.4,Female,0,Yes,Yes,Fiber_optic,No,No,Yes,No,No,Yes,Yes,1,2019-12-01,760
3508-CFVZL,2014-03-01,No,Two_year,No,Mailed_check,111.3,7985.9,Female,0,No,No,Fiber_optic,Yes,Yes,Yes,Yes,Yes,Yes,Yes,0,2020-02-01,2163
0402-CQAJN,2016-10-01,2019-11-01 00:00:00,Month-to-month,Yes,Bank_transfer_(automatic),101.9,3545.35,Female,0,No,No,Fiber_optic,No,Yes,Yes,No,Yes,Yes,Yes,1,2019-11-01,1126
6692-UDPJC,2018-11-01,2020-01-01 00:00:00,Month-to-month,Yes,Electronic_check,91.65,1301.0,Female,0,Yes,Yes,Fiber_optic,No,No,No,Yes,Yes,No,Yes,1,2020-01-01,426
1273-MTETI,2019-08-01,2019-12-01 00:00:00,Month-to-month,Yes,Electronic_check,88.85,372.45,Female,1,No,No,Fiber_optic,No,No,Yes,No,No,Yes,Yes,1,2019-12-01,122
0657-DOGUM,2016-02-01,No,One_year,Yes,Bank_transfer_(automatic),60.6,2985.25,Female,0,Yes,No,DSL,Yes,No,No,Yes,No,No,Yes,0,2020-02-01,1461
5480-HPRRX,2019-10-01,2020-01-01 00:00:00,Month-to-month,No,Electronic_check,25.3,77.75,Female,1,No,No,DSL,No,No,No,No,No,No,No,1,2020-01-01,92
8792-AOROI,2019-06-01,No,Two_year,No,Mailed_check,65.5,564.35,Female,0,Yes,No,DSL,Yes,No,No,Yes,No,Yes,No,0,2020-02-01,245
0295-PPHDO,2019-11-01,2019-12-01 00:00:00,Month-to-month,Yes,Electronic_check,95.45,95.45,Male,0,No,No,Fiber_optic,No,No,No,No,Yes,Yes,Yes,1,2019-12-01,30
5146-YYFRZ,2014-07-01,No,Two_year,No,Bank_transfer_(automatic),19.95,1311.75,Male,0,No,No,No,No,No,No,No,No,No,No,0,2020-02-01,2041
1195-OIYEJ,2018-11-01,2019-12-01 00:00:00,Month-to-month,Yes,Electronic_check,91.1,1135.7,Male,0,No,No,Fiber_optic,No,No,No,No,Yes,Yes,No,1,2019-12-01,395
5906-CVLHP,2016-04-01,2020-01-01 00:00:00,One_year,Yes,Credit_card_(automatic),54.15,2319.8,Female,0,Yes,Yes,DSL,No,Yes,No,Yes,No,No,No,1,2020-01-01,1370
3452-SRFEG,2016-01-01,No,Month-to-month,Yes,Bank_transfer_(automatic),74.6,3720.35,Male,0,No,No,Fiber_optic,No,No,No,No,No,No,Yes,0,2020-02-01,1492
4070-OKWVH,2015-10-01,No,Month-to-month,No,Bank_transfer_(automatic),94.6,5025.8,Female,0,Yes,No,Fiber_optic,No,Yes,Yes,No,Yes,No,Yes,0,2020-02-01,1584
5297-MDOIR,2014-11-01,No,One_year,Yes,Credit_card_(automatic),81.15,5224.5,Female,0,Yes,No,Fiber_optic,Yes,No,Yes,No,No,No,No,0,2020-02-01,1918
6369-MCAKO,2014-06-01,No,Two_year,Yes,Bank_transfer_(automatic),89.05,6185.8,Female,0,Yes,Yes,DSL,Yes,Yes,Yes,Yes,Yes,Yes,Yes,0,2020-02-01,2071
4926-UMJZD,2017-07-01,No,Month-to-month,Yes,Mailed_check,49.2,1498.55,Female,0,Yes,No,DSL,No,No,No,Yes,No,No,No,0,2020-02-01,945
6848-HJTXY,2014-10-01,No,Two_year,No,Credit_card_(automatic),19.45,1208.6,Female,0,Yes,No,No,No,No,No,No,No,No,No,0,2020-02-01,1949
6341-AEVKX,2014-12-01,No,One_year,Yes,Electronic_check,104.3,6613.65,Female,0,Yes,No,Fiber_optic,Yes,No,Yes,Yes,Yes,Yes,No,0,2020-02-01,1888
4501-EQDRN,2019-12-01,2020-01-01 00:00:00,Month-to-month,No,Bank_transfer_(automatic),69.7,69.7,Female,0,No,No,Fiber_optic,No,No,No,No,No,No,No,1,2020-01-01,31
2990-HWIML,2019-07-01,2020-01-01 00:00:00,Month-to-month,Yes,Electronic_check,89.5,573.3,Female,0,No,No,Fiber_optic,No,No,No,No,Yes,Yes,No,1,2020-01-01,184
0682-USIXD,2018-05-01,No,Month-to-month,Yes,Electronic_check,86.05,1818.9,Female,0,Yes,No,Fiber_optic,No,No,No,Yes,Yes,No,No,0,2020-02-01,641
6976-BWGLQ,2014-02-01,No,Two_year,No,Bank_transfer_(automatic),25.2,1787.35,Female,0,Yes,Yes,No,No,No,No,No,No,No,Yes,0,2020-02-01,2191
7078-NVFAM,2017-06-01,No,Month-to-month,Yes,Electronic_check,35.15,1051.05,Female,0,Yes,Yes,DSL,Yes,Yes,No,No,No,No,No,0,2020-02-01,975
8065-QBYTO,2014-03-01,No,One_year,Yes,Credit_card_(automatic),99.65,7181.25,Female,1,No,No,Fiber_optic,Yes,Yes,No,Yes,Yes,No,Yes,0,2020-02-01,2163
2133-TSRRM,2017-04-01,No,Month-to-month,Yes,Bank_transfer_(automatic),105.35,3688.6,Female,0,No,Yes,Fiber_optic,Yes,Yes,Yes,No,Yes,Yes,No,0,2020-02-01,1036
7384-GHBPI,2019-08-01,2019-11-01 00:00:00,Month-to-month,Yes,Electronic_check,35.15,99.75,Male,0,Yes,No,DSL,No,No,No,No,No,Yes,No,1,2019-11-01,92
7603-USHJS,2019-01-01,2020-01-01 00:00:00,Month-to-month,Yes,Credit_card_(automatic),73.75,871.4,Male,0,No,Yes,Fiber_optic,No,No,No,No,No,No,Yes,1,2020-01-01,365
7234-FECYN,2019-04-01,2019-12-01 00:00:00,Month-to-month,No,Electronic_check,101.35,780.5,Female,1,No,No,Fiber_optic,No,No,Yes,No,Yes,Yes,Yes,1,2019-12-01,244
2511-ALLCS,2017-03-01,No,Two_year,No,Bank_transfer_(automatic),24.3,821.6,Female,0,Yes,Yes,No,No,No,No,No,No,No,Yes,0,2020-02-01,1067
3191-CSNMG,2019-11-01,No,Month-to-month,Yes,Electronic_check,80.7,239.45,Female,0,Yes,Yes,Fiber_optic,No,No,No,No,Yes,No,No,0,2020-02-01,92
7952-OBOYL,2019-11-01,No,Month-to-month,Yes,Mailed_check,89.85,244.45,Male,0,No,No,Fiber_optic,No,No,Yes,Yes,Yes,No,No,0,2020-02-01,92
7470-DYNOE,2015-09-01,No,One_year,Yes,Electronic_check,61.1,3357.9,Male,0,No,No,DSL,No,No,Yes,No,No,Yes,No,0,2020-02-01,1614
7853-OETYL,2019-10-01,No,Month-to-month,Yes,Electronic_check,29.05,129.6,Female,0,Yes,No,DSL,Yes,No,No,No,No,No,No,0,2020-02-01,123
1545-ACTAS,2016-02-01,No,One_year,Yes,Bank_transfer_(automatic),99.7,4977.2,Female,0,Yes,Yes,Fiber_optic,Yes,No,Yes,No,Yes,Yes,No,0,2020-02-01,1461
5876-HZVZM,2019-05-01,2019-11-01 00:00:00,Month-to-month,No,Credit_card_(automatic),55.9,365.35,Female,0,Yes,Yes,DSL,Yes,Yes,No,No,No,No,No,1,2019-11-01,184
1400-MMYXY,2019-09-01,2019-12-01 00:00:00,Month-to-month,Yes,Electronic_check,105.9,334.65,Male,1,Yes,No,Fiber_optic,No,Yes,Yes,No,Yes,Yes,Yes,1,2019-12-01,91
5126-RCXYW,2015-08-01,No,Two_year,No,Credit_card_(automatic),46.0,2424.05,Male,0,Yes,Yes,DSL,No,No,Yes,Yes,No,Yes,No,0,2020-02-01,1645
3085-QUOZK,2019-11-01,2019-12-01 00:00:00,Month-to-month,No,Mailed_check,43.95,43.95,Female,0,No,No,DSL,No,No,No,No,No,No,No,1,2019-12-01,30
2363-BJLSL,2014-12-01,No,Month-to-month,Yes,Bank_transfer_(automatic),80.4,4981.15,Male,0,No,No,DSL,No,Yes,Yes,Yes,Yes,Yes,No,0,2020-02-01,1888
1956-YIFGE,2018-04-01,No,One_year,Yes,Mailed_check,100.05,2090.25,Male,0,Yes,Yes,Fiber_optic,No,Yes,Yes,No,Yes,Yes,No,0,2020-02-01,671
3926-CUQZX,2019-11-01,2019-12-01 00:00:00,Month-to-month,Yes,Bank_transfer_(automatic),45.1,45.1,Male,0,No,No,DSL,No,No,No,No,No,No,No,1,2019-12-01,30
7921-LMDFQ,2015-11-01,No,One_year,Yes,Bank_transfer_(automatic),94.0,4905.75,Male,1,No,No,Fiber_optic,No,No,Yes,No,Yes,Yes,No,0,2020-02-01,1553
2925-MXLSX,2017-08-01,No,One_year,Yes,Credit_card_(automatic),68.95,2038.7,Female,0,No,No,DSL,No,Yes,Yes,No,Yes,No,Yes,0,2020-02-01,914
5820-PTRYM,2015-06-01,No,One_year,Yes,Credit_card_(automatic),68.45,4014.0,Female,1,Yes,No,DSL,Yes,Yes,Yes,Yes,No,No,Yes,0,2020-02-01,1706
9609-BENEA,2017-03-01,No,One_year,Yes,Electronic_check,69.0,2441.7,Male,0,Yes,No,DSL,No,Yes,No,Yes,Yes,No,Yes,0,2020-02-01,1067
6211-WHMYA,2014-10-01,No,Month-to-month,Yes,Electronic_check,43.85,2751.0,Female,1,No,No,DSL,No,Yes,No,Yes,Yes,No,No,0,2020-02-01,1949
4459-BBGHE,2017-08-01,No,Month-to-month,Yes,Electronic_check,44.5,1307.8,Male,0,No,Yes,DSL,No,No,No,No,Yes,Yes,No,0,2020-02-01,914
9945-PSVIP,2018-01-01,No,Two_year,Yes,Mailed_check,18.7,383.65,Female,0,Yes,Yes,No,No,No,No,No,No,No,No,0,2020-02-01,761
1041-RXHRA,2016-07-01,2019-12-01 00:00:00,Month-to-month,No,Bank_transfer_(automatic),70.25,2868.05,Female,0,No,No,Fiber_optic,No,No,No,No,No,No,No,1,2019-12-01,1248
1750-CSKKM,2019-02-01,2019-11-01 00:00:00,Month-to-month,No,Electronic_check,55.35,449.75,Male,0,No,Yes,DSL,No,No,No,No,Yes,No,No,1,2019-11-01,273
9108-EJFJP,2020-01-01,No,Month-to-month,Yes,Mailed_check,53.55,53.55,Female,0,Yes,No,DSL,Yes,Yes,No,No,No,No,No,0,2020-02-01,31
0530-IJVDB,2014-04-01,No,Two_year,Yes,Electronic_check,114.6,7882.5,Male,0,No,Yes,Fiber_optic,Yes,Yes,Yes,Yes,Yes,Yes,Yes,0,2020-02-01,2132
0508-SQWPL,2015-05-01,No,Two_year,Yes,Bank_transfer_(automatic),20.1,1087.7,Female,0,Yes,Yes,No,No,No,No,No,No,No,No,0,2020-02-01,1737
2215-ZAFGX,2019-05-01,No,Month-to-month,Yes,Electronic_check,85.5,791.7,Male,0,No,No,Fiber_optic,No,No,No,No,Yes,No,Yes,0,2020-02-01,276
8213-TAZPM,2014-05-01,No,One_year,Yes,Bank_transfer_(automatic),108.75,7493.05,Female,0,Yes,Yes,Fiber_optic,No,Yes,Yes,Yes,Yes,Yes,Yes,0,2020-02-01,2102
7142-HVGBG,2016-06-01,2020-01-01 00:00:00,Month-to-month,Yes,Electronic_check,103.0,4414.3,Male,1,Yes,No,Fiber_optic,No,Yes,Yes,No,Yes,Yes,Yes,1,2020-01-01,1309
1304-SEGFY,2014-02-01,No,Two_year,Yes,Electronic_check,97.85,6841.3,Female,0,Yes,No,Fiber_optic,No,No,Yes,No,Yes,Yes,Yes,0,2020-02-01,2191
7242-EDTYC,2016-06-01,No,Two_year,No,Bank_transfer_(automatic),19.55,819.95,Male,0,No,Yes,No,No,No,No,No,No,No,No,0,2020-02-01,1340
2904-GGUAZ,2014-02-01,No,Two_year,Yes,Bank_transfer_(automatic),84.05,6052.25,Female,0,Yes,No,Fiber_optic,Yes,Yes,No,No,No,No,Yes,0,2020-02-01,2191
8267-ZNYVZ,2017-02-01,2019-11-01 00:00:00,One_year,Yes,Electronic_check,103.75,3361.05,Female,0,Yes,No,Fiber_optic,Yes,No,Yes,Yes,Yes,Yes,No,1,2019-11-01,1003
5136-GFPMB,2015-08-01,No,Month-to-month,No,Credit_card_(automatic),89.4,4869.5,Male,0,No,No,Fiber_optic,No,No,Yes,No,No,Yes,Yes,0,2020-02-01,1645
2595-KIWPV,2017-11-01,No,Two_year,No,Credit_card_(automatic),19.7,509.3,Male,0,No,Yes,No,No,No,No,No,No,No,No,0,2020-02-01,822
5243-SAOTC,2015-08-01,No,Month-to-month,Yes,Bank_transfer_(automatic),79.85,4308.25,Male,0,No,No,Fiber_optic,No,Yes,No,No,No,No,Yes,0,2020-02-01,1645
9398-MMQTO,2019-11-01,No,Month-to-month,No,Credit_card_(automatic),74.45,221.1,Male,0,No,No,Fiber_optic,No,Yes,No,No,No,No,No,0,2020-02-01,92
7619-PLRLP,2015-09-01,No,One_year,No,Bank_transfer_(automatic),74.1,3833.95,Female,0,Yes,No,DSL,Yes,Yes,Yes,No,No,Yes,Yes,0,2020-02-01,1614
6457-GIRWB,2019-10-01,2019-11-01 00:00:00,Month-to-month,Yes,Electronic_check,69.35,69.35,Male,0,No,No,Fiber_optic,No,No,No,No,No,No,No,1,2019-11-01,31
6508-NJYRO,2018-11-01,No,One_year,No,Mailed_check,18.8,294.95,Male,0,Yes,No,No,No,No,No,No,No,No,No,0,2020-02-01,457
1450-SKCVI,2015-05-01,2020-01-01 00:00:00,Month-to-month,Yes,Electronic_check,73.85,4092.85,Female,0,No,No,Fiber_optic,No,Yes,No,No,No,No,No,1,2020-01-01,1706
4710-NKCAW,2019-09-01,No,Month-to-month,No,Credit_card_(automatic),64.4,316.9,Male,0,Yes,Yes,DSL,Yes,Yes,No,Yes,No,No,Yes,0,2020-02-01,153
5306-BVTKJ,2016-02-01,No,One_year,Yes,Credit_card_(automatic),55.8,2651.2,Male,0,Yes,Yes,DSL,No,Yes,Yes,No,No,No,No,0,2020-02-01,1461
0357-NVCRI,2018-01-01,No,Month-to-month,No,Credit_card_(automatic),20.05,471.7,Female,0,No,Yes,No,No,No,No,No,No,No,No,0,2020-02-01,761
5570-PTWEH,2019-08-01,2019-11-01 00:00:00,Month-to-month,Yes,Credit_card_(automatic),75.15,216.75,Female,0,Yes,No,Fiber_optic,No,No,No,No,No,No,Yes,1,2019-11-01,92
2371-KFUOG,2015-04-01,No,One_year,No,Bank_transfer_(automatic),99.15,5720.95,Male,0,No,No,Fiber_optic,Yes,Yes,No,No,Yes,Yes,No,0,2020-02-01,1767
0463-ZSDNT,2019-04-01,No,Month-to-month,Yes,Bank_transfer_(automatic),56.75,503.25,Male,0,No,No,DSL,No,No,No,No,No,Yes,No,0,2020-02-01,306
6502-MJQAE,2019-11-01,2019-12-01 00:00:00,Month-to-month,Yes,Electronic_check,69.6,69.6,Male,0,No,No,Fiber_optic,No,No,No,No,No,No,No,1,2019-12-01,30
6257-DTAYD,2014-03-01,No,Two_year,Yes,Credit_card_(automatic),104.15,7365.3,Male,0,Yes,No,Fiber_optic,No,Yes,No,Yes,Yes,Yes,Yes,0,2020-02-01,2163
4616-ULAOA,2014-09-01,No,Two_year,Yes,Credit_card_(automatic),110.8,7245.9,Female,0,Yes,Yes,Fiber_optic,No,Yes,Yes,Yes,Yes,Yes,Yes,0,2020-02-01,1979
7693-LCKZL,2019-05-01,2019-10-01 00:00:00,Month-to-month,Yes,Electronic_check,80.15,385.0,Male,0,Yes,Yes,Fiber_optic,No,Yes,No,No,No,No,Yes,1,2019-10-01,153
7746-AWNQW,2017-10-01,No,Month-to-month,Yes,Mailed_check,35.75,961.4,Female,0,No,No,DSL,No,No,Yes,Yes,No,No,No,0,2020-02-01,853
5996-EBTKM,2014-07-01,No,Two_year,Yes,Bank_transfer_(automatic),69.9,4615.9,Female,0,Yes,Yes,DSL,No,No,Yes,Yes,No,Yes,Yes,0,2020-02-01,2041
2758-RNWXS,2017-03-01,No,One_year,Yes,Electronic_check,89.2,3251.3,Male,0,No,No,Fiber_optic,Yes,No,No,Yes,No,Yes,No,0,2020-02-01,1067
2314-TNDJQ,2014-02-01,No,Two_year,No,Credit_card_(automatic),55.65,3880.05,Female,0,Yes,Yes,DSL,Yes,Yes,Yes,Yes,No,Yes,No,0,2020-02-01,2191
2405-LBMUW,2015-01-01,No,One_year,Yes,Bank_transfer_(automatic),50.7,3088.75,Female,0,Yes,Yes,DSL,Yes,Yes,No,Yes,No,Yes,No,0,2020-02-01,1857
3454-JFUBC,2014-06-01,No,Two_year,Yes,Credit_card_(automatic),20.0,1396.0,Male,1,No,No,No,No,No,No,No,No,No,No,0,2020-02-01,2071
0032-PGELS,2019-10-01,2019-11-01 00:00:00,Month-to-month,No,Bank_transfer_(automatic),30.5,30.5,Female,0,Yes,Yes,DSL,Yes,No,No,No,No,No,No,1,2019-11-01,31
9039-ZVJDC,2019-11-01,No,Month-to-month,Yes,Mailed_check,19.1,53.05,Male,0,No,No,No,No,No,No,No,No,No,No,0,2020-02-01,92
6797-LNAQX,2014-03-01,2020-01-01 00:00:00,Two_year,No,Bank_transfer_(automatic),98.3,6859.5,Male,0,Yes,Yes,Fiber_optic,No,Yes,No,No,Yes,Yes,Yes,1,2020-01-01,2132
9013-AQORL,2016-02-01,No,Month-to-month,No,Credit_card_(automatic),45.55,2108.35,Female,0,No,Yes,DSL,No,Yes,Yes,No,No,Yes,No,0,2020-02-01,1461
2898-MRKPI,2014-06-01,No,One_year,Yes,Credit_card_(automatic),101.05,6770.5,Male,0,Yes,Yes,Fiber_optic,No,Yes,No,No,Yes,Yes,Yes,0,2020-02-01,2071
2750-BJLSB,2016-03-01,No,One_year,Yes,Electronic_check,103.7,4730.6,Female,0,No,No,Fiber_optic,Yes,No,Yes,Yes,Yes,Yes,No,0,2020-02-01,1432
3648-GZPHF,2017-06-01,No,One_year,Yes,Mailed_check,36.25,1151.05,Male,0,Yes,Yes,DSL,No,No,Yes,Yes,No,No,No,0,2020-02-01,975
2075-RMJIK,2019-09-01,No,Month-to-month,Yes,Mailed_check,49.4,232.55,Female,0,Yes,Yes,DSL,Yes,No,No,No,No,No,No,0,2020-02-01,153
9588-YRFHY,2016-01-01,No,Two_year,Yes,Credit_card_(automatic),19.9,1022.6,Male,0,No,No,No,No,No,No,No,No,No,No,0,2020-02-01,1492
6394-MFYNG,2015-10-01,2019-10-01 00:00:00,Month-to-month,Yes,Bank_transfer_(automatic),107.4,5121.3,Female,0,No,No,Fiber_optic,No,Yes,Yes,No,Yes,Yes,Yes,1,2019-10-01,1461
1564-NTYXF,2018-12-01,2020-01-01 00:00:00,Month-to-month,Yes,Electronic_check,82.0,1127.2,Female,1,No,No,Fiber_optic,No,No,No,No,No,Yes,Yes,1,2020-01-01,396
9364-YKUVW,2018-11-01,No,Month-to-month,Yes,Mailed_check,19.8,309.4,Male,0,No,No,No,No,No,No,No,No,No,No,0,2020-02-01,457
5392-AKEMH,2019-02-01,No,Month-to-month,Yes,Electronic_check,45.05,523.1,Female,0,No,No,DSL,No,No,No,No,No,No,No,0,2020-02-01,365
2451-YMUXS,2014-07-01,No,Two_year,Yes,Bank_transfer_(automatic),64.55,4250.1,Male,1,No,No,DSL,Yes,Yes,No,Yes,No,No,Yes,0,2020-02-01,2041
3914-FDRHP,2019-05-01,No,Month-to-month,No,Electronic_check,86.25,770.5,Male,0,No,No,Fiber_optic,No,No,No,Yes,Yes,No,No,0,2020-02-01,276
3078-ZKNTS,2019-01-01,No,Two_year,Yes,Bank_transfer_(automatic),19.75,246.7,Female,0,Yes,Yes,No,No,No,No,No,No,No,No,0,2020-02-01,396
1024-KPRBB,2016-12-01,No,One_year,Yes,Mailed_check,89.1,3342.0,Female,0,No,No,Fiber_optic,No,No,No,No,Yes,Yes,No,0,2020-02-01,1157
4690-PKDQG,2016-08-01,No,Month-to-month,Yes,Electronic_check,95.55,3930.6,Female,1,Yes,No,Fiber_optic,No,Yes,Yes,No,Yes,No,Yes,0,2020-02-01,1279
8155-IBNHG,2017-12-01,2019-12-01 00:00:00,Month-to-month,Yes,Credit_card_(automatic),75.4,1747.85,Female,0,Yes,No,Fiber_optic,No,No,No,No,No,No,Yes,1,2019-12-01,730
0886-QGENL,2017-09-01,2019-12-01 00:00:00,Month-to-month,Yes,Electronic_check,101.25,2754.45,Female,1,Yes,No,Fiber_optic,Yes,No,Yes,No,Yes,Yes,No,1,2019-12-01,821
9547-ITEFG,2019-05-01,No,Month-to-month,Yes,Credit_card_(automatic),102.6,897.75,Male,0,Yes,Yes,Fiber_optic,No,Yes,Yes,No,Yes,Yes,Yes,0,2020-02-01,276
1264-FUHCX,2016-01-01,No,One_year,Yes,Credit_card_(automatic),56.3,2780.6,Female,0,Yes,No,DSL,No,Yes,No,Yes,Yes,Yes,No,0,2020-02-01,1492
7789-CRUVC,2015-01-01,No,Month-to-month,Yes,Credit_card_(automatic),94.2,5895.45,Female,1,Yes,No,Fiber_optic,Yes,Yes,Yes,Yes,No,No,Yes,0,2020-02-01,1857
6598-KELSS,2015-12-01,No,One_year,Yes,Bank_transfer_(automatic),43.05,2208.05,Male,0,No,Yes,DSL,Yes,Yes,No,No,Yes,No,No,0,2020-02-01,1523
8739-WWKDU,2017-09-01,2019-10-01 00:00:00,Month-to-month,Yes,Electronic_check,89.5,2196.15,Male,1,No,No,Fiber_optic,No,Yes,No,No,Yes,No,Yes,1,2019-10-01,760
8685-WHQPW,2018-01-01,2019-11-01 00:00:00,Month-to-month,Yes,Bank_transfer_(automatic),74.4,1692.6,Female,1,No,No,Fiber_optic,No,No,No,No,No,No,Yes,1,2019-11-01,669
4745-LSPLO,2019-11-01,2019-12-01 00:00:00,Month-to-month,No,Mailed_check,20.5,20.5,Male,0,No,No,No,No,No,No,No,No,No,No,1,2019-12-01,30
8083-YTZES,2019-09-01,2020-01-01 00:00:00,Month-to-month,Yes,Electronic_check,74.35,265.35,Male,0,No,No,Fiber_optic,No,No,No,No,No,No,Yes,1,2020-01-01,122
7240-FQLHE,2018-07-01,2020-01-01 00:00:00,Month-to-month,No,Bank_transfer_(automatic),99.75,1836.25,Female,1,Yes,No,Fiber_optic,No,No,No,Yes,Yes,Yes,Yes,1,2020-01-01,549
6664-FPDAC,2015-04-01,2019-12-01 00:00:00,One_year,Yes,Electronic_check,111.95,6418.9,Female,1,No,No,Fiber_optic,No,Yes,Yes,Yes,Yes,Yes,Yes,1,2019-12-01,1705
9972-VAFJJ,2015-09-01,No,One_year,Yes,Electronic_check,94.0,4871.45,Female,1,Yes,No,Fiber_optic,No,Yes,Yes,Yes,Yes,No,No,0,2020-02-01,1614
0422-UXFAP,2015-11-01,No,One_year,Yes,Electronic_check,98.85,4947.55,Female,0,Yes,No,Fiber_optic,No,No,Yes,No,Yes,Yes,Yes,0,2020-02-01,1553
1904-WAJAA,2018-02-01,No,Two_year,No,Electronic_check,64.35,1558.65,Female,0,Yes,Yes,DSL,Yes,Yes,Yes,No,No,No,Yes,0,2020-02-01,730
5130-YPIRV,2014-12-01,No,Two_year,Yes,Credit_card_(automatic),72.0,4284.2,Female,0,Yes,No,DSL,Yes,Yes,Yes,No,Yes,No,No,0,2020-02-01,1888
2843-CQMEG,2018-02-01,No,Month-to-month,Yes,Mailed_check,49.7,1218.25,Male,0,No,No,DSL,No,Yes,No,No,No,No,No,0,2020-02-01,730
6439-PKTRR,2014-04-01,No,Two_year,No,Electronic_check,80.7,5617.95,Female,0,Yes,Yes,DSL,Yes,Yes,Yes,Yes,Yes,No,Yes,0,2020-02-01,2132
5351-QESIO,2020-01-01,No,Month-to-month,No,Mailed_check,24.2,24.2,Male,0,No,Yes,DSL,No,No,No,No,No,No,No,0,2020-02-01,31
0786-VSSUD,2018-08-01,2019-12-01 00:00:00,Month-to-month,Yes,Mailed_check,39.0,679.85,Male,1,No,No,DSL,No,Yes,No,No,Yes,No,No,1,2019-12-01,487
5568-DMXZS,2019-06-01,No,Month-to-month,Yes,Electronic_check,65.45,554.45,Female,0,No,No,DSL,No,Yes,No,Yes,Yes,No,No,0,2020-02-01,245
8468-FZTOE,2014-02-01,No,Two_year,Yes,Electronic_check,74.35,5237.4,Female,0,Yes,Yes,DSL,Yes,Yes,Yes,Yes,No,Yes,No,0,2020-02-01,2191
6633-SYEUS,2018-03-01,No,Month-to-month,No,Bank_transfer_(automatic),83.2,2032.3,Female,0,No,No,Fiber_optic,No,Yes,Yes,Yes,No,No,No,0,2020-02-01,702
6447-GORXK,2017-07-01,No,Month-to-month,No,Credit_card_(automatic),25.0,789.2,Male,0,No,Yes,DSL,No,No,No,No,No,No,No,0,2020-02-01,945
6967-PEJLL,2017-01-01,No,One_year,Yes,Electronic_check,40.2,1525.35,Male,0,Yes,Yes,DSL,Yes,No,Yes,Yes,No,No,No,0,2020-02-01,1126
3976-BWUCK,2017-07-01,2020-01-01 00:00:00,Month-to-month,Yes,Credit_card_(automatic),94.1,2804.45,Female,0,Yes,No,Fiber_optic,No,Yes,No,Yes,Yes,No,Yes,1,2020-01-01,914
5981-ZVXOT,2017-03-01,No,One_year,Yes,Electronic_check,108.35,3726.15,Female,1,No,No,Fiber_optic,Yes,Yes,Yes,No,Yes,Yes,Yes,0,2020-02-01,1067
1684-FLBGS,2018-03-01,No,Month-to-month,Yes,Credit_card_(automatic),69.5,1652.1,Female,0,Yes,Yes,DSL,No,Yes,No,Yes,Yes,No,Yes,0,2020-02-01,702
1389-WNUIB,2018-06-01,No,One_year,No,Bank_transfer_(automatic),76.0,1588.75,Female,0,Yes,Yes,DSL,Yes,No,No,No,Yes,Yes,Yes,0,2020-02-01,610
0376-OIWME,2017-02-01,No,Month-to-month,Yes,Electronic_check,93.6,3366.05,Male,0,Yes,No,Fiber_optic,Yes,No,No,No,Yes,Yes,No,0,2020-02-01,1095
3585-ISXZP,2019-03-01,2019-11-01 00:00:00,Month-to-month,No,Bank_transfer_(automatic),95.65,778.1,Female,0,No,No,Fiber_optic,No,No,No,No,Yes,Yes,Yes,1,2019-11-01,245
0218-QNVAS,2014-03-01,No,One_year,No,Bank_transfer_(automatic),100.55,7113.75,Male,0,Yes,Yes,Fiber_optic,No,Yes,No,No,Yes,Yes,Yes,0,2020-02-01,2163
6583-QGCSI,2015-11-01,2020-01-01 00:00:00,Month-to-month,Yes,Electronic_check,88.05,4367.35,Female,1,Yes,No,Fiber_optic,No,Yes,No,No,Yes,No,Yes,1,2020-01-01,1522
0804-YGEQV,2016-07-01,No,One_year,Yes,Bank_transfer_(automatic),24.45,993.15,Female,0,Yes,Yes,No,No,No,No,No,No,No,Yes,0,2020-02-01,1310
7164-BPTUT,2015-05-01,No,Two_year,No,Mailed_check,89.55,5012.35,Male,0,No,Yes,DSL,Yes,Yes,Yes,Yes,Yes,Yes,Yes,0,2020-02-01,1737
4174-LPGTI,2016-05-01,2019-10-01 00:00:00,One_year,Yes,Bank_transfer_(automatic),66.5,2728.6,Female,0,Yes,Yes,DSL,No,Yes,No,Yes,No,Yes,No,1,2019-10-01,1248
2523-EWWZL,2017-11-01,No,Month-to-month,Yes,Electronic_check,76.1,2093.4,Female,0,Yes,No,Fiber_optic,No,Yes,No,No,No,No,No,0,2020-02-01,822
0928-XUTSN,2019-01-01,No,Month-to-month,Yes,Electronic_check,80.5,1011.8,Female,0,No,No,Fiber_optic,No,No,No,No,No,Yes,No,0,2020-02-01,396
2108-XWMPY,2019-07-01,2019-10-01 00:00:00,Month-to-month,Yes,Mailed_check,35.45,106.85,Male,0,No,No,DSL,Yes,Yes,No,No,No,No,No,1,2019-10-01,92
0052-YNYOT,2014-07-01,No,One_year,No,Electronic_check,20.55,1343.4,Female,0,No,No,No,No,No,No,No,No,No,No,0,2020-02-01,2041
6304-IJFSQ,2019-09-01,2019-12-01 00:00:00,Month-to-month,Yes,Mailed_check,49.9,130.1,Male,0,No,No,DSL,No,Yes,No,No,No,No,No,1,2019-12-01,91
9586-JGQKH,2014-10-01,No,Two_year,Yes,Bank_transfer_(automatic),105.4,6794.75,Female,0,Yes,No,Fiber_optic,No,Yes,No,Yes,Yes,Yes,Yes,0,2020-02-01,1949
4501-VCPFK,2017-12-01,No,Month-to-month,No,Electronic_check,35.75,1022.5,Male,0,No,No,DSL,No,No,Yes,Yes,No,No,No,0,2020-02-01,792
6075-SLNIL,2016-12-01,No,Month-to-month,Yes,Credit_card_(automatic),95.1,3691.2,Male,0,No,No,Fiber_optic,No,Yes,Yes,No,No,Yes,Yes,0,2020-02-01,1157
9347-AERRL,2018-03-01,No,One_year,No,Credit_card_(automatic),19.3,486.2,Male,0,Yes,No,No,No,No,No,No,No,No,No,0,2020-02-01,702
0093-XWZFY,2016-09-01,2020-01-01 00:00:00,Month-to-month,Yes,Credit_card_(automatic),104.5,4036.85,Male,0,No,No,Fiber_optic,No,Yes,Yes,No,Yes,Yes,Yes,1,2020-01-01,1217
2274-XUATA,2014-02-01,No,Two_year,Yes,Bank_transfer_(automatic),63.1,4685.55,Male,1,Yes,No,DSL,Yes,Yes,Yes,Yes,Yes,Yes,No,0,2020-02-01,2191
1980-KXVPM,2019-09-01,2019-12-01 00:00:00,Month-to-month,Yes,Credit_card_(automatic),75.05,256.25,Female,1,No,No,Fiber_optic,No,No,No,No,No,No,Yes,1,2019-12-01,91
7703-ZEKEF,2017-11-01,2019-10-01 00:00:00,Month-to-month,Yes,Electronic_check,81.0,1917.1,Male,0,No,No,Fiber_optic,No,No,Yes,No,No,No,Yes,1,2019-10-01,699
0723-DRCLG,2019-11-01,2019-12-01 00:00:00,Month-to-month,Yes,Electronic_check,74.45,74.45,Female,1,Yes,No,Fiber_optic,No,No,No,No,No,No,Yes,1,2019-12-01,30
5482-NUPNA,2019-06-01,2019-10-01 00:00:00,Month-to-month,Yes,Mailed_check,60.4,272.15,Female,0,No,No,DSL,Yes,Yes,No,Yes,No,No,No,1,2019-10-01,122
6691-CCIHA,2014-12-01,No,Two_year,Yes,Electronic_check,84.95,5150.55,Female,0,Yes,No,DSL,Yes,Yes,No,Yes,Yes,Yes,Yes,0,2020-02-01,1888
1685-BQULA,2016-10-01,No,Month-to-month,Yes,Bank_transfer_(automatic),93.4,3756.4,Female,0,No,No,Fiber_optic,No,Yes,Yes,No,Yes,No,Yes,0,2020-02-01,1218
9053-EJUNL,2016-09-01,No,Month-to-month,Yes,Electronic_check,89.2,3645.75,Male,0,No,No,Fiber_optic,No,Yes,No,No,Yes,No,Yes,0,2020-02-01,1248
0666-UXTJO,2017-04-01,No,Month-to-month,Yes,Credit_card_(automatic),85.2,2874.45,Male,1,Yes,No,Fiber_optic,No,No,Yes,No,Yes,No,No,0,2020-02-01,1036
1471-GIQKQ,2020-01-01,No,Month-to-month,No,Electronic_check,49.95,49.95,Female,0,No,No,DSL,No,Yes,No,No,No,No,No,0,2020-02-01,31
4807-IZYOZ,2015-11-01,No,Two_year,No,Bank_transfer_(automatic),20.65,1020.75,Female,0,No,No,No,No,No,No,No,No,No,No,0,2020-02-01,1553
1122-JWTJW,2019-10-01,2019-11-01 00:00:00,Month-to-month,Yes,Mailed_check,70.65,70.65,Male,0,Yes,Yes,Fiber_optic,No,No,No,No,No,No,No,1,2019-11-01,31
9710-NJERN,2016-11-01,No,Two_year,No,Mailed_check,20.15,826.0,Female,0,No,No,No,No,No,No,No,No,No,No,0,2020-02-01,1187
9837-FWLCH,2019-02-01,No,Month-to-month,Yes,Electronic_check,19.2,239.0,Male,0,Yes,Yes,No,No,No,No,No,No,No,No,0,2020-02-01,365
1699-HPSBG,2018-11-01,2019-11-01 00:00:00,One_year,Yes,Electronic_check,59.8,727.8,Male,0,No,No,DSL,No,No,No,Yes,Yes,No,No,1,2019-11-01,365
7203-OYKCT,2014-02-01,No,One_year,Yes,Electronic_check,104.95,7544.3,Male,0,No,No,Fiber_optic,No,Yes,Yes,No,Yes,Yes,Yes,0,2020-02-01,2191
1035-IPQPU,2014-11-01,No,Month-to-month,Yes,Electronic_check,103.5,6479.4,Female,1,Yes,No,Fiber_optic,No,Yes,Yes,No,Yes,Yes,Yes,0,2020-02-01,1918
7398-LXGYX,2016-06-01,No,Month-to-month,Yes,Credit_card_(automatic),84.8,3626.35,Male,0,Yes,No,Fiber_optic,Yes,No,Yes,No,No,No,Yes,0,2020-02-01,1340
2823-LKABH,2018-08-01,No,Month-to-month,Yes,Bank_transfer_(automatic),95.05,1679.4,Female,0,No,No,Fiber_optic,No,No,Yes,Yes,No,Yes,Yes,0,2020-02-01,549
8775-CEBBJ,2019-02-01,2019-11-01 00:00:00,Month-to-month,Yes,Bank_transfer_(automatic),44.2,403.35,Female,0,No,No,DSL,No,No,No,No,No,No,No,1,2019-11-01,273
0550-DCXLH,2019-01-01,No,Month-to-month,No,Mailed_check,73.35,931.55,Male,0,No,No,DSL,No,Yes,No,Yes,Yes,Yes,No,0,2020-02-01,396
9281-CEDRU,2014-06-01,No,Two_year,No,Bank_transfer_(automatic),64.1,4326.25,Female,0,Yes,No,DSL,No,Yes,No,Yes,Yes,No,No,0,2020-02-01,2071
2235-DWLJU,2019-08-01,No,Month-to-month,Yes,Electronic_check,44.4,263.05,Female,1,No,No,DSL,No,No,No,No,Yes,Yes,No,0,2020-02-01,184
0871-OPBXW,2019-12-01,No,Month-to-month,Yes,Mailed_check,20.05,39.25,Female,0,No,No,No,No,No,No,No,No,No,No,0,2020-02-01,62
3605-JISKB,2015-07-01,No,One_year,No,Credit_card_(automatic),60.0,3316.1,Male,1,Yes,No,DSL,Yes,Yes,No,No,No,No,Yes,0,2020-02-01,1676
6894-LFHLY,2019-10-01,2019-11-01 00:00:00,Month-to-month,Yes,Electronic_check,75.75,75.75,Male,1,No,No,Fiber_optic,No,No,No,No,No,No,Yes,1,2019-11-01,31
9767-FFLEM,2016-12-01,No,Month-to-month,Yes,Credit_card_(automatic),69.5,2625.25,Male,0,No,No,Fiber_optic,No,No,No,No,No,No,No,0,2020-02-01,1157
0639-TSIQW,2014-03-01,2019-10-01 00:00:00,Month-to-month,Yes,Credit_card_(automatic),102.95,6886.25,Female,0,No,No,Fiber_optic,Yes,Yes,Yes,No,Yes,No,Yes,1,2019-10-01,2040
8456-QDAVC,2018-07-01,No,Month-to-month,Yes,Bank_transfer_(automatic),78.7,1495.1,Male,0,No,No,Fiber_optic,No,No,No,No,Yes,No,No,0,2020-02-01,580
7750-EYXWZ,2019-02-01,No,One_year,No,Electronic_check,60.65,743.3,Female,0,No,No,DSL,No,Yes,Yes,Yes,Yes,Yes,No,0,2020-02-01,365
2569-WGERO,2014-02-01,No,Two_year,Yes,Bank_transfer_(automatic),21.15,1419.4,Female,0,No,No,No,No,No,No,No,No,No,No,0,2020-02-01,2191
6840-RESVB,2018-02-01,No,One_year,Yes,Mailed_check,84.8,1990.5,Male,0,Yes,Yes,DSL,Yes,No,Yes,Yes,Yes,Yes,Yes,0,2020-02-01,730
2234-XADUH,2014-02-01,No,One_year,Yes,Credit_card_(automatic),103.2,7362.9,Female,0,Yes,Yes,Fiber_optic,No,Yes,Yes,No,Yes,Yes,Yes,0,2020-02-01,2191
4801-JZAZL,2019-03-01,No,Month-to-month,Yes,Electronic_check,29.6,346.45,Female,0,Yes,Yes,DSL,Yes,No,No,No,No,No,No,0,2020-02-01,337
8361-LTMKD,2019-07-01,2019-11-01 00:00:00,Month-to-month,Yes,Mailed_check,74.4,306.6,Male,1,Yes,No,Fiber_optic,No,No,No,No,No,No,Yes,1,2019-11-01,123
3186-AJIEK,2014-08-01,No,Two_year,Yes,Bank_transfer_(automatic),105.65,6844.5,Male,0,No,No,Fiber_optic,Yes,No,Yes,Yes,Yes,Yes,No,0,2020-02-01,2010